{
	"credit": "Made with EnumXyZB",
	"texture_size": [32, 32],
	"textures": {
		"0": "./mask",
		"1": "./mata",
		"particle": "./mask"
	},
	"elements": [
		{
			"from": [1, 0, 1],
			"to": [15, 15, 3],
			"rotation": {"angle": 0, "axis": "z", "origin": [-1, 0, -3]},
			"faces": {
				"north": {"uv": [0, 0, 5, 6.5], "texture": "#0"},
				"east": {"uv": [0, 6.5, 1, 13], "texture": "#0"},
				"south": {"uv": [5, 0, 10, 6.5], "texture": "#0"},
				"west": {"uv": [1, 6.5, 2, 13], "texture": "#0"},
				"up": {"uv": [7, 7.5, 2, 6.5], "texture": "#0"},
				"down": {"uv": [12, 6.5, 7, 7.5], "texture": "#0"}
			}
		},
		{
			"from": [1, 0, 3],
			"to": [4, 4, 3],
			"rotation": {"angle": 0, "axis": "y", "origin": [-1, 0, -3]},
			"faces": {
				"north": {"uv": [0, 0, 1.5, 2], "texture": "#1"},
				"east": {"uv": [0, 0, 0, 2], "texture": "#1"},
				"south": {"uv": [0, 0, 1.5, 2], "texture": "#1"},
				"west": {"uv": [0, 0, 0, 2], "texture": "#1"},
				"up": {"uv": [0, 0, 1.5, 0], "texture": "#1"},
				"down": {"uv": [0, 0, 1.5, 0], "texture": "#1"}
			}
		},
		{
			"from": [7, 7, 0],
			"to": [9, 15, 0],
			"rotation": {"angle": 0, "axis": "y", "origin": [-1, 0, -3]},
			"faces": {
				"north": {"uv": [0, 0, 16, 16], "rotation": 270, "texture": "#1", "tintindex": 0},
				"east": {"uv": [0, 0, 16, 16], "texture": "#1", "tintindex": 0},
				"south": {"uv": [0, 0, 2, 3], "texture": "#1", "tintindex": 0},
				"west": {"uv": [0, 0, 0, 3], "texture": "#1", "tintindex": 0},
				"up": {"uv": [0, 0, 2, 0], "texture": "#1", "tintindex": 0},
				"down": {"uv": [0, 0, 2, 0], "texture": "#1", "tintindex": 0}
			}
		},
		{
			"from": [7, -1, 0],
			"to": [10, 3, 0],
			"rotation": {"angle": 22.5, "axis": "z", "origin": [-1, 0, -3]},
			"faces": {
				"north": {"uv": [0, 0, 16, 16], "rotation": 270, "texture": "#1", "tintindex": 0},
				"east": {"uv": [0, 0, 16, 16], "texture": "#1", "tintindex": 0},
				"south": {"uv": [0, 0, 2, 3], "texture": "#1", "tintindex": 0},
				"west": {"uv": [0, 0, 0, 3], "texture": "#1", "tintindex": 0},
				"up": {"uv": [0, 0, 2, 0], "texture": "#1", "tintindex": 0},
				"down": {"uv": [0, 0, 2, 0], "texture": "#1", "tintindex": 0}
			}
		},
		{
			"from": [3, 16, 0],
			"to": [9, 19, 0],
			"rotation": {"angle": -22.5, "axis": "z", "origin": [-1, 0, -3]},
			"faces": {
				"north": {"uv": [0, 0, 16, 16], "texture": "#1", "tintindex": 0},
				"east": {"uv": [0, 0, 2, 0], "rotation": 270, "texture": "#1", "tintindex": 0},
				"south": {"uv": [0, 0, 2, 3], "rotation": 270, "texture": "#1", "tintindex": 0},
				"west": {"uv": [0, 0, 2, 0], "rotation": 270, "texture": "#1", "tintindex": 0},
				"up": {"uv": [0, 0, 16, 16], "rotation": 270, "texture": "#1", "tintindex": 0},
				"down": {"uv": [0, 0, 0, 3], "rotation": 270, "texture": "#1", "tintindex": 0}
			}
		},
		{
			"from": [-3, 10, 0],
			"to": [3, 13, 0],
			"rotation": {"angle": -22.5, "axis": "z", "origin": [-1, 0, -3]},
			"faces": {
				"north": {"uv": [0, 0, 16, 16], "texture": "#1", "tintindex": 0},
				"east": {"uv": [0, 0, 2, 0], "rotation": 270, "texture": "#1", "tintindex": 0},
				"south": {"uv": [0, 0, 2, 3], "rotation": 270, "texture": "#1", "tintindex": 0},
				"west": {"uv": [0, 0, 2, 0], "rotation": 270, "texture": "#1", "tintindex": 0},
				"up": {"uv": [0, 0, 16, 16], "rotation": 270, "texture": "#1", "tintindex": 0},
				"down": {"uv": [0, 0, 0, 3], "rotation": 270, "texture": "#1", "tintindex": 0}
			}
		},
		{
			"from": [-3, 7, 0],
			"to": [3, 10, 0],
			"rotation": {"angle": -22.5, "axis": "z", "origin": [-1, 0, -3]},
			"faces": {
				"north": {"uv": [0, 0, 16, 16], "texture": "#1", "tintindex": 0},
				"east": {"uv": [0, 0, 2, 0], "rotation": 270, "texture": "#1", "tintindex": 0},
				"south": {"uv": [0, 0, 2, 3], "rotation": 270, "texture": "#1", "tintindex": 0},
				"west": {"uv": [0, 0, 2, 0], "rotation": 270, "texture": "#1", "tintindex": 0},
				"up": {"uv": [0, 0, 16, 16], "rotation": 270, "texture": "#1", "tintindex": 0},
				"down": {"uv": [0, 0, 0, 3], "rotation": 270, "texture": "#1", "tintindex": 0}
			}
		},
		{
			"from": [1, 1, 0],
			"to": [7, 4, 0],
			"rotation": {"angle": 0, "axis": "z", "origin": [-1, 0, -3]},
			"faces": {
				"north": {"uv": [0, 0, 16, 16], "texture": "#1", "tintindex": 0},
				"east": {"uv": [0, 0, 2, 0], "rotation": 270, "texture": "#1", "tintindex": 0},
				"south": {"uv": [0, 0, 2, 3], "rotation": 270, "texture": "#1", "tintindex": 0},
				"west": {"uv": [0, 0, 2, 0], "rotation": 270, "texture": "#1", "tintindex": 0},
				"up": {"uv": [0, 0, 16, 16], "rotation": 270, "texture": "#1", "tintindex": 0},
				"down": {"uv": [0, 0, 0, 3], "rotation": 270, "texture": "#1", "tintindex": 0}
			}
		},
		{
			"from": [4, 13, 0],
			"to": [9, 17, 0],
			"rotation": {"angle": -22.5, "axis": "z", "origin": [-1, 0, -3]},
			"faces": {
				"north": {"uv": [0, 0, 16, 16], "texture": "#1", "tintindex": 0},
				"east": {"uv": [0, 0, 2, 0], "rotation": 270, "texture": "#1", "tintindex": 0},
				"south": {"uv": [0, 0, 2, 3], "rotation": 270, "texture": "#1", "tintindex": 0},
				"west": {"uv": [0, 0, 2, 0], "rotation": 270, "texture": "#1", "tintindex": 0},
				"up": {"uv": [0, 0, 16, 16], "rotation": 270, "texture": "#1", "tintindex": 0},
				"down": {"uv": [0, 0, 0, 3], "rotation": 270, "texture": "#1", "tintindex": 0}
			}
		},
		{
			"from": [5, 8, 0],
			"to": [10, 12, 0],
			"rotation": {"angle": -22.5, "axis": "z", "origin": [-1, 0, -3]},
			"faces": {
				"north": {"uv": [0, 0, 16, 16], "texture": "#1", "tintindex": 0},
				"east": {"uv": [0, 0, 2, 0], "rotation": 270, "texture": "#1", "tintindex": 0},
				"south": {"uv": [0, 0, 2, 3], "rotation": 270, "texture": "#1", "tintindex": 0},
				"west": {"uv": [0, 0, 2, 0], "rotation": 270, "texture": "#1", "tintindex": 0},
				"up": {"uv": [0, 0, 16, 16], "rotation": 270, "texture": "#1", "tintindex": 0},
				"down": {"uv": [0, 0, 0, 3], "rotation": 270, "texture": "#1", "tintindex": 0}
			}
		},
		{
			"from": [7, 0, 0],
			"to": [12, 4, 0],
			"rotation": {"angle": 0, "axis": "z", "origin": [-1, 0, -3]},
			"faces": {
				"north": {"uv": [0, 0, 16, 16], "texture": "#1", "tintindex": 0},
				"east": {"uv": [0, 0, 2, 0], "rotation": 270, "texture": "#1", "tintindex": 0},
				"south": {"uv": [0, 0, 2, 3], "rotation": 270, "texture": "#1", "tintindex": 0},
				"west": {"uv": [0, 0, 2, 0], "rotation": 270, "texture": "#1", "tintindex": 0},
				"up": {"uv": [0, 0, 16, 16], "rotation": 270, "texture": "#1", "tintindex": 0},
				"down": {"uv": [0, 0, 0, 3], "rotation": 270, "texture": "#1", "tintindex": 0}
			}
		},
		{
			"from": [12, -7, 0],
			"to": [16, -2, 0],
			"rotation": {"angle": 45, "axis": "z", "origin": [-1, 0, -3]},
			"faces": {
				"north": {"uv": [0, 0, 16, 16], "rotation": 270, "texture": "#1", "tintindex": 0},
				"east": {"uv": [0, 0, 16, 16], "texture": "#1", "tintindex": 0},
				"south": {"uv": [0, 0, 2, 3], "texture": "#1", "tintindex": 0},
				"west": {"uv": [0, 0, 0, 3], "texture": "#1", "tintindex": 0},
				"up": {"uv": [0, 0, 2, 0], "texture": "#1", "tintindex": 0},
				"down": {"uv": [0, 0, 2, 0], "texture": "#1", "tintindex": 0}
			}
		},
		{
			"from": [-2, 3, 0],
			"to": [2, 8, 0],
			"rotation": {"angle": -22.5, "axis": "z", "origin": [-1, 0, -3]},
			"faces": {
				"north": {"uv": [0, 0, 16, 16], "rotation": 270, "texture": "#1", "tintindex": 0},
				"east": {"uv": [0, 0, 16, 16], "texture": "#1", "tintindex": 0},
				"south": {"uv": [0, 0, 2, 3], "texture": "#1", "tintindex": 0},
				"west": {"uv": [0, 0, 0, 3], "texture": "#1", "tintindex": 0},
				"up": {"uv": [0, 0, 2, 0], "texture": "#1", "tintindex": 0},
				"down": {"uv": [0, 0, 2, 0], "texture": "#1", "tintindex": 0}
			}
		},
		{
			"from": [9, -11, 0],
			"to": [13, -6, 0],
			"rotation": {"angle": 45, "axis": "z", "origin": [-1, 0, -3]},
			"faces": {
				"north": {"uv": [0, 0, 16, 16], "rotation": 270, "texture": "#1", "tintindex": 0},
				"east": {"uv": [0, 0, 16, 16], "texture": "#1", "tintindex": 0},
				"south": {"uv": [0, 0, 2, 3], "texture": "#1", "tintindex": 0},
				"west": {"uv": [0, 0, 0, 3], "texture": "#1", "tintindex": 0},
				"up": {"uv": [0, 0, 2, 0], "texture": "#1", "tintindex": 0},
				"down": {"uv": [0, 0, 2, 0], "texture": "#1", "tintindex": 0}
			}
		},
		{
			"from": [5, 8, 0],
			"to": [11, 11, 0],
			"rotation": {"angle": 22.5, "axis": "z", "origin": [-1, 0, -3]},
			"faces": {
				"north": {"uv": [0, 0, 16, 16], "rotation": 180, "texture": "#1", "tintindex": 0},
				"east": {"uv": [0, 0, 2, 0], "rotation": 90, "texture": "#1", "tintindex": 0},
				"south": {"uv": [0, 0, 2, 3], "rotation": 90, "texture": "#1", "tintindex": 0},
				"west": {"uv": [0, 0, 2, 0], "rotation": 90, "texture": "#1", "tintindex": 0},
				"up": {"uv": [0, 0, 0, 3], "rotation": 90, "texture": "#1", "tintindex": 0},
				"down": {"uv": [0, 0, 16, 16], "rotation": 90, "texture": "#1", "tintindex": 0}
			}
		}
	],
	"display": {
		"thirdperson_righthand": {
			"rotation": [67, 0, 0],
			"translation": [0, -2.25, 0],
			"scale": [0.82813, 0.87695, 1]
		},
		"thirdperson_lefthand": {
			"rotation": [67, 0, 0],
			"translation": [0, -2.25, 0],
			"scale": [0.82813, 0.87695, 1]
		},
		"firstperson_righthand": {
			"rotation": [122, 180, 95],
			"translation": [-27, 3.25, 0]
		},
		"firstperson_lefthand": {
			"rotation": [122, 180, 95],
			"translation": [-27, 3.25, 0]
		},
		"ground": {
			"rotation": [87.75, 4.07, 113.26],
			"translation": [0, -6.25, 0]
		},
		"gui": {
			"rotation": [-180, 0.5, -180],
			"translation": [0.75, 2.5, 0]
		},
		"head": {
			"translation": [0, 0, -1.25]
		},
		"fixed": {
			"translation": [-1.75, 0, 1.75],
			"scale": [1.42773, 1.25781, 1]
		}
	},
	"groups": [
		{
			"name": "group",
			"origin": [8, 8, 8],
			"color": 0,
			"children": [0, 1, 2, 3, 4, 5, 6, 7, 8, 9, 10, 11, 12, 13, 14]
		}
	]
}