{
	"credit": "Enum",
	"texture_size": [32, 32],
	"textures": {
		"0": "./texture",
		"1": "./kuping",
		"particle": "./texture"
	},
	"elements": [
		{
			"from": [3, 0, 3],
			"to": [14, 9, 4],
			"faces": {
				"north": {"uv": [2.75, 0, 5.5, 2.25], "texture": "#0"},
				"east": {"uv": [7.75, 0.75, 8, 3], "texture": "#0"},
				"south": {"uv": [2.75, 2.25, 5.5, 4.5], "texture": "#0"},
				"west": {"uv": [7.75, 3, 8, 5.25], "texture": "#0"},
				"up": {"uv": [10.25, 7, 7.5, 6.75], "texture": "#0"},
				"down": {"uv": [10.25, 7, 7.5, 7.25], "texture": "#0"}
			}
		},
		{
			"from": [3, 0, 13],
			"to": [14, 9, 14],
			"faces": {
				"north": {"uv": [2.75, 4.5, 5.5, 6.75], "texture": "#0"},
				"east": {"uv": [5, 7.75, 5.25, 10], "texture": "#0"},
				"south": {"uv": [0, 5.5, 2.75, 7.75], "texture": "#0"},
				"west": {"uv": [5.25, 7.75, 5.5, 10], "texture": "#0"},
				"up": {"uv": [10.25, 7.5, 7.5, 7.25], "texture": "#0"},
				"down": {"uv": [10.25, 7.5, 7.5, 7.75], "texture": "#0"}
			}
		},
		{
			"from": [3, 0, 4],
			"to": [4, 9, 13],
			"faces": {
				"north": {"uv": [5.5, 7.75, 5.75, 10], "texture": "#0"},
				"east": {"uv": [5.5, 0, 7.75, 2.25], "texture": "#0"},
				"south": {"uv": [5.75, 7.75, 6, 10], "texture": "#0"},
				"west": {"uv": [5.5, 2.25, 7.75, 4.5], "texture": "#0"},
				"up": {"uv": [6.25, 10, 6, 7.75], "texture": "#0"},
				"down": {"uv": [6.5, 7.75, 6.25, 10], "texture": "#0"}
			}
		},
		{
			"from": [13, 0, 4],
			"to": [14, 9, 13],
			"faces": {
				"north": {"uv": [6.5, 7.75, 6.75, 10], "texture": "#0"},
				"east": {"uv": [5.5, 4.5, 7.75, 6.75], "texture": "#0"},
				"south": {"uv": [6.75, 7.75, 7, 10], "texture": "#0"},
				"west": {"uv": [2.75, 6.75, 5, 9], "texture": "#0"},
				"up": {"uv": [7.25, 10, 7, 7.75], "texture": "#0"},
				"down": {"uv": [7.5, 7.75, 7.25, 10], "texture": "#0"}
			}
		},
		{
			"from": [3, 9, 3],
			"to": [14, 10, 14],
			"faces": {
				"north": {"uv": [0, 7.75, 2.75, 8], "texture": "#0"},
				"east": {"uv": [7.75, 0, 10.5, 0.25], "texture": "#0"},
				"south": {"uv": [7.75, 0.25, 10.5, 0.5], "texture": "#0"},
				"west": {"uv": [7.75, 0.5, 10.5, 0.75], "texture": "#0"},
				"up": {"uv": [2.75, 2.75, 0, 0], "texture": "#0"},
				"down": {"uv": [2.75, 2.75, 0, 5.5], "texture": "#0"}
			}
		},
		{
			"from": [6, 0, 2],
			"to": [11, 4, 3],
			"faces": {
				"north": {"uv": [5, 6.75, 6.25, 7.75], "texture": "#0"},
				"east": {"uv": [7.75, 5.75, 8, 6.75], "texture": "#0"},
				"south": {"uv": [6.25, 6.75, 7.5, 7.75], "texture": "#0"},
				"west": {"uv": [7.5, 7.75, 7.75, 8.75], "texture": "#0"},
				"up": {"uv": [9, 5.5, 7.75, 5.25], "texture": "#0"},
				"down": {"uv": [9, 5.5, 7.75, 5.75], "texture": "#0"}
			}
		},
		{
			"from": [11, 10, 6],
			"to": [14, 11, 11],
			"faces": {
				"north": {"uv": [2, 7.5, 3.5, 8.5], "texture": "#1"},
				"east": {"uv": [3.5, 5, 6, 6], "texture": "#1"},
				"south": {"uv": [7.5, 7, 9, 8], "texture": "#1"},
				"west": {"uv": [3.5, 6, 6, 7], "texture": "#1"},
				"up": {"uv": [3.5, 7.5, 2, 5], "texture": "#1"},
				"down": {"uv": [6.5, 2.5, 5, 5], "texture": "#1"}
			}
		},
		{
			"from": [3, 10, 6],
			"to": [7, 11, 11],
			"faces": {
				"north": {"uv": [7.5, 2.5, 9.5, 3.5], "texture": "#1"},
				"east": {"uv": [6, 5, 8.5, 6], "texture": "#1"},
				"south": {"uv": [7.5, 3.5, 9.5, 4.5], "texture": "#1"},
				"west": {"uv": [6, 6, 8.5, 7], "texture": "#1"},
				"up": {"uv": [2, 7.5, 0, 5], "texture": "#1"},
				"down": {"uv": [7, 0, 5, 2.5], "texture": "#1"}
			}
		},
		{
			"from": [14, 7, 6],
			"to": [15, 11, 11],
			"faces": {
				"north": {"uv": [6.5, 2.5, 7.5, 5], "texture": "#1"},
				"east": {"uv": [0, 0, 2.5, 2.5], "texture": "#1"},
				"south": {"uv": [7, 0, 8, 2.5], "texture": "#1"},
				"west": {"uv": [0, 2.5, 2.5, 5], "texture": "#1"},
				"up": {"uv": [4.5, 9.5, 3.5, 7], "texture": "#1"},
				"down": {"uv": [5.5, 7, 4.5, 9.5], "texture": "#1"}
			}
		},
		{
			"from": [2, 7, 6],
			"to": [3, 11, 11],
			"faces": {
				"north": {"uv": [5.5, 7, 6.5, 9.5], "texture": "#1"},
				"east": {"uv": [2.5, 0, 5, 2.5], "texture": "#1"},
				"south": {"uv": [6.5, 7, 7.5, 9.5], "texture": "#1"},
				"west": {"uv": [2.5, 2.5, 5, 5], "texture": "#1"},
				"up": {"uv": [1, 10, 0, 7.5], "texture": "#1"},
				"down": {"uv": [2, 7.5, 1, 10], "texture": "#1"}
			}
		}
	],
	"display": {
		"thirdperson_righthand": {
			"translation": [-0.25, 2.5, 1.25],
			"scale": [0.48242, 0.42969, 0.36914]
		},
		"thirdperson_lefthand": {
			"translation": [0, 2.5, 1.5],
			"scale": [0.48438, 0.44141, 0.42383]
		},
		"firstperson_righthand": {
			"rotation": [0, 100, 0],
			"translation": [0, 7.5, 0]
		},
		"firstperson_lefthand": {
			"rotation": [0, 106, 0],
			"translation": [0, 8, 0]
		},
		"ground": {
			"translation": [0, 8.5, 0]
		},
		"gui": {
			"rotation": [-180, 9, -180],
			"translation": [0, 2.75, 0]
		},
		"head": {
			"translation": [-0.5, 4.75, -0.75],
			"scale": [1.36523, 1.38086, 1.42969]
		},
		"fixed": {
			"translation": [0, 2.5, 0]
		}
	},
	"groups": [
		{
			"name": "group",
			"origin": [8, 8, 8],
			"color": 0,
			"children": [0, 1, 2, 3, 4, 5]
		},
		{
			"name": "group",
			"origin": [0, 0, 0],
			"color": 0,
			"children": [6, 7, 8, 9]
		}
	]
}