{
	"credit": "Made with Blockbench",
	"texture_size": [32, 32],
	"textures": {
		"0": "./goathorn",
		"particle": "./goathorn"
	},
	"elements": [
		{
			"from": [0, 2, 6],
			"to": [4, 8, 16],
			"rotation": {"angle": -22.5, "axis": "x", "origin": [0, 0, 0]},
			"faces": {
				"north": {"uv": [0, 6, 2, 9], "texture": "#0"},
				"east": {"uv": [5, 3, 0, 6], "texture": "#0"},
				"south": {"uv": [0, 6, 2, 9], "texture": "#0"},
				"west": {"uv": [0, 3, 5, 6], "texture": "#0"},
				"up": {"uv": [7, 5, 5, 0], "texture": "#0"},
				"down": {"uv": [7, 0, 5, 5], "texture": "#0"}
			}
		},
		{
			"from": [0.2, 8.8, 12],
			"to": [3.7, 12.8, 16],
			"faces": {
				"north": {"uv": [0, 9, 1.75, 11.25], "texture": "#0"},
				"east": {"uv": [9, 2.5, 7, 4.5], "texture": "#0"},
				"south": {"uv": [9, 0.25, 10.75, 2.25], "texture": "#0"},
				"west": {"uv": [7, 2.5, 9, 4.5], "texture": "#0"},
				"up": {"uv": [3.75, 11, 2, 9], "texture": "#0"},
				"down": {"uv": [10.75, 2.5, 9, 4.5], "texture": "#0"}
			}
		},
		{
			"from": [0.25, 15.03087, 10.67529],
			"to": [3.65, 19.03087, 14.67529],
			"rotation": {"angle": 22.5, "axis": "x", "origin": [-0.05, 2.53087, -2.32471]},
			"faces": {
				"north": {"uv": [9, 4.5, 10.75, 6.5], "texture": "#0"},
				"east": {"uv": [9, 7, 7, 9], "texture": "#0"},
				"south": {"uv": [9, 6.5, 10.75, 8.5], "texture": "#0"},
				"west": {"uv": [7, 7, 9, 9], "texture": "#0"},
				"up": {"uv": [8.75, 11, 7, 9], "texture": "#0"},
				"down": {"uv": [10.75, 8.5, 9, 10.5], "texture": "#0"}
			}
		},
		{
			"from": [0.25, 9.56103, 12.06466],
			"to": [3.75, 13.56103, 14.06466],
			"rotation": {"angle": 22.5, "axis": "x", "origin": [0.25, 0.26103, 1.06466]},
			"faces": {
				"north": {"uv": [4, 10, 5.75, 12], "texture": "#0"},
				"east": {"uv": [5, 8, 4, 10], "texture": "#0"},
				"south": {"uv": [9, 10.5, 10.75, 12.5], "texture": "#0"},
				"west": {"uv": [4, 8, 5, 10], "texture": "#0"},
				"up": {"uv": [10.75, 11.5, 9, 10.5], "texture": "#0"},
				"down": {"uv": [12.75, 5, 11, 6], "texture": "#0"}
			}
		},
		{
			"from": [0.25, 9.42339, 10.15663],
			"to": [3.75, 11.42339, 12.15663],
			"rotation": {"angle": 22.5, "axis": "x", "origin": [-0.25, 0.42339, 1.45663]},
			"faces": {
				"north": {"uv": [13, 3, 11, 4], "texture": "#0"},
				"east": {"uv": [13, 3, 11, 4], "texture": "#0"},
				"south": {"uv": [13, 3, 11, 4], "texture": "#0"},
				"west": {"uv": [13, 3, 11, 4], "texture": "#0"},
				"up": {"uv": [13, 3, 11, 4], "texture": "#0"},
				"down": {"uv": [13, 3, 11, 4], "texture": "#0"}
			}
		},
		{
			"from": [12, 2, 6],
			"to": [16, 8, 16],
			"rotation": {"angle": -22.5, "axis": "x", "origin": [12, 0, 0]},
			"faces": {
				"north": {"uv": [0, 6, 2, 9], "texture": "#0"},
				"east": {"uv": [5, 3, 0, 6], "texture": "#0"},
				"south": {"uv": [0, 6, 2, 9], "texture": "#0"},
				"west": {"uv": [0, 3, 5, 6], "texture": "#0"},
				"up": {"uv": [5, 5, 7, 0], "texture": "#0"},
				"down": {"uv": [5, 0, 7, 5], "texture": "#0"}
			}
		},
		{
			"from": [12.2, 8.8, 12],
			"to": [15.7, 12.8, 16],
			"rotation": {"angle": 0, "axis": "y", "origin": [12, 0, 0]},
			"faces": {
				"north": {"uv": [0, 9, 1.75, 11.25], "texture": "#0"},
				"east": {"uv": [9, 2.5, 7, 4.5], "texture": "#0"},
				"south": {"uv": [9, 0.25, 10.75, 2.25], "texture": "#0"},
				"west": {"uv": [7, 2.5, 9, 4.5], "texture": "#0"},
				"up": {"uv": [2, 11, 3.75, 9], "texture": "#0"},
				"down": {"uv": [10.75, 2.5, 9, 4.5], "texture": "#0"}
			}
		},
		{
			"from": [12.25, 15.03087, 10.67529],
			"to": [15.65, 19.03087, 14.67529],
			"rotation": {"angle": 22.5, "axis": "x", "origin": [11.95, 2.53087, -2.32471]},
			"faces": {
				"north": {"uv": [9, 4.5, 10.75, 6.5], "texture": "#0"},
				"east": {"uv": [9, 7, 7, 9], "texture": "#0"},
				"south": {"uv": [9, 6.5, 10.75, 8.5], "texture": "#0"},
				"west": {"uv": [9, 7, 7, 9], "texture": "#0"},
				"up": {"uv": [8.75, 11, 7, 9], "texture": "#0"},
				"down": {"uv": [10.75, 8.5, 9, 10.5], "texture": "#0"}
			}
		},
		{
			"from": [12.25, 9.56103, 12.06466],
			"to": [15.75, 13.56103, 14.06466],
			"rotation": {"angle": 22.5, "axis": "x", "origin": [12.25, 0.26103, 1.06466]},
			"faces": {
				"north": {"uv": [4, 10, 5.75, 12], "texture": "#0"},
				"east": {"uv": [5, 8, 4, 10], "texture": "#0"},
				"south": {"uv": [9, 10.5, 10.75, 12.5], "texture": "#0"},
				"west": {"uv": [4, 8, 5, 10], "texture": "#0"},
				"up": {"uv": [10.75, 11.5, 9, 10.5], "texture": "#0"},
				"down": {"uv": [12.75, 5, 11, 6], "texture": "#0"}
			}
		},
		{
			"from": [12.25, 9.42339, 10.15663],
			"to": [15.75, 11.42339, 12.15663],
			"rotation": {"angle": 22.5, "axis": "x", "origin": [11.75, 0.42339, 1.45663]},
			"faces": {
				"north": {"uv": [13, 3, 11, 4], "texture": "#0"},
				"east": {"uv": [13, 3, 11, 4], "texture": "#0"},
				"south": {"uv": [13, 3, 11, 4], "texture": "#0"},
				"west": {"uv": [13, 3, 11, 4], "texture": "#0"},
				"up": {"uv": [13, 3, 11, 4], "texture": "#0"},
				"down": {"uv": [13, 3, 11, 4], "texture": "#0"}
			}
		}
	],
	"display": {
		"thirdperson_righthand": {
			"scale": [0.5, 0.5, 0.5]
		},
		"thirdperson_lefthand": {
			"scale": [0.5, 0.5, 0.5]
		},
		"firstperson_righthand": {
			"translation": [-2, 3.75, 0],
			"scale": [0.5, 0.5, 0.5]
		},
		"firstperson_lefthand": {
			"translation": [-2, 3.75, 0],
			"scale": [0.5, 0.5, 0.5]
		},
		"ground": {
			"translation": [0, 0, -1],
			"scale": [0.8, 0.8, 0.8]
		},
		"gui": {
			"rotation": [-154.82, 47.29, 179.22],
			"translation": [-1, -1, 0],
			"scale": [0.65, 0.55, 0.55]
		},
		"head": {
			"rotation": [-8.88, -0.95, 0.49],
			"translation": [0, 6.5, -0.5]
		},
		"fixed": {
			"translation": [0, 0, -10.75]
		}
	},
	"groups": [
		{
			"name": "group",
			"origin": [-0.3, 0.12339, 0.45663],
			"color": 0,
			"children": [0, 1, 2, 3, 4]
		},
		{
			"name": "group",
			"origin": [-0.3, 0.12339, 0.45663],
			"color": 0,
			"children": [5, 6, 7, 8, 9]
		}
	]
}