{
	"credit": "Made with Blockbench",
	"textures": {
		"0": "./v1",
		"1": "./blade",
		"2": "./mamon_face",
		"particle": "./v1"
	},
	"elements": [
		{
			"from": [8.05, 14.3, -15.20367],
			"to": [8.05, 32, 10.29633],
			"rotation": {"angle": 0, "axis": "y", "origin": [8, 9.23192, 8]},
			"faces": {
				"north": {"uv": [0, 0, 0, 4], "texture": "#1"},
				"east": {"uv": [12.03125, 3.96875, 6.03125, 7.96875], "texture": "#1"},
				"south": {"uv": [0, 0, 0, 4], "texture": "#1"},
				"west": {"uv": [6, 4, 12, 8], "texture": "#1"},
				"up": {"uv": [0, 6, 0, 0], "texture": "#1"},
				"down": {"uv": [0, 0, 0, 6], "texture": "#1"}
			}
		},
		{
			"from": [8.05, 21.5764, 6.33776],
			"to": [8.05, 30.5764, 18.33776],
			"rotation": {"angle": 22.5, "axis": "x", "origin": [8, 9.23192, 8]},
			"faces": {
				"north": {"uv": [0, 0, 0, 4], "texture": "#1"},
				"east": {"uv": [6, 4, 0, 8], "texture": "#1"},
				"south": {"uv": [0, 0, 0, 4], "texture": "#1"},
				"west": {"uv": [0, 4, 6, 8], "texture": "#1"},
				"up": {"uv": [0, 6, 0, 0], "texture": "#1"},
				"down": {"uv": [0, 0, 0, 6], "texture": "#1"}
			}
		},
		{
			"from": [7.501, 15.501, 9.64733],
			"to": [8.599, 17.699, 10.94533],
			"rotation": {"angle": 0, "axis": "y", "origin": [8, 9.23192, 8]},
			"faces": {
				"north": {"uv": [4.75, 10.75, 5, 11.25], "texture": "#0"},
				"east": {"uv": [7, 11.75, 7.375, 12.25], "texture": "#0"},
				"south": {"uv": [11, 11.75, 11.25, 12.25], "texture": "#0"},
				"west": {"uv": [11.75, 8.25, 12.125, 8.75], "texture": "#0"},
				"up": {"uv": [5.5, 12.875, 5.25, 12.5], "texture": "#0"},
				"down": {"uv": [12.75, 5.25, 12.5, 5.625], "texture": "#0"}
			}
		},
		{
			"from": [7.3, 22.90955, -5.13724],
			"to": [8.8, 24.90955, -3.13724],
			"rotation": {"angle": 45, "axis": "x", "origin": [8, 9.23192, 8]},
			"faces": {
				"north": {"uv": [4, 10.75, 4.625, 11.25], "texture": "#0"},
				"east": {"uv": [7, 11.25, 7.5, 11.75], "texture": "#0"},
				"south": {"uv": [7, 10.75, 7.625, 11.25], "texture": "#0"},
				"west": {"uv": [11.25, 8.25, 11.75, 8.75], "texture": "#0"},
				"up": {"uv": [8.375, 11.5, 7.75, 11], "texture": "#0"},
				"down": {"uv": [9.125, 11, 8.5, 11.5], "texture": "#0"}
			}
		},
		{
			"from": [7.3, 18.62878, 13.74726],
			"to": [8.8, 21.32878, 15.04726],
			"rotation": {"angle": -22.5, "axis": "x", "origin": [8, 9.23192, 8]},
			"faces": {
				"north": {"uv": [11.5, 9.25, 11.875, 9.875], "texture": "#0"},
				"east": {"uv": [11.5, 10, 11.875, 10.625], "texture": "#0"},
				"south": {"uv": [11.25, 11.5, 11.625, 12.125], "texture": "#0"},
				"west": {"uv": [1.5, 11.75, 1.875, 12.375], "texture": "#0"},
				"up": {"uv": [12.375, 6.875, 12, 6.5], "texture": "#0"},
				"down": {"uv": [12.375, 7, 12, 7.375], "texture": "#0"}
			}
		},
		{
			"from": [7.3, 17.6, 9.64633],
			"to": [8.8, 20.7, 10.94633],
			"rotation": {"angle": 0, "axis": "y", "origin": [8, 9.23192, 8]},
			"faces": {
				"north": {"uv": [9.25, 11, 9.625, 11.75], "texture": "#0"},
				"east": {"uv": [11, 9.5, 11.375, 10.25], "texture": "#0"},
				"south": {"uv": [9.75, 11, 10.125, 11.75], "texture": "#0"},
				"west": {"uv": [10.25, 11, 10.625, 11.75], "texture": "#0"},
				"up": {"uv": [7.875, 12.375, 7.5, 12], "texture": "#0"},
				"down": {"uv": [12.375, 7.5, 12, 7.875], "texture": "#0"}
			}
		},
		{
			"from": [7.3, 11.60363, 6.17192],
			"to": [8.8, 18.20363, 7.47192],
			"rotation": {"angle": 22.5, "axis": "x", "origin": [8, 9.23192, 8]},
			"faces": {
				"north": {"uv": [11, 10.25, 11.375, 11], "texture": "#0"},
				"east": {"uv": [10.75, 11, 11.125, 11.75], "texture": "#0"},
				"south": {"uv": [4, 11.25, 4.375, 12], "texture": "#0"},
				"west": {"uv": [4.5, 11.25, 4.875, 12], "texture": "#0"},
				"up": {"uv": [8.375, 12.375, 8, 12], "texture": "#0"},
				"down": {"uv": [8.875, 12, 8.5, 12.375], "texture": "#0"}
			}
		},
		{
			"from": [7.3, 8.2595, 6.11688],
			"to": [8.8, 11.8595, 7.41688],
			"rotation": {"angle": 22.5, "axis": "x", "origin": [8, 9.23192, 8]},
			"faces": {
				"north": {"uv": [2, 11.75, 2.375, 12.375], "texture": "#0"},
				"east": {"uv": [2.5, 11.75, 2.875, 12.375], "texture": "#0"},
				"south": {"uv": [3, 11.75, 3.375, 12.375], "texture": "#0"},
				"west": {"uv": [3.5, 11.75, 3.875, 12.375], "texture": "#0"},
				"up": {"uv": [12.375, 9.625, 12, 9.25], "texture": "#0"},
				"down": {"uv": [12.375, 9.75, 12, 10.125], "texture": "#0"}
			}
		},
		{
			"from": [7.3, -0.2, 5.97133],
			"to": [8.8, 8.8, 7.27133],
			"rotation": {"angle": 0, "axis": "y", "origin": [8, 9.23192, 8]},
			"faces": {
				"north": {"uv": [0, 8, 0.375, 10.75], "texture": "#0"},
				"east": {"uv": [0.5, 8, 0.875, 10.75], "texture": "#0"},
				"south": {"uv": [1, 8, 1.375, 10.75], "texture": "#0"},
				"west": {"uv": [1.5, 8, 1.875, 10.75], "texture": "#0"},
				"up": {"uv": [12.375, 10.625, 12, 10.25], "texture": "#0"},
				"down": {"uv": [7.375, 12.25, 7, 12.625], "texture": "#0"}
			}
		},
		{
			"from": [7.301, 0.38787, 2.54977],
			"to": [8.799, 1.48587, 3.84777],
			"rotation": {"angle": -22.5, "axis": "x", "origin": [8, 9.23192, 8]},
			"faces": {
				"north": {"uv": [5.5, 12.5, 5.875, 12.75], "texture": "#0"},
				"east": {"uv": [12.5, 5.75, 12.875, 6], "texture": "#0"},
				"south": {"uv": [6, 12.5, 6.375, 12.75], "texture": "#0"},
				"west": {"uv": [12.5, 6, 12.875, 6.25], "texture": "#0"},
				"up": {"uv": [12.625, 8.625, 12.25, 8.25], "texture": "#0"},
				"down": {"uv": [12.625, 8.75, 12.25, 9.125], "texture": "#0"}
			}
		},
		{
			"from": [7.2, 0.08687, 2.34877],
			"to": [8.9, 0.58687, 4.14877],
			"rotation": {"angle": -22.5, "axis": "x", "origin": [8, 9.23192, 8]},
			"faces": {
				"north": {"uv": [12.25, 12.75, 12.625, 12.875], "texture": "#0"},
				"east": {"uv": [12.75, 7.75, 13.25, 7.875], "texture": "#0"},
				"south": {"uv": [12.75, 12.25, 13.125, 12.375], "texture": "#0"},
				"west": {"uv": [12.75, 8, 13.25, 8.125], "texture": "#0"},
				"up": {"uv": [12.125, 9.25, 11.75, 8.75], "texture": "#0"},
				"down": {"uv": [9.375, 11.75, 9, 12.25], "texture": "#0"}
			}
		},
		{
			"from": [7.3, -6.75, 6.47133],
			"to": [8.8, -0.75, 7.77133],
			"rotation": {"angle": 0, "axis": "y", "origin": [8, 9.23192, 8]},
			"faces": {
				"north": {"uv": [5, 9, 5.375, 10.5], "texture": "#0"},
				"east": {"uv": [5.5, 9, 5.875, 10.5], "texture": "#0"},
				"south": {"uv": [6, 9, 6.375, 10.5], "texture": "#0"},
				"west": {"uv": [6.5, 9, 6.875, 10.5], "texture": "#0"},
				"up": {"uv": [9.375, 12.625, 9, 12.25], "texture": "#0"},
				"down": {"uv": [9.875, 12.25, 9.5, 12.625], "texture": "#0"}
			}
		},
		{
			"from": [7.3, -9.31266, 12.51368],
			"to": [8.8, -5.61266, 13.81368],
			"rotation": {"angle": 22.5, "axis": "x", "origin": [8, 9.23192, 8]},
			"faces": {
				"north": {"uv": [2, 10.75, 2.375, 11.625], "texture": "#0"},
				"east": {"uv": [2.5, 10.75, 2.875, 11.625], "texture": "#0"},
				"south": {"uv": [3, 10.75, 3.375, 11.625], "texture": "#0"},
				"west": {"uv": [3.5, 10.75, 3.875, 11.625], "texture": "#0"},
				"up": {"uv": [10.375, 12.625, 10, 12.25], "texture": "#0"},
				"down": {"uv": [10.875, 12.25, 10.5, 12.625], "texture": "#0"}
			}
		},
		{
			"from": [7.2, -5.91266, 12.21368],
			"to": [8.9, -5.41266, 14.01368],
			"rotation": {"angle": 22.5, "axis": "x", "origin": [8, 9.23192, 8]},
			"faces": {
				"north": {"uv": [12.75, 12.5, 13.125, 12.625], "texture": "#0"},
				"east": {"uv": [12.75, 8.25, 13.25, 8.375], "texture": "#0"},
				"south": {"uv": [12.75, 12.75, 13.125, 12.875], "texture": "#0"},
				"west": {"uv": [12.75, 8.5, 13.25, 8.625], "texture": "#0"},
				"up": {"uv": [9.875, 12.25, 9.5, 11.75], "texture": "#0"},
				"down": {"uv": [10.375, 11.75, 10, 12.25], "texture": "#0"}
			}
		},
		{
			"from": [7.2, -8.71266, 12.21368],
			"to": [8.9, -8.21266, 14.01368],
			"rotation": {"angle": 22.5, "axis": "x", "origin": [8, 9.23192, 8]},
			"faces": {
				"north": {"uv": [0, 13, 0.375, 13.125], "texture": "#0"},
				"east": {"uv": [12.75, 8.75, 13.25, 8.875], "texture": "#0"},
				"south": {"uv": [13, 0, 13.375, 0.125], "texture": "#0"},
				"west": {"uv": [9, 12.75, 9.5, 12.875], "texture": "#0"},
				"up": {"uv": [10.875, 12.25, 10.5, 11.75], "texture": "#0"},
				"down": {"uv": [12.125, 10.75, 11.75, 11.25], "texture": "#0"}
			}
		},
		{
			"from": [7.2, -10.61266, 12.21368],
			"to": [8.9, -9.11266, 14.01368],
			"rotation": {"angle": 22.5, "axis": "x", "origin": [8, 9.23192, 8]},
			"faces": {
				"north": {"uv": [12.25, 10.75, 12.625, 11.125], "texture": "#0"},
				"east": {"uv": [11.75, 11.25, 12.25, 11.625], "texture": "#0"},
				"south": {"uv": [11, 12.25, 11.375, 12.625], "texture": "#0"},
				"west": {"uv": [11.75, 11.75, 12.25, 12.125], "texture": "#0"},
				"up": {"uv": [0.375, 12.5, 0, 12], "texture": "#0"},
				"down": {"uv": [12.375, 0, 12, 0.5], "texture": "#0"}
			}
		},
		{
			"from": [7.1, 17.7, 9.34633],
			"to": [9, 18.3, 11.24633],
			"rotation": {"angle": 0, "axis": "y", "origin": [8, 9.23192, 8]},
			"faces": {
				"north": {"uv": [12.75, 9, 13.25, 9.125], "texture": "#0"},
				"east": {"uv": [12.75, 9.25, 13.25, 9.375], "texture": "#0"},
				"south": {"uv": [9.5, 12.75, 10, 12.875], "texture": "#0"},
				"west": {"uv": [12.75, 9.5, 13.25, 9.625], "texture": "#0"},
				"up": {"uv": [11.75, 9.25, 11.25, 8.75], "texture": "#0"},
				"down": {"uv": [11.75, 11, 11.25, 11.5], "texture": "#0"}
			}
		},
		{
			"from": [7.1, 11.60363, 5.87192],
			"to": [9, 12.20363, 7.87192],
			"rotation": {"angle": 22.5, "axis": "x", "origin": [8, 9.23192, 8]},
			"faces": {
				"north": {"uv": [12.75, 9.75, 13.25, 9.875], "texture": "#0"},
				"east": {"uv": [10, 12.75, 10.5, 12.875], "texture": "#0"},
				"south": {"uv": [12.75, 10, 13.25, 10.125], "texture": "#0"},
				"west": {"uv": [12.75, 10.25, 13.25, 10.375], "texture": "#0"},
				"up": {"uv": [0.5, 12, 0, 11.5], "texture": "#0"},
				"down": {"uv": [1, 11.5, 0.5, 12], "texture": "#0"}
			}
		},
		{
			"from": [7.1, 8.7, 5.67133],
			"to": [9, 9.3, 7.67133],
			"rotation": {"angle": 0, "axis": "y", "origin": [8, 9.23192, 8]},
			"faces": {
				"north": {"uv": [10.5, 12.75, 11, 12.875], "texture": "#0"},
				"east": {"uv": [12.75, 10.5, 13.25, 10.625], "texture": "#0"},
				"south": {"uv": [12.75, 10.75, 13.25, 10.875], "texture": "#0"},
				"west": {"uv": [11, 12.75, 11.5, 12.875], "texture": "#0"},
				"up": {"uv": [1.5, 12, 1, 11.5], "texture": "#0"},
				"down": {"uv": [5.5, 11.5, 5, 12], "texture": "#0"}
			}
		},
		{
			"from": [7.1, 18.52878, 13.44726],
			"to": [9, 19.12878, 15.34726],
			"rotation": {"angle": -22.5, "axis": "x", "origin": [8, 9.23192, 8]},
			"faces": {
				"north": {"uv": [12.75, 11, 13.25, 11.125], "texture": "#0"},
				"east": {"uv": [12.75, 11.25, 13.25, 11.375], "texture": "#0"},
				"south": {"uv": [11.5, 12.75, 12, 12.875], "texture": "#0"},
				"west": {"uv": [12.75, 11.5, 13.25, 11.625], "texture": "#0"},
				"up": {"uv": [6, 12, 5.5, 11.5], "texture": "#0"},
				"down": {"uv": [6.5, 11.5, 6, 12], "texture": "#0"}
			}
		},
		{
			"from": [7.5, 17.72878, 14.44726],
			"to": [8.6, 19.42878, 15.14726],
			"rotation": {"angle": -22.5, "axis": "x", "origin": [8, 9.23192, 8]},
			"faces": {
				"north": {"uv": [12.5, 6.25, 12.75, 6.625], "texture": "#0"},
				"east": {"uv": [13, 0.25, 13.125, 0.625], "texture": "#0"},
				"south": {"uv": [6.5, 12.5, 6.75, 12.875], "texture": "#0"},
				"west": {"uv": [0.5, 13, 0.625, 13.375], "texture": "#0"},
				"up": {"uv": [13.25, 2.375, 13, 2.25], "texture": "#0"},
				"down": {"uv": [13.25, 2.5, 13, 2.625], "texture": "#0"}
			}
		},
		{
			"from": [7.5, -1.33536, 3.31404],
			"to": [8.6, 0.36464, 4.01404],
			"rotation": {"angle": -22.5, "axis": "x", "origin": [8, 9.23192, 8]},
			"faces": {
				"north": {"uv": [6.75, 12.5, 7, 12.875], "texture": "#0"},
				"east": {"uv": [0.75, 13, 0.875, 13.375], "texture": "#0"},
				"south": {"uv": [12.5, 6.75, 12.75, 7.125], "texture": "#0"},
				"west": {"uv": [13, 0.75, 13.125, 1.125], "texture": "#0"},
				"up": {"uv": [13.25, 2.875, 13, 2.75], "texture": "#0"},
				"down": {"uv": [3.25, 13, 3, 13.125], "texture": "#0"}
			}
		},
		{
			"from": [7.5, -2.60595, 2.66348],
			"to": [8.6, -0.90595, 3.36348],
			"rotation": {"angle": -22.5, "axis": "x", "origin": [8, 9.23192, 8]},
			"faces": {
				"north": {"uv": [12.5, 7.25, 12.75, 7.625], "texture": "#0"},
				"east": {"uv": [1, 13, 1.125, 13.375], "texture": "#0"},
				"south": {"uv": [7.5, 12.5, 7.75, 12.875], "texture": "#0"},
				"west": {"uv": [1.25, 13, 1.375, 13.375], "texture": "#0"},
				"up": {"uv": [13.25, 3.125, 13, 3], "texture": "#0"},
				"down": {"uv": [3.5, 13, 3.25, 13.125], "texture": "#0"}
			}
		},
		{
			"from": [7.5, -3.97655, 2.21292],
			"to": [8.6, -2.27655, 2.91292],
			"rotation": {"angle": -22.5, "axis": "x", "origin": [8, 9.23192, 8]},
			"faces": {
				"north": {"uv": [7.75, 12.5, 8, 12.875], "texture": "#0"},
				"east": {"uv": [13, 1.25, 13.125, 1.625], "texture": "#0"},
				"south": {"uv": [12.5, 7.75, 12.75, 8.125], "texture": "#0"},
				"west": {"uv": [1.5, 13, 1.625, 13.375], "texture": "#0"},
				"up": {"uv": [13.25, 3.375, 13, 3.25], "texture": "#0"},
				"down": {"uv": [3.75, 13, 3.5, 13.125], "texture": "#0"}
			}
		},
		{
			"from": [7.5, -5.45475, 1.60063],
			"to": [8.6, -3.75475, 2.30063],
			"rotation": {"angle": -22.5, "axis": "x", "origin": [8, 9.23192, 8]},
			"faces": {
				"north": {"uv": [8, 12.5, 8.25, 12.875], "texture": "#0"},
				"east": {"uv": [1.75, 13, 1.875, 13.375], "texture": "#0"},
				"south": {"uv": [8.25, 12.5, 8.5, 12.875], "texture": "#0"},
				"west": {"uv": [13, 1.75, 13.125, 2.125], "texture": "#0"},
				"up": {"uv": [4, 13.125, 3.75, 13], "texture": "#0"},
				"down": {"uv": [4.25, 13, 4, 13.125], "texture": "#0"}
			}
		},
		{
			"from": [7.5, 16.44275, 13.47428],
			"to": [8.6, 17.94275, 14.67428],
			"rotation": {"angle": -22.5, "axis": "x", "origin": [8, 9.23192, 8]},
			"faces": {
				"north": {"uv": [8.5, 12.5, 8.75, 12.875], "texture": "#0"},
				"east": {"uv": [8.75, 12.5, 9, 12.875], "texture": "#0"},
				"south": {"uv": [12.5, 9.25, 12.75, 9.625], "texture": "#0"},
				"west": {"uv": [12.5, 9.75, 12.75, 10.125], "texture": "#0"},
				"up": {"uv": [8, 11, 7.75, 10.75], "texture": "#0"},
				"down": {"uv": [6.5, 11.25, 6.25, 11.5], "texture": "#0"}
			}
		},
		{
			"from": [7.35, 9.87309, 2.03935],
			"to": [8.75, 9.87309, 3.83935],
			"rotation": {"angle": -22.5, "axis": "x", "origin": [8, 9.23192, 8]},
			"faces": {
				"north": {"uv": [0, 0, 0.5, 0], "texture": "#0"},
				"east": {"uv": [0, 0, 0.5, 0], "texture": "#0"},
				"south": {"uv": [0, 0, 0.5, 0], "texture": "#0"},
				"west": {"uv": [0, 0, 0.5, 0], "texture": "#0"},
				"up": {"uv": [7, 12, 6.5, 11.5], "texture": "#0"},
				"down": {"uv": [8, 11.5, 7.5, 12], "texture": "#0"}
			}
		},
		{
			"from": [7.35, 9.95632, 4.25373],
			"to": [8.75, 9.95632, 6.05373],
			"rotation": {"angle": -22.5, "axis": "x", "origin": [8, 9.23192, 8]},
			"faces": {
				"north": {"uv": [0, 0, 0.5, 0], "texture": "#0"},
				"east": {"uv": [0, 0, 0.5, 0], "texture": "#0"},
				"south": {"uv": [0, 0, 0.5, 0], "texture": "#0"},
				"west": {"uv": [0, 0, 0.5, 0], "texture": "#0"},
				"up": {"uv": [8.5, 12, 8, 11.5], "texture": "#0"},
				"down": {"uv": [9, 11.5, 8.5, 12], "texture": "#0"}
			}
		},
		{
			"from": [8.1, 9.16498, 3.21567],
			"to": [8.1, 10.46498, 5.01567],
			"rotation": {"angle": -22.5, "axis": "x", "origin": [8, 9.23192, 8]},
			"faces": {
				"north": {"uv": [0, 0, 0, 0.375], "texture": "#0"},
				"east": {"uv": [0.5, 12, 1, 12.375], "texture": "#0"},
				"south": {"uv": [0, 0, 0, 0.375], "texture": "#0"},
				"west": {"uv": [12, 0.5, 12.5, 0.875], "texture": "#0"},
				"up": {"uv": [0, 0.5, 0, 0], "texture": "#0"},
				"down": {"uv": [0, 0, 0, 0.5], "texture": "#0"}
			}
		},
		{
			"from": [8.1, 7, 1.27133],
			"to": [8.1, 8.3, 3.07133],
			"rotation": {"angle": 0, "axis": "y", "origin": [8, 9.23192, 8]},
			"faces": {
				"north": {"uv": [0, 0, 0, 0.375], "texture": "#0"},
				"east": {"uv": [1, 12, 1.5, 12.375], "texture": "#0"},
				"south": {"uv": [0, 0, 0, 0.375], "texture": "#0"},
				"west": {"uv": [12, 1, 12.5, 1.375], "texture": "#0"},
				"up": {"uv": [0, 0.5, 0, 0], "texture": "#0"},
				"down": {"uv": [0, 0, 0, 0.5], "texture": "#0"}
			}
		},
		{
			"from": [8.05, 27.8, 9.04633],
			"to": [8.05, 31.8, 10.54633],
			"rotation": {"angle": 0, "axis": "y", "origin": [8, 9.23192, 8]},
			"faces": {
				"north": {"uv": [0, 0, 0, 1], "texture": "#0"},
				"east": {"uv": [6.5, 10.5, 6.875, 11.5], "texture": "#0"},
				"south": {"uv": [0, 0, 0, 1], "texture": "#0"},
				"west": {"uv": [1.5, 10.75, 1.875, 11.75], "texture": "#0"},
				"up": {"uv": [0, 0.375, 0, 0], "texture": "#0"},
				"down": {"uv": [0, 0, 0, 0.375], "texture": "#0"}
			}
		},
		{
			"from": [6.65, 23, 8.29633],
			"to": [9.65, 26.3, 11.29633],
			"rotation": {"angle": 0, "axis": "y", "origin": [8, 9.23192, 8]},
			"faces": {
				"north": {"uv": [0, 0, 3, 3.8125], "texture": "#2"},
				"east": {"uv": [3, 0, 6, 3.8125], "texture": "#2"},
				"south": {"uv": [0, 4, 3, 7.8125], "texture": "#2"},
				"west": {"uv": [3, 4, 6, 7.8125], "texture": "#2"},
				"up": {"uv": [3, 11, 0, 8], "texture": "#2"},
				"down": {"uv": [11, 0, 8, 3], "texture": "#2"}
			}
		},
		{
			"from": [7.15, 22.4, 7.54633],
			"to": [9.15, 23.4, 12.04633],
			"rotation": {"angle": 0, "axis": "y", "origin": [8, 9.23192, 8]},
			"faces": {
				"north": {"uv": [3, 8, 5, 9], "texture": "#2"},
				"east": {"uv": [8, 3, 12.5, 4], "texture": "#2"},
				"south": {"uv": [8, 5, 10, 6], "texture": "#2"},
				"west": {"uv": [8, 4, 12.5, 5], "texture": "#2"},
				"up": {"uv": [8, 4.5, 6, 0], "texture": "#2"},
				"down": {"uv": [8, 5, 6, 9.5], "texture": "#2"}
			}
		},
		{
			"from": [7.5, 21.8185, 17.27024],
			"to": [8.2, 22.3185, 18.27024],
			"rotation": {"angle": -22.5, "axis": "x", "origin": [8, 9.23192, 8]},
			"faces": {
				"north": {"uv": [8.75, 13, 8.875, 13.125], "texture": "#0"},
				"east": {"uv": [13, 6.75, 13.25, 6.875], "texture": "#0"},
				"south": {"uv": [9, 13, 9.125, 13.125], "texture": "#0"},
				"west": {"uv": [13, 7, 13.25, 7.125], "texture": "#0"},
				"up": {"uv": [7.375, 13.25, 7.25, 13], "texture": "#0"},
				"down": {"uv": [7.625, 13, 7.5, 13.25], "texture": "#0"}
			}
		},
		{
			"from": [6.8, 20.76852, 16.31864],
			"to": [9.3, 23.76852, 20.31864],
			"rotation": {"angle": -22.5, "axis": "x", "origin": [8, 9.23192, 8]},
			"faces": {
				"north": {"uv": [8.75, 10.25, 9.375, 11], "texture": "#0"},
				"east": {"uv": [7, 8.75, 8, 9.5], "texture": "#0"},
				"south": {"uv": [9.5, 10.25, 10.125, 11], "texture": "#0"},
				"west": {"uv": [8, 8.75, 9, 9.5], "texture": "#0"},
				"up": {"uv": [4.125, 10, 3.5, 9], "texture": "#0"},
				"down": {"uv": [4.875, 9, 4.25, 10], "texture": "#0"}
			}
		},
		{
			"from": [7.3, 24.49238, 1.17073],
			"to": [8.8, 25.49238, 3.17073],
			"rotation": {"angle": 45, "axis": "x", "origin": [8, 9.23192, 8]},
			"faces": {
				"north": {"uv": [12.75, 3.5, 13.125, 3.75], "texture": "#0"},
				"east": {"uv": [12.5, 2.25, 13, 2.5], "texture": "#0"},
				"south": {"uv": [12.75, 3.75, 13.125, 4], "texture": "#0"},
				"west": {"uv": [2.5, 12.5, 3, 12.75], "texture": "#0"},
				"up": {"uv": [12.375, 2, 12, 1.5], "texture": "#0"},
				"down": {"uv": [12.375, 2, 12, 2.5], "texture": "#0"}
			}
		},
		{
			"from": [7.55, 22.68214, 14.72788],
			"to": [8.55, 24.68214, 16.22788],
			"rotation": {"angle": 0, "axis": "y", "origin": [8, 9.23192, 8]},
			"faces": {
				"north": {"uv": [12.5, 2.5, 12.75, 3], "texture": "#0"},
				"east": {"uv": [12, 2.5, 12.375, 3], "texture": "#0"},
				"south": {"uv": [3, 12.5, 3.25, 13], "texture": "#0"},
				"west": {"uv": [12, 3, 12.375, 3.5], "texture": "#0"},
				"up": {"uv": [4.5, 13.125, 4.25, 12.75], "texture": "#0"},
				"down": {"uv": [13, 4.25, 12.75, 4.625], "texture": "#0"}
			}
		},
		{
			"from": [7.3, 21.35, 14.97788],
			"to": [8.8, 23.35, 15.97788],
			"rotation": {"angle": 0, "axis": "y", "origin": [8, 9.23192, 8]},
			"faces": {
				"north": {"uv": [12, 3.5, 12.375, 4], "texture": "#0"},
				"east": {"uv": [12.5, 3, 12.75, 3.5], "texture": "#0"},
				"south": {"uv": [4, 12, 4.375, 12.5], "texture": "#0"},
				"west": {"uv": [3.25, 12.5, 3.5, 13], "texture": "#0"},
				"up": {"uv": [13.125, 5, 12.75, 4.75], "texture": "#0"},
				"down": {"uv": [13.125, 5, 12.75, 5.25], "texture": "#0"}
			}
		},
		{
			"from": [7.3, 18.85, 14.97788],
			"to": [8.8, 20.85, 15.97788],
			"rotation": {"angle": 0, "axis": "y", "origin": [8, 9.23192, 8]},
			"faces": {
				"north": {"uv": [12, 3.5, 12.375, 4], "texture": "#0"},
				"east": {"uv": [12.5, 3, 12.75, 3.5], "texture": "#0"},
				"south": {"uv": [4, 12, 4.375, 12.5], "texture": "#0"},
				"west": {"uv": [3.25, 12.5, 3.5, 13], "texture": "#0"},
				"up": {"uv": [13.125, 5, 12.75, 4.75], "texture": "#0"},
				"down": {"uv": [13.125, 5, 12.75, 5.25], "texture": "#0"}
			}
		},
		{
			"from": [7.3, 21.95199, 15.36966],
			"to": [8.8, 22.95199, 17.36966],
			"rotation": {"angle": -45, "axis": "x", "origin": [8, 9.23192, 8]},
			"faces": {
				"north": {"uv": [13.125, 3.75, 12.75, 4], "texture": "#0"},
				"east": {"uv": [13, 2.25, 12.5, 2.5], "texture": "#0"},
				"south": {"uv": [13.125, 3.5, 12.75, 3.75], "texture": "#0"},
				"west": {"uv": [3, 12.5, 2.5, 12.75], "texture": "#0"},
				"up": {"uv": [12.375, 1.5, 12, 2], "texture": "#0"},
				"down": {"uv": [12.375, 2.5, 12, 2], "texture": "#0"}
			}
		},
		{
			"from": [7.55, 22.68214, 3.36478],
			"to": [8.55, 24.68214, 4.86478],
			"rotation": {"angle": 0, "axis": "y", "origin": [8, 9.23192, 8]},
			"faces": {
				"north": {"uv": [3.25, 12.5, 3, 13], "texture": "#0"},
				"east": {"uv": [12.375, 2.5, 12, 3], "texture": "#0"},
				"south": {"uv": [12.75, 2.5, 12.5, 3], "texture": "#0"},
				"west": {"uv": [12.375, 3, 12, 3.5], "texture": "#0"},
				"up": {"uv": [4.5, 12.75, 4.25, 13.125], "texture": "#0"},
				"down": {"uv": [13, 4.625, 12.75, 4.25], "texture": "#0"}
			}
		},
		{
			"from": [7.3, 21.35, 3.61478],
			"to": [8.8, 23.35, 4.61478],
			"rotation": {"angle": 0, "axis": "y", "origin": [8, 9.23192, 8]},
			"faces": {
				"north": {"uv": [4.375, 12, 4, 12.5], "texture": "#0"},
				"east": {"uv": [12.75, 3, 12.5, 3.5], "texture": "#0"},
				"south": {"uv": [12.375, 3.5, 12, 4], "texture": "#0"},
				"west": {"uv": [3.5, 12.5, 3.25, 13], "texture": "#0"},
				"up": {"uv": [13.125, 4.75, 12.75, 5], "texture": "#0"},
				"down": {"uv": [13.125, 5.25, 12.75, 5], "texture": "#0"}
			}
		},
		{
			"from": [7.55, 20.23214, 14.72788],
			"to": [8.55, 22.23214, 16.22788],
			"rotation": {"angle": 0, "axis": "y", "origin": [8, 9.23192, 8]},
			"faces": {
				"north": {"uv": [3.5, 12.5, 3.75, 13], "texture": "#0"},
				"east": {"uv": [12, 4, 12.375, 4.5], "texture": "#0"},
				"south": {"uv": [12.5, 3.5, 12.75, 4], "texture": "#0"},
				"west": {"uv": [4.5, 12, 4.875, 12.5], "texture": "#0"},
				"up": {"uv": [4.75, 13.125, 4.5, 12.75], "texture": "#0"},
				"down": {"uv": [13, 5.25, 12.75, 5.625], "texture": "#0"}
			}
		},
		{
			"from": [7.55, 17.73214, 14.72788],
			"to": [8.55, 19.73214, 16.22788],
			"rotation": {"angle": 0, "axis": "y", "origin": [8, 9.23192, 8]},
			"faces": {
				"north": {"uv": [3.5, 12.5, 3.75, 13], "texture": "#0"},
				"east": {"uv": [12, 4, 12.375, 4.5], "texture": "#0"},
				"south": {"uv": [12.5, 3.5, 12.75, 4], "texture": "#0"},
				"west": {"uv": [4.5, 12, 4.875, 12.5], "texture": "#0"},
				"up": {"uv": [4.75, 13.125, 4.5, 12.75], "texture": "#0"},
				"down": {"uv": [13, 5.25, 12.75, 5.625], "texture": "#0"}
			}
		},
		{
			"from": [6.74299, 24.68575, 12.42885],
			"to": [9.04299, 27.68575, 14.92885],
			"rotation": {"angle": 0.04146, "axis": "x", "origin": [8, 9.23192, 8]},
			"rotated": [0.04146, 1.37904, -0.02617],
			"faces": {
				"north": {"uv": [10.25, 9.5, 10.875, 10.25], "texture": "#0"},
				"east": {"uv": [10.25, 10.25, 10.875, 11], "texture": "#0"},
				"south": {"uv": [5, 10.5, 5.625, 11.25], "texture": "#0"},
				"west": {"uv": [5.75, 10.5, 6.375, 11.25], "texture": "#0"},
				"up": {"uv": [0.625, 11.375, 0, 10.75], "texture": "#0"},
				"down": {"uv": [1.375, 10.75, 0.75, 11.375], "texture": "#0"}
			}
		},
		{
			"from": [8.05, -12.71266, 11.21368],
			"to": [8.05, -9.11266, 15.01368],
			"rotation": {"angle": 22.5, "axis": "x", "origin": [8, 9.23192, 8]},
			"faces": {
				"north": {"uv": [0, 0, 0, 0.875], "texture": "#0"},
				"east": {"uv": [2, 8, 3, 8.875], "texture": "#0"},
				"south": {"uv": [0, 0, 0, 0.875], "texture": "#0"},
				"west": {"uv": [3, 8, 4, 8.875], "texture": "#0"},
				"up": {"uv": [0, 1, 0, 0], "texture": "#0"},
				"down": {"uv": [0, 0, 0, 1], "texture": "#0"}
			}
		},
		{
			"from": [6.82946, 24.68315, 4.66276],
			"to": [9.12946, 27.68315, 7.16276],
			"rotation": {"angle": -0.04146, "axis": "x", "origin": [8, 9.23192, 8]},
			"rotated": [-0.04146, -1.37904, -0.02617],
			"faces": {
				"north": {"uv": [5.625, 10.5, 5, 11.25], "texture": "#0"},
				"east": {"uv": [10.875, 10.25, 10.25, 11], "texture": "#0"},
				"south": {"uv": [10.875, 9.5, 10.25, 10.25], "texture": "#0"},
				"west": {"uv": [6.375, 10.5, 5.75, 11.25], "texture": "#0"},
				"up": {"uv": [0.625, 10.75, 0, 11.375], "texture": "#0"},
				"down": {"uv": [1.375, 11.375, 0.75, 10.75], "texture": "#0"}
			}
		},
		{
			"from": [6.8, 22.14337, -0.99946],
			"to": [9.3, 25.14337, 3.00054],
			"rotation": {"angle": 22.5, "axis": "x", "origin": [8, 9.23192, 8]},
			"faces": {
				"north": {"uv": [10.125, 10.25, 9.5, 11], "texture": "#0"},
				"east": {"uv": [8, 8.75, 7, 9.5], "texture": "#0"},
				"south": {"uv": [9.375, 10.25, 8.75, 11], "texture": "#0"},
				"west": {"uv": [9, 8.75, 8, 9.5], "texture": "#0"},
				"up": {"uv": [4.125, 9, 3.5, 10], "texture": "#0"},
				"down": {"uv": [4.875, 10, 4.25, 9], "texture": "#0"}
			}
		},
		{
			"from": [7.3, 17.43138, -2.35666],
			"to": [8.8, 18.93138, -0.85666],
			"rotation": {"angle": 45, "axis": "x", "origin": [8, 9.23192, 8]},
			"faces": {
				"north": {"uv": [12.625, 11.75, 12.25, 12.125], "texture": "#0"},
				"east": {"uv": [11.875, 12.25, 11.5, 12.625], "texture": "#0"},
				"south": {"uv": [12.625, 11.25, 12.25, 11.625], "texture": "#0"},
				"west": {"uv": [12.375, 12.25, 12, 12.625], "texture": "#0"},
				"up": {"uv": [0.375, 12.5, 0, 12.875], "texture": "#0"},
				"down": {"uv": [12.875, 0.375, 12.5, 0], "texture": "#0"}
			}
		},
		{
			"from": [7.55, 15.93138, -2.20666],
			"to": [8.55, 17.43138, -1.20666],
			"rotation": {"angle": 45, "axis": "x", "origin": [8, 9.23192, 8]},
			"faces": {
				"north": {"uv": [2.25, 12.75, 2, 13.125], "texture": "#0"},
				"east": {"uv": [12.75, 12.25, 12.5, 12.625], "texture": "#0"},
				"south": {"uv": [12.75, 10.25, 12.5, 10.625], "texture": "#0"},
				"west": {"uv": [2.5, 12.75, 2.25, 13.125], "texture": "#0"},
				"up": {"uv": [9.25, 11.5, 9, 11.75], "texture": "#0"},
				"down": {"uv": [11.75, 11, 11.5, 10.75], "texture": "#0"}
			}
		},
		{
			"from": [7.7, 19.48427, 11.21713],
			"to": [8.4, 19.98427, 12.21713],
			"rotation": {"angle": -22.5, "axis": "x", "origin": [8, 9.23192, 8]},
			"faces": {
				"north": {"uv": [8.125, 13, 8, 13.125], "texture": "#0"},
				"east": {"uv": [5.25, 13, 5, 13.125], "texture": "#0"},
				"south": {"uv": [7.875, 13, 7.75, 13.125], "texture": "#0"},
				"west": {"uv": [5.5, 13, 5.25, 13.125], "texture": "#0"},
				"up": {"uv": [13.125, 5.25, 13, 5.5], "texture": "#0"},
				"down": {"uv": [5.625, 13.25, 5.5, 13], "texture": "#0"}
			}
		},
		{
			"from": [7.65, 16.03073, -1.26441],
			"to": [8.45, 16.53073, -0.26441],
			"rotation": {"angle": 45, "axis": "x", "origin": [8, 9.23192, 8]},
			"faces": {
				"north": {"uv": [13.25, 4.5, 13, 4.625], "texture": "#0"},
				"east": {"uv": [13.25, 4.25, 13, 4.375], "texture": "#0"},
				"south": {"uv": [13.25, 4, 13, 4.125], "texture": "#0"},
				"west": {"uv": [5, 13, 4.75, 13.125], "texture": "#0"},
				"up": {"uv": [7.75, 11.25, 7.5, 11.5], "texture": "#0"},
				"down": {"uv": [11.5, 9.5, 11.25, 9.25], "texture": "#0"}
			}
		},
		{
			"from": [7.3, 14.89099, 19.39705],
			"to": [8.8, 16.39099, 20.89705],
			"rotation": {"angle": -45, "axis": "x", "origin": [8, 9.23192, 8]},
			"faces": {
				"north": {"uv": [12.25, 11.25, 12.625, 11.625], "texture": "#0"},
				"east": {"uv": [11.5, 12.25, 11.875, 12.625], "texture": "#0"},
				"south": {"uv": [12.25, 11.75, 12.625, 12.125], "texture": "#0"},
				"west": {"uv": [12, 12.25, 12.375, 12.625], "texture": "#0"},
				"up": {"uv": [0.375, 12.875, 0, 12.5], "texture": "#0"},
				"down": {"uv": [12.875, 0, 12.5, 0.375], "texture": "#0"}
			}
		},
		{
			"from": [7.55, 13.39099, 19.74705],
			"to": [8.55, 14.89099, 20.74705],
			"rotation": {"angle": -45, "axis": "x", "origin": [8, 9.23192, 8]},
			"faces": {
				"north": {"uv": [12.5, 10.25, 12.75, 10.625], "texture": "#0"},
				"east": {"uv": [12.5, 12.25, 12.75, 12.625], "texture": "#0"},
				"south": {"uv": [2, 12.75, 2.25, 13.125], "texture": "#0"},
				"west": {"uv": [2.25, 12.75, 2.5, 13.125], "texture": "#0"},
				"up": {"uv": [9.25, 11.75, 9, 11.5], "texture": "#0"},
				"down": {"uv": [11.75, 10.75, 11.5, 11], "texture": "#0"}
			}
		},
		{
			"from": [7.7, 20.85912, 7.10204],
			"to": [8.4, 21.35912, 8.10204],
			"rotation": {"angle": 22.5, "axis": "x", "origin": [8, 9.23192, 8]},
			"faces": {
				"north": {"uv": [7.75, 13, 7.875, 13.125], "texture": "#0"},
				"east": {"uv": [5, 13, 5.25, 13.125], "texture": "#0"},
				"south": {"uv": [8, 13, 8.125, 13.125], "texture": "#0"},
				"west": {"uv": [5.25, 13, 5.5, 13.125], "texture": "#0"},
				"up": {"uv": [13.125, 5.5, 13, 5.25], "texture": "#0"},
				"down": {"uv": [5.625, 13, 5.5, 13.25], "texture": "#0"}
			}
		},
		{
			"from": [7.65, 13.49034, 18.8048],
			"to": [8.45, 13.99034, 19.8048],
			"rotation": {"angle": -45, "axis": "x", "origin": [8, 9.23192, 8]},
			"faces": {
				"north": {"uv": [13, 4, 13.25, 4.125], "texture": "#0"},
				"east": {"uv": [13, 4.25, 13.25, 4.375], "texture": "#0"},
				"south": {"uv": [13, 4.5, 13.25, 4.625], "texture": "#0"},
				"west": {"uv": [4.75, 13, 5, 13.125], "texture": "#0"},
				"up": {"uv": [7.75, 11.5, 7.5, 11.25], "texture": "#0"},
				"down": {"uv": [11.5, 9.25, 11.25, 9.5], "texture": "#0"}
			}
		}
	],
	"display": {
		"thirdperson_righthand": {
			"rotation": [8.75, 0, 0],
			"translation": [-0.5, 12.25, 4.5],
			"scale": [0.87773, 1.2332, 1.28008]
		},
		"thirdperson_lefthand": {
			"rotation": [-24.88, 40.54, 93.84],
			"translation": [-7, -6.75, 12],
			"scale": [0.97148, 1.07696, 1.18242]
		},
		"firstperson_righthand": {
			"rotation": [-12.5, 0, 0],
			"translation": [8.25, 4, -7.75],
			"scale": [0.67148, 0.67148, 0.67148]
		},
		"firstperson_lefthand": {
			"rotation": [5, 0, 0],
			"translation": [-3.5, 6.5, 0],
			"scale": [0, 0, 0]
		},
		"ground": {
			"translation": [0, 40, 0.25],
			"scale": [1.39063, 1.39063, 1.39063]
		},
		"gui": {
			"rotation": [-90, -45, -90],
			"translation": [-2.5, -1, -1.5],
			"scale": [0.35351, 0.35351, 0.35351]
		},
		"head": {
			"translation": [0, 56.25, 42.25],
			"scale": [4, 4, 4]
		},
		"fixed": {
			"rotation": [-90, -90, 0],
			"translation": [-2, 1.5, -78],
			"scale": [2.77734, 2.77734, 2.77734]
		}
	},
	"groups": [
		{
			"name": "group",
			"origin": [0.2, 12.4, 16.4],
			"color": 0,
			"children": [0, 1]
		},
		{
			"name": "group",
			"origin": [8.5, -4.81499, 8],
			"color": 0,
			"children": [
				{
					"name": "group",
					"origin": [8.5, -4.81499, 8],
					"color": 0,
					"children": []
				}
			]
		},
		{
			"name": "group",
			"origin": [8.2, 16.93564, 4.78664],
			"color": 0,
			"children": [
				2,
				3,
				4,
				5,
				6,
				7,
				8,
				9,
				10,
				11,
				12,
				13,
				14,
				15,
				16,
				17,
				18,
				19,
				20,
				21,
				22,
				23,
				24,
				25,
				26,
				27,
				28,
				29,
				30,
				31,
				32,
				33,
				34,
				35,
				36,
				37,
				38,
				39,
				40,
				41,
				42,
				43,
				44,
				45,
				46,
				47,
				48,
				49,
				50,
				51,
				52,
				53,
				54,
				55
			]
		}
	]
}