{
	"credit": "EnumXyZB",
	"texture_size": [32, 32],
	"textures": {
		"0": "./texture",
		"particle": "./texture"
	},
	"elements": [
		{
			"from": [4, -0.1, -3.3],
			"to": [8, 2.9, 9.7],
			"rotation": {"angle": -22.5, "axis": "x", "origin": [0, 0, 0]},
			"faces": {
				"north": {"uv": [0, 8.5, 2, 10], "texture": "#0"},
				"east": {"uv": [4, 0, 10.5, 1.5], "texture": "#0"},
				"south": {"uv": [2, 8.5, 4, 10], "texture": "#0"},
				"west": {"uv": [4, 1.5, 10.5, 3], "texture": "#0"},
				"up": {"uv": [2, 6.5, 0, 0], "texture": "#0"},
				"down": {"uv": [4, 0, 2, 6.5], "texture": "#0"}
			}
		},
		{
			"from": [4, -4, 9],
			"to": [8, -0.5, 15],
			"rotation": {"angle": -45, "axis": "x", "origin": [0, 0, 0]},
			"faces": {
				"north": {"uv": [0, 6.5, 3, 8.5], "texture": "#0"},
				"east": {"uv": [7, 3, 10, 5], "texture": "#0"},
				"south": {"uv": [7, 5, 10, 7], "texture": "#0"},
				"west": {"uv": [7, 7, 10, 9], "texture": "#0"},
				"up": {"uv": [7, 6, 4, 3], "texture": "#0"},
				"down": {"uv": [7, 6, 4, 9], "texture": "#0"}
			}
		}
	],
	"display": {
		"thirdperson_righthand": {
			"translation": [2, 4.25, 4.25],
			"scale": [1.03711, 0.58984, 0.55273]
		},
		"thirdperson_lefthand": {
			"translation": [-2, 5.75, 6],
			"scale": [1, 1, 0.66797]
		},
		"firstperson_righthand": {
			"translation": [0, 3, 0]
		},
		"firstperson_lefthand": {
			"translation": [0, 1.25, 0]
		},
		"ground": {
			"translation": [0, 7.5, 5.75]
		},
		"gui": {
			"rotation": [0, 43.5, 0],
			"translation": [3.5, 4, 0]
		},
		"head": {
			"translation": [2.75, -15, 13.25],
			"scale": [1.17969, 1.08789, 1]
		},
		"fixed": {
			"rotation": [-180, 6.25, -180],
			"translation": [0, 2.75, -7.25]
		}
	},
	"groups": [
		{
			"name": "group",
			"origin": [8, 8, 8],
			"color": 0,
			"children": [0, 1]
		}
	]
}