{
	"credit": "EnumXyZB",
	"textures": {
		"0": "./kuping",
		"2": "./tanduk",
		"3": "./mata",
		"particle": "./kuping"
	},
	"elements": [
		{
			"from": [8, 3, 8],
			"to": [11, 7, 11],
			"rotation": {"angle": 45, "axis": "z", "origin": [0, -1, 0]},
			"faces": {
				"north": {"uv": [0, 0, 2.75, 5.5], "texture": "#2"},
				"east": {"uv": [2.75, 0, 5.5, 5.5], "texture": "#2"},
				"south": {"uv": [0, 5.5, 2.75, 11], "texture": "#2"},
				"west": {"uv": [5.5, 0, 8.25, 5.5], "texture": "#2"},
				"up": {"uv": [8.75, 9.5, 7.25, 8], "texture": "#2"},
				"down": {"uv": [10.25, 8, 8.75, 9.5], "texture": "#2"}
			}
		},
		{
			"from": [0, 14, 8],
			"to": [3, 18, 11],
			"rotation": {"angle": -45, "axis": "z", "origin": [0, -1, 0]},
			"faces": {
				"north": {"uv": [0, 0, 3, 5.5], "texture": "#2"},
				"east": {"uv": [3, 0, 6, 5.5], "texture": "#2"},
				"south": {"uv": [0, 5.5, 3, 11], "texture": "#2"},
				"west": {"uv": [6, 0, 9, 5.5], "texture": "#2"},
				"up": {"uv": [9, 11.5, 6.25, 8.75], "texture": "#2"},
				"down": {"uv": [11.75, 5.5, 9, 8.75], "texture": "#2"}
			}
		},
		{
			"from": [-6.3, 16.5, 9.6],
			"to": [-4.3, 17.5, 9.6],
			"rotation": {"angle": -22.5, "axis": "z", "origin": [0, -1, 0]},
			"faces": {
				"north": {"uv": [7, 3, 8, 3.5], "texture": "#2"},
				"east": {"uv": [0, 0, 0, 0.5], "texture": "#2"},
				"south": {"uv": [7, 3.5, 8, 4], "texture": "#2"},
				"west": {"uv": [0, 0, 0, 0.5], "texture": "#2"},
				"up": {"uv": [1, 0, 0, 0], "texture": "#2"},
				"down": {"uv": [1, 0, 0, 0], "texture": "#2"}
			}
		},
		{
			"from": [-5.5, 15.5, 9.6],
			"to": [-4.5, 16.5, 9.6],
			"rotation": {"angle": -22.5, "axis": "z", "origin": [0, -1, 0]},
			"faces": {
				"north": {"uv": [6, 4, 6.5, 4.5], "texture": "#2"},
				"east": {"uv": [0, 0, 0, 0.5], "texture": "#2"},
				"south": {"uv": [7.5, 7.5, 8, 8], "texture": "#2"},
				"west": {"uv": [0, 0, 0, 0.5], "texture": "#2"},
				"up": {"uv": [0.5, 0, 0, 0], "texture": "#2"},
				"down": {"uv": [0.5, 0, 0, 0], "texture": "#2"}
			}
		},
		{
			"from": [1, 11, 8.5],
			"to": [3, 15, 10.5],
			"rotation": {"angle": 0, "axis": "y", "origin": [0, -1, 0]},
			"faces": {
				"north": {"uv": [9, 0, 11, 4], "texture": "#2"},
				"east": {"uv": [4.75, 13.5, 6.75, 9.5], "texture": "#2"},
				"south": {"uv": [9, 4.5, 11, 8.5], "texture": "#2"},
				"west": {"uv": [2.75, 9.5, 4.75, 13.5], "texture": "#2"},
				"up": {"uv": [14, 13, 12, 11], "texture": "#2"},
				"down": {"uv": [14, 0, 16, 2], "texture": "#2"}
			}
		},
		{
			"from": [-4.6, 14.5, 9],
			"to": [-3.6, 17.5, 10],
			"rotation": {"angle": -22.5, "axis": "z", "origin": [0, -1, 0]},
			"faces": {
				"north": {"uv": [11.25, 0, 9.75, 2.5], "texture": "#2"},
				"east": {"uv": [1, 12.25, 0, 14.5], "texture": "#2"},
				"south": {"uv": [11, 4.5, 12.5, 7], "texture": "#2"},
				"west": {"uv": [2, 12.25, 1, 14.5], "texture": "#2"},
				"up": {"uv": [16, 7.75, 14.5, 8.75], "texture": "#2"},
				"down": {"uv": [10, 12.5, 8.5, 13.5], "texture": "#2"}
			}
		},
		{
			"from": [18.5, 8.3, 9],
			"to": [19.5, 11.3, 10],
			"rotation": {"angle": 22.5, "axis": "z", "origin": [0, -1, 0]},
			"faces": {
				"north": {"uv": [7, 6, 7.5, 7.5], "texture": "#2"},
				"east": {"uv": [7.5, 0, 8, 1.5], "texture": "#2"},
				"south": {"uv": [7.5, 1.5, 8, 3.25], "texture": "#2"},
				"west": {"uv": [3, 7.5, 3.5, 9], "texture": "#2"},
				"up": {"uv": [1, 8.5, 0.5, 8], "texture": "#2"},
				"down": {"uv": [8.5, 0.5, 8, 1], "texture": "#2"}
			}
		},
		{
			"from": [6, 6, 9.6],
			"to": [8, 7, 9.6],
			"rotation": {"angle": 45, "axis": "z", "origin": [0, -1, 0]},
			"faces": {
				"north": {"uv": [3.5, 7.5, 4.5, 8], "texture": "#2"},
				"east": {"uv": [0, 0, 0, 0.5], "texture": "#2"},
				"south": {"uv": [7.5, 4, 8.5, 4.5], "texture": "#2"},
				"west": {"uv": [0, 0, 0, 0.5], "texture": "#2"},
				"up": {"uv": [1, 0, 0, 0], "texture": "#2"},
				"down": {"uv": [1, 0, 0, 0], "texture": "#2"}
			}
		},
		{
			"from": [7, 5, 9.6],
			"to": [8, 6, 9.6],
			"rotation": {"angle": 45, "axis": "z", "origin": [0, -1, 0]},
			"faces": {
				"north": {"uv": [1, 8, 2, 9], "texture": "#2"},
				"east": {"uv": [0, 0, 0, 1], "texture": "#2"},
				"south": {"uv": [8, 1, 9, 2], "texture": "#2"},
				"west": {"uv": [0, 0, 0, 1], "texture": "#2"},
				"up": {"uv": [0.5, 0, 1.5, 0], "texture": "#2"},
				"down": {"uv": [0.5, 0, 1.5, 0], "texture": "#2"}
			}
		},
		{
			"from": [3, 16, 9.6],
			"to": [4, 18, 9.6],
			"rotation": {"angle": -45, "axis": "z", "origin": [0, -1, 0]},
			"faces": {
				"north": {"uv": [4, 5.5, 4.5, 6.5], "texture": "#2"},
				"east": {"uv": [0, 0, 0, 1], "texture": "#2"},
				"south": {"uv": [4.5, 7.5, 5, 8.5], "texture": "#2"},
				"west": {"uv": [0, 0, 0, 1], "texture": "#2"},
				"up": {"uv": [0.5, 0, 0, 0], "texture": "#2"},
				"down": {"uv": [0.5, 0, 0, 0], "texture": "#2"}
			}
		},
		{
			"from": [4, 17, 9.6],
			"to": [5, 18, 9.6],
			"rotation": {"angle": -45, "axis": "z", "origin": [0, -1, 0]},
			"faces": {
				"north": {"uv": [1.5, 8, 2, 8.5], "texture": "#2"},
				"east": {"uv": [0, 0, 0, 0.5], "texture": "#2"},
				"south": {"uv": [8, 1.5, 8.5, 2], "texture": "#2"},
				"west": {"uv": [0, 0, 0, 0.5], "texture": "#2"},
				"up": {"uv": [0.5, 0, 0, 0], "texture": "#2"},
				"down": {"uv": [0.5, 0, 0, 0], "texture": "#2"}
			}
		},
		{
			"from": [-12, 10.5, 9.6],
			"to": [-10, 11.5, 9.6],
			"rotation": {"angle": -45, "axis": "z", "origin": [0, -1, 0]},
			"faces": {
				"north": {"uv": [7.5, 4.5, 8.5, 5], "texture": "#2"},
				"east": {"uv": [0, 0, 0, 0.5], "texture": "#2"},
				"south": {"uv": [5, 7.5, 6, 8], "texture": "#2"},
				"west": {"uv": [0, 0, 0, 0.5], "texture": "#2"},
				"up": {"uv": [1, 0, 0, 0], "texture": "#2"},
				"down": {"uv": [1, 0, 0, 0], "texture": "#2"}
			}
		},
		{
			"from": [10, 8.3, 9.6],
			"to": [12, 9.3, 9.6],
			"rotation": {"angle": 45, "axis": "z", "origin": [0, -1, 0]},
			"faces": {
				"north": {"uv": [7.5, 5, 8.5, 5.5], "texture": "#2"},
				"east": {"uv": [0, 0, 0, 0.5], "texture": "#2"},
				"south": {"uv": [7.5, 5.5, 8.5, 6], "texture": "#2"},
				"west": {"uv": [0, 0, 0, 0.5], "texture": "#2"},
				"up": {"uv": [1, 0, 0, 0], "texture": "#2"},
				"down": {"uv": [1, 0, 0, 0], "texture": "#2"}
			}
		},
		{
			"from": [21.4, -0.9, 9.6],
			"to": [23.4, 0.1, 9.6],
			"rotation": {"angle": 45, "axis": "z", "origin": [0, -1, 0]},
			"faces": {
				"north": {"uv": [2, 1.5, 3.25, 1], "texture": "#2"},
				"east": {"uv": [0, 0, 0, 1], "texture": "#missing"},
				"south": {"uv": [2.5, 0.5, 4, 0.5], "texture": "#2"},
				"west": {"uv": [0, 0, 0, 1], "texture": "#missing"},
				"up": {"uv": [0, 0, 2, 0], "texture": "#missing"},
				"down": {"uv": [0, 0, 2, 0], "texture": "#missing"}
			}
		},
		{
			"from": [-0.6, 19.6, 9.6],
			"to": [1.4, 20.6, 9.6],
			"rotation": {"angle": -45, "axis": "z", "origin": [0, -1, 0]},
			"faces": {
				"north": {"uv": [7.5, 6, 8.5, 6.5], "texture": "#2"},
				"east": {"uv": [0, 0, 0, 0.5], "texture": "#2"},
				"south": {"uv": [6.5, 7.5, 7.5, 8], "texture": "#2"},
				"west": {"uv": [0, 0, 0, 0.5], "texture": "#2"},
				"up": {"uv": [1, 0, 0, 0], "texture": "#2"},
				"down": {"uv": [1, 0, 0, 0], "texture": "#2"}
			}
		},
		{
			"from": [19, 10.3, 9.6],
			"to": [21, 11.3, 9.6],
			"rotation": {"angle": 22.5, "axis": "z", "origin": [0, -1, 0]},
			"faces": {
				"north": {"uv": [7.5, 6.5, 8.5, 7], "texture": "#2"},
				"east": {"uv": [0, 0, 0, 0.5], "texture": "#2"},
				"south": {"uv": [7.5, 7, 8.5, 7.5], "texture": "#2"},
				"west": {"uv": [0, 0, 0, 0.5], "texture": "#2"},
				"up": {"uv": [1, 0, 0, 0], "texture": "#2"},
				"down": {"uv": [1, 0, 0, 0], "texture": "#2"}
			}
		},
		{
			"from": [19.4, 9.3, 9.6],
			"to": [20.4, 10.3, 9.6],
			"rotation": {"angle": 22.5, "axis": "z", "origin": [0, -1, 0]},
			"faces": {
				"north": {"uv": [2, 8, 2.5, 8.5], "texture": "#2"},
				"east": {"uv": [0, 0, 0, 0.5], "texture": "#2"},
				"south": {"uv": [8, 2, 8.5, 2.5], "texture": "#2"},
				"west": {"uv": [0, 0, 0, 0.5], "texture": "#2"},
				"up": {"uv": [0.5, 0, 0, 0], "texture": "#2"},
				"down": {"uv": [0.5, 0, 0, 0], "texture": "#2"}
			}
		},
		{
			"from": [13, 11, 8.5],
			"to": [15, 15, 10.5],
			"rotation": {"angle": 0, "axis": "y", "origin": [0, -1, 0]},
			"faces": {
				"north": {"uv": [11, 0, 9, 4], "texture": "#2"},
				"east": {"uv": [5, 9.5, 7, 13.5], "texture": "#2"},
				"south": {"uv": [9, 4.5, 11, 8.5], "texture": "#2"},
				"west": {"uv": [3, 9.5, 5, 13.5], "rotation": 270, "texture": "#2"},
				"up": {"uv": [13.75, 11, 11.75, 13], "texture": "#2"},
				"down": {"uv": [16, 0, 14, 2], "texture": "#2"}
			}
		},
		{
			"from": [7, 3, 8],
			"to": [7, 7, 10],
			"rotation": {"angle": -22.5, "axis": "y", "origin": [0, 0, 0]},
			"faces": {
				"north": {"uv": [0, 0, 0, 4], "texture": "#0"},
				"east": {"uv": [0, 4, 2, 8], "texture": "#0"},
				"south": {"uv": [0, 0, 0, 4], "texture": "#0"},
				"west": {"uv": [2, 0, 4, 4], "texture": "#0"},
				"up": {"uv": [0, 2, 0, 0], "texture": "#0"},
				"down": {"uv": [0, 0, 0, 2], "texture": "#0"}
			}
		},
		{
			"from": [8, 3, 14],
			"to": [8, 7, 16],
			"rotation": {"angle": 22.5, "axis": "y", "origin": [0, 0, 0]},
			"faces": {
				"north": {"uv": [0, 0, 0, 4], "texture": "#0"},
				"east": {"uv": [0, 4, 2, 8], "texture": "#0"},
				"south": {"uv": [0, 0, 0, 4], "texture": "#0"},
				"west": {"uv": [2, 0, 4, 4], "texture": "#0"},
				"up": {"uv": [0, 2, 0, 0], "texture": "#0"},
				"down": {"uv": [0, 0, 0, 2], "texture": "#0"}
			}
		},
		{
			"from": [8, 5, 16],
			"to": [8, 8, 17],
			"rotation": {"angle": 22.5, "axis": "y", "origin": [0, 0, 0]},
			"faces": {
				"north": {"uv": [0, 0, 0, 3], "texture": "#0"},
				"east": {"uv": [2, 4, 3, 7], "texture": "#0"},
				"south": {"uv": [0, 0, 0, 3], "texture": "#0"},
				"west": {"uv": [6, 4, 7, 7], "texture": "#0"},
				"up": {"uv": [0, 1, 0, 0], "texture": "#0"},
				"down": {"uv": [0, 0, 0, 1], "texture": "#0"}
			}
		},
		{
			"from": [8, 6, 17],
			"to": [8, 8, 18],
			"rotation": {"angle": 22.5, "axis": "y", "origin": [0, 0, 0]},
			"faces": {
				"north": {"uv": [0, 0, 0, 2], "texture": "#0"},
				"east": {"uv": [4, 4, 5, 6], "texture": "#0"},
				"south": {"uv": [0, 0, 0, 2], "texture": "#0"},
				"west": {"uv": [6, 4, 7, 6], "texture": "#0"},
				"up": {"uv": [0, 1, 0, 0], "texture": "#0"},
				"down": {"uv": [0, 0, 0, 1], "texture": "#0"}
			}
		},
		{
			"from": [7, 5, 10],
			"to": [7, 7, 11],
			"rotation": {"angle": -22.5, "axis": "y", "origin": [0, 0, 0]},
			"faces": {
				"north": {"uv": [0, 0, 0, 2], "texture": "#0"},
				"east": {"uv": [6, 2, 7, 4], "texture": "#0"},
				"south": {"uv": [0, 0, 0, 2], "texture": "#0"},
				"west": {"uv": [6, 2, 7, 4], "texture": "#0"},
				"up": {"uv": [0, 1, 0, 0], "texture": "#0"},
				"down": {"uv": [0, 0, 0, 1], "texture": "#0"}
			}
		},
		{
			"from": [7, 6, 11],
			"to": [7, 8, 12],
			"rotation": {"angle": -22.5, "axis": "y", "origin": [0, 0, 0]},
			"faces": {
				"north": {"uv": [0, 0, 0, 2], "texture": "#0"},
				"east": {"uv": [4, 4, 5, 6], "texture": "#0"},
				"south": {"uv": [0, 0, 0, 2], "texture": "#0"},
				"west": {"uv": [6, 4, 7, 6], "texture": "#0"},
				"up": {"uv": [0, 1, 0, 0], "texture": "#0"},
				"down": {"uv": [0, 0, 0, 1], "texture": "#0"}
			}
		},
		{
			"from": [7, 7, 10],
			"to": [7, 8, 11],
			"rotation": {"angle": -22.5, "axis": "y", "origin": [0, 0, 0]},
			"faces": {
				"north": {"uv": [0, 0, 0, 1], "texture": "#0"},
				"east": {"uv": [6, 6, 7, 7], "texture": "#0"},
				"south": {"uv": [0, 0, 0, 1], "texture": "#0"},
				"west": {"uv": [6, 6, 7, 7], "texture": "#0"},
				"up": {"uv": [0, 1, 0, 0], "texture": "#0"},
				"down": {"uv": [0, 0, 0, 1], "texture": "#0"}
			}
		},
		{
			"from": [8.3, 3.2, 7],
			"to": [12.3, 7.2, 7],
			"faces": {
				"north": {"uv": [0, 0, 5, 5], "texture": "#3"},
				"east": {"uv": [0, 0, 5, 5], "texture": "#3"},
				"south": {"uv": [0, 0, 5, 5], "texture": "#3"},
				"west": {"uv": [5, 0, 0, 5], "texture": "#3"},
				"up": {"uv": [5, 0, 0, 5], "texture": "#3"},
				"down": {"uv": [5, 0, 0, 5], "texture": "#3"}
			}
		},
		{
			"from": [3.9, 3.2, 7],
			"to": [7.9, 7.2, 7],
			"faces": {
				"north": {"uv": [6, 0, 11, 5], "texture": "#3"},
				"east": {"uv": [6, 13.33333, 6, 18.66667], "texture": "#3"},
				"south": {"uv": [6, 0, 11, 5], "texture": "#3"},
				"west": {"uv": [11, 0, 6, 5], "texture": "#3"},
				"up": {"uv": [11, 0, 6, 5], "texture": "#3"},
				"down": {"uv": [5, 14.66667, 1, 14.66667], "texture": "#3"}
			}
		}
	],
	"display": {
		"thirdperson_righthand": {
			"rotation": [84.25, 0, 0],
			"translation": [0, 1.75, 3],
			"scale": [0.46094, 0.50586, 0.8457]
		},
		"thirdperson_lefthand": {
			"translation": [0, -0.25, 0],
			"scale": [0.61914, 0.7207, 1]
		},
		"firstperson_righthand": {
			"translation": [0, 1.75, 0]
		},
		"gui": {
			"rotation": [-180, 32, -180],
			"translation": [-0.5, -1.75, 0],
			"scale": [0.75, 0.82227, 1]
		},
		"head": {
			"rotation": [0.04, 0.1, -0.48],
			"translation": [-0.25, 4, -5.25],
			"scale": [1.50391, 1.83203, 1.30664]
		},
		"fixed": {
			"translation": [0, 0, -2.75],
			"scale": [1, 1, 1.0293]
		}
	},
	"groups": [
		{
			"name": "group",
			"origin": [8, 8, 8],
			"color": 0,
			"children": [0, 1, 2, 3, 4, 5, 6, 7, 8, 9, 10, 11, 12, 13, 14, 15, 16, 17]
		},
		{
			"name": "group",
			"origin": [8, 8, 8],
			"color": 0,
			"children": [18, 19, 20, 21, 22, 23, 24]
		},
		{
			"name": "group",
			"origin": [8, 8, 8],
			"color": 0,
			"children": [25, 26]
		}
	]
}