{
	"credit": "Made with Blockbench",
	"textures": {
		"0": "./gagang",
		"1": "./pedang",
		"particle": "./gagang"
	},
	"elements": [
		{
			"from": [7.1, -11.25, 7.85],
			"to": [8.9, -6.25, 9.65],
			"rotation": {"angle": 0, "axis": "y", "origin": [7, -11.25, 7.75]},
			"faces": {
				"north": {"uv": [0, 0, 1.675, 5], "texture": "#0"},
				"east": {"uv": [0, 0, 1.7, 5], "texture": "#0"},
				"south": {"uv": [0, 0, 1.675, 5], "texture": "#0"},
				"west": {"uv": [0.125, 0, 1.75, 5], "texture": "#0"},
				"up": {"uv": [0, 0, 1.8, 1.7], "texture": "#0"},
				"down": {"uv": [0, 1.625, 1.675, 3.325], "texture": "#0"}
			}
		},
		{
			"from": [7, 0.5, 8],
			"to": [9, 1.9, 10],
			"rotation": {"angle": 0, "axis": "y", "origin": [7, 0.5, 8]},
			"faces": {
				"north": {"uv": [7.375, 0, 9.25, 1.4], "texture": "#0"},
				"east": {"uv": [7.25, 0, 9.25, 1.4], "texture": "#0"},
				"south": {"uv": [7.25, 0, 9.25, 1.4], "texture": "#0"},
				"west": {"uv": [7.25, 0, 9.25, 1.4], "texture": "#0"},
				"up": {"uv": [0, 0, 1.75, 2], "texture": "#0"},
				"down": {"uv": [0, 0, 1.75, 2], "texture": "#0"}
			}
		},
		{
			"from": [7, -8.25, 7.75],
			"to": [9, -0.25, 9.75],
			"rotation": {"angle": 0, "axis": "y", "origin": [7, -8.25, 7.75]},
			"faces": {
				"north": {"uv": [14, 8, 16, 16], "texture": "#0"},
				"east": {"uv": [14, 8, 16, 16], "texture": "#0"},
				"south": {"uv": [14, 8, 16, 16], "texture": "#0"},
				"west": {"uv": [14, 8, 16, 16], "texture": "#0"},
				"up": {"uv": [14.25, 8.125, 16, 10.125], "texture": "#0"},
				"down": {"uv": [0, 0, 1.75, 2], "texture": "#0"}
			}
		},
		{
			"from": [8, -14.95, 6.75],
			"to": [8, -10.95, 10.75],
			"rotation": {"angle": 0, "axis": "y", "origin": [8, -12.95, 7.75]},
			"faces": {
				"north": {"uv": [2.5, 0, 2.5, 5], "texture": "#0"},
				"east": {"uv": [0, 11, 4, 16], "texture": "#0"},
				"south": {"uv": [1.875, 0, 1.875, 5], "texture": "#0"},
				"west": {"uv": [0, 11, 4, 16], "texture": "#0"},
				"up": {"uv": [0, 0, 0, 4], "texture": "#0"},
				"down": {"uv": [0, 0, 0, 4], "texture": "#0"}
			}
		},
		{
			"from": [6.9, 1.42, 6.65],
			"to": [9.1, 3.52, 10.65],
			"rotation": {"angle": 22.5, "axis": "x", "origin": [7, 1.45, 6.65]},
			"faces": {
				"north": {"uv": [0, 7.125, 2.2, 9.225], "texture": "#0"},
				"east": {"uv": [0, 5, 4, 7.1], "texture": "#0"},
				"south": {"uv": [0, 7.125, 2.2, 9.225], "texture": "#0"},
				"west": {"uv": [0, 5, 4, 7.1], "texture": "#0"},
				"up": {"uv": [4, 5, 6.2, 9], "texture": "#0"},
				"down": {"uv": [4, 5, 6.2, 9], "texture": "#0"}
			}
		},
		{
			"from": [6.9, -0.85, 6.65],
			"to": [9.1, 1.25, 10.65],
			"rotation": {"angle": 22.5, "axis": "x", "origin": [7, -0.85, 6.65]},
			"faces": {
				"north": {"uv": [0, 7.125, 2.2, 9.225], "texture": "#0"},
				"east": {"uv": [0, 5, 4, 7.1], "texture": "#0"},
				"south": {"uv": [0, 7.125, 2.2, 9.225], "texture": "#0"},
				"west": {"uv": [0, 5, 4, 7.1], "texture": "#0"},
				"up": {"uv": [4, 5, 6.2, 9], "texture": "#0"},
				"down": {"uv": [4, 5, 6.2, 9], "texture": "#0"}
			}
		},
		{
			"from": [7.1, -0.75, 6.85],
			"to": [8.9, 1.55, 7.95],
			"rotation": {"angle": 0, "axis": "x", "origin": [7, 1.55, 5.85]},
			"faces": {
				"north": {"uv": [4, 5, 6.2, 9], "rotation": 180, "texture": "#0"},
				"east": {"uv": [0, 5, 4, 7.1], "rotation": 270, "texture": "#0"},
				"south": {"uv": [4, 5, 6.2, 9], "texture": "#0"},
				"west": {"uv": [0, 5, 4, 7.1], "rotation": 90, "texture": "#0"},
				"up": {"uv": [0, 7.125, 2.2, 9.225], "rotation": 180, "texture": "#0"},
				"down": {"uv": [0, 7.125, 2.2, 9.225], "texture": "#0"}
			}
		},
		{
			"from": [7.3, 1.85, 9.25],
			"to": [8.7, 4.85, 11.25],
			"rotation": {"angle": 22.5, "axis": "x", "origin": [6.9, 2.85, 9.25]},
			"faces": {
				"north": {"uv": [9.625, 5, 11.025, 8], "texture": "#0"},
				"east": {"uv": [7.6625, 4.9875, 9.6625, 7.9875], "texture": "#0"},
				"south": {"uv": [9.625, 5, 11.025, 8], "texture": "#0"},
				"west": {"uv": [7.625, 5, 9.625, 8], "texture": "#0"},
				"up": {"uv": [6.25, 5, 7.65, 7], "texture": "#0"},
				"down": {"uv": [6.25, 5, 7.65, 7], "texture": "#0"}
			}
		},
		{
			"from": [8.1, -3.1, 1.2],
			"to": [8.1, 24.9, 14.2],
			"rotation": {"angle": 22.5, "axis": "x", "origin": [6.1, -1.1, 1.2]},
			"faces": {
				"north": {"uv": [0, 0, 0, 16], "texture": "#1"},
				"east": {"uv": [0, 0, 7.5, 16], "texture": "#1"},
				"south": {"uv": [0, 0, 0, 16], "texture": "#1"},
				"west": {"uv": [7.5, 0.375, 0, 16], "texture": "#1"},
				"up": {"uv": [0, 0, 0, 11], "texture": "#1"},
				"down": {"uv": [0, 0, 0, 11], "texture": "#1"}
			}
		},
		{
			"from": [7.9, -3.3, 0.4],
			"to": [7.9, 24.7, 13.4],
			"rotation": {"angle": 22.5, "axis": "x", "origin": [5.9, -3.3, 1.4]},
			"faces": {
				"north": {"uv": [0, 0, 0, 16], "texture": "#1"},
				"east": {"uv": [0, 0, 7.5, 16], "texture": "#1"},
				"south": {"uv": [0, 0, 0, 16], "texture": "#1"},
				"west": {"uv": [7.5, 0.375, 0, 16], "texture": "#1"},
				"up": {"uv": [0, 0, 0, 11], "texture": "#1"},
				"down": {"uv": [0, 0, 0, 11], "texture": "#1"}
			}
		},
		{
			"from": [7, -10.8, 7.8],
			"to": [9, -9.4, 9.7],
			"rotation": {"angle": 0, "axis": "y", "origin": [7, -11.4, 7.7]},
			"faces": {
				"north": {"uv": [7.25, 0.1, 9.25, 1.5], "texture": "#0"},
				"east": {"uv": [7.3625, 0.0875, 9.2625, 1.4875], "texture": "#0"},
				"south": {"uv": [7.25, 0, 9.25, 1.5], "texture": "#0"},
				"west": {"uv": [7.25, 0, 9.25, 1.4875], "texture": "#0"},
				"up": {"uv": [7.25, 0, 9.25, 1.9], "texture": "#0"},
				"down": {"uv": [7.3625, 0, 9.35, 2.0875], "texture": "#0"}
			}
		}
	],
	"gui_light": "front",
	"display": {
		"thirdperson_righthand": {
			"translation": [0, 8.75, 0.5],
			"scale": [0.82, 0.82, 0.82]
		},
		"thirdperson_lefthand": {
			"rotation": [180, 0, 0],
			"translation": [0, -12.25, 1.75],
			"scale": [0.81, 0.81, 0.81]
		},
		"firstperson_righthand": {
			"rotation": [-20, 1.94, 0.97],
			"translation": [6, 5, -6.25]
		},
		"firstperson_lefthand": {
			"rotation": [149, 6, 3],
			"translation": [14, -12, -2.5]
		},
		"ground": {
			"translation": [0, 16.25, 0]
		},
		"gui": {
			"rotation": [-88.75, -34.24, -89.35],
			"translation": [4.25, 0, 0],
			"scale": [0.61, 0.61, 0.61]
		},
		"head": {
			"rotation": [-154.25, 0, 0],
			"translation": [17, -41.75, -11]
		},
		"fixed": {
			"rotation": [-90, 0, 0],
			"translation": [0, 2.75, -34.75],
			"scale": [1.53, 1.53, 1.53]
		}
	}
}