{
	"credit": "Enum",
	"textures": {
		"0": "./acamata",
		"particle": " ./acamata"
	},
	"elements": [
		{
			"from": [0, 3, 11],
			"to": [1, 5, 12],
			"faces": {
				"north": {"uv": [0, 4, 1, 6], "texture": "#0"},
				"east": {"uv": [4, 0, 5, 2], "texture": "#0"},
				"south": {"uv": [1, 4, 2, 6], "texture": "#0"},
				"west": {"uv": [2, 4, 3, 6], "texture": "#0"},
				"up": {"uv": [2, 8, 1, 7], "texture": "#0"},
				"down": {"uv": [3, 7, 2, 8], "texture": "#0"}
			}
		},
		{
			"from": [0, 0, 10],
			"to": [1, 2, 11],
			"faces": {
				"north": {"uv": [4, 2, 5, 4], "texture": "#0"},
				"east": {"uv": [3, 4, 4, 6], "texture": "#0"},
				"south": {"uv": [4, 4, 5, 6], "texture": "#0"},
				"west": {"uv": [5, 0, 6, 2], "texture": "#0"},
				"up": {"uv": [8, 4, 7, 3], "texture": "#0"},
				"down": {"uv": [5, 7, 4, 8], "texture": "#0"}
			}
		},
		{
			"from": [0, 3, 8],
			"to": [1, 5, 9],
			"faces": {
				"north": {"uv": [5, 2, 6, 4], "texture": "#0"},
				"east": {"uv": [5, 4, 6, 6], "texture": "#0"},
				"south": {"uv": [0, 6, 1, 8], "texture": "#0"},
				"west": {"uv": [6, 0, 7, 2], "texture": "#0"},
				"up": {"uv": [8, 5, 7, 4], "texture": "#0"},
				"down": {"uv": [6, 7, 5, 8], "texture": "#0"}
			}
		},
		{
			"from": [0, 2, 9],
			"to": [1, 3, 11],
			"faces": {
				"north": {"uv": [7, 6, 8, 7], "texture": "#0"},
				"east": {"uv": [1, 6, 3, 7], "texture": "#0"},
				"south": {"uv": [7, 7, 8, 8], "texture": "#0"},
				"west": {"uv": [6, 2, 8, 3], "texture": "#0"},
				"up": {"uv": [4, 8, 3, 6], "texture": "#0"},
				"down": {"uv": [7, 3, 6, 5], "texture": "#0"}
			}
		},
		{
			"from": [0, 5, 9],
			"to": [1, 6, 11],
			"faces": {
				"north": {"uv": [0, 8, 1, 9], "texture": "#0"},
				"east": {"uv": [4, 6, 6, 7], "texture": "#0"},
				"south": {"uv": [8, 0, 9, 1], "texture": "#0"},
				"west": {"uv": [6, 5, 8, 6], "texture": "#0"},
				"up": {"uv": [7, 8, 6, 6], "texture": "#0"},
				"down": {"uv": [8, 0, 7, 2], "texture": "#0"}
			}
		}
	],
	"display": {
		"thirdperson_righthand": {
			"rotation": [-99.43, -75.01, -179.21],
			"translation": [0, -6.25, 8.25]
		},
		"thirdperson_lefthand": {
			"rotation": [-41.36, 85.98, 132.18],
			"translation": [-1.75, -7, 6.5]
		},
		"firstperson_righthand": {
			"rotation": [-3, -88, 6],
			"translation": [-2, 9.75, 13]
		},
		"firstperson_lefthand": {
			"rotation": [0, 102, 0],
			"translation": [-3, 8, 13]
		},
		"ground": {
			"translation": [6, 6, 0]
		},
		"gui": {
			"rotation": [0, 82, 0],
			"translation": [-1.75, 7, 0],
			"scale": [1, 1.23438, 1.52734]
		},
		"head": {
			"rotation": [180, -86.25, 180],
			"translation": [-0.5, 2.5, 0.5],
			"scale": [1, 1.41602, 1.69336]
		},
		"fixed": {
			"rotation": [-180, -81.75, -180],
			"translation": [4.25, 9.75, 6.75],
			"scale": [1, 2.00195, 2.53711]
		}
	},
	"groups": [
		{
			"name": "group",
			"origin": [8, 8, 8],
			"color": 0,
			"children": [0, 1, 2, 3, 4]
		}
	]
}