{
	"credit": "EnumXyZB",
	"texture_size": [32, 32],
	"textures": {
		"0": "./main"
	},
	"elements": [
		{
			"from": [5, 0, 3],
			"to": [11, 1, 4],
			"faces": {
				"north": {"uv": [4, 1.5, 7, 2], "texture": "#0"},
				"east": {"uv": [9.5, 4, 10, 4.5], "texture": "#0"},
				"south": {"uv": [0, 4.5, 3, 5], "texture": "#0"},
				"west": {"uv": [10.5, 7, 11, 7.5], "texture": "#0"},
				"up": {"uv": [7.5, 2.5, 4.5, 2], "texture": "#0"},
				"down": {"uv": [7.5, 2.5, 4.5, 3], "texture": "#0"}
			}
		},
		{
			"from": [3.5, 4, 4],
			"to": [3.5, 5, 13],
			"rotation": {"angle": 0, "axis": "y", "origin": [5, 3.5, 3.5]},
			"faces": {
				"north": {"uv": [0, 0, 0, 0.5], "texture": "#0"},
				"east": {"uv": [0, 2, 4.5, 2.5], "texture": "#0"},
				"south": {"uv": [0, 0, 0, 0.5], "texture": "#0"},
				"west": {"uv": [0, 2.5, 4.5, 3], "texture": "#0"},
				"up": {"uv": [0, 4.5, 0, 0], "texture": "#0"},
				"down": {"uv": [0, 0, 0, 4.5], "texture": "#0"}
			}
		},
		{
			"from": [12.5, 4, 4],
			"to": [12.5, 5, 13],
			"rotation": {"angle": 0, "axis": "y", "origin": [11, 3.5, 3.5]},
			"faces": {
				"north": {"uv": [0, 0, 0, 0.5], "texture": "#0"},
				"east": {"uv": [0, 3, 4.5, 3.5], "texture": "#0"},
				"south": {"uv": [0, 0, 0, 0.5], "texture": "#0"},
				"west": {"uv": [0, 3.5, 4.5, 4], "texture": "#0"},
				"up": {"uv": [0, 4.5, 0, 0], "texture": "#0"},
				"down": {"uv": [0, 0, 0, 4.5], "texture": "#0"}
			}
		},
		{
			"from": [3.5, 4, 13],
			"to": [12.5, 5, 13],
			"rotation": {"angle": 0, "axis": "y", "origin": [9.8, 3.5, 8.5]},
			"faces": {
				"north": {"uv": [0, 4, 4.5, 4.5], "texture": "#0"},
				"east": {"uv": [0, 0, 0, 0.5], "texture": "#0"},
				"south": {"uv": [4, 0, 8.5, 0.5], "texture": "#0"},
				"west": {"uv": [0, 0, 0, 0.5], "texture": "#0"},
				"up": {"uv": [4.5, 0, 0, 0], "texture": "#0"},
				"down": {"uv": [4.5, 0, 0, 0], "texture": "#0"}
			}
		},
		{
			"from": [5, 8, 3],
			"to": [11, 9, 4],
			"faces": {
				"north": {"uv": [3, 4.5, 6, 5], "texture": "#0"},
				"east": {"uv": [10.5, 7.5, 11, 8], "texture": "#0"},
				"south": {"uv": [4.5, 3, 7.5, 3.5], "texture": "#0"},
				"west": {"uv": [10.5, 9, 11, 9.5], "texture": "#0"},
				"up": {"uv": [7.5, 4, 4.5, 3.5], "texture": "#0"},
				"down": {"uv": [7.5, 4, 4.5, 4.5], "texture": "#0"}
			}
		},
		{
			"from": [10, 2, 3],
			"to": [11, 3, 4],
			"faces": {
				"north": {"uv": [9.5, 10.5, 10, 11], "texture": "#0"},
				"east": {"uv": [10.5, 9.5, 11, 10], "texture": "#0"},
				"south": {"uv": [10, 10.5, 10.5, 11], "texture": "#0"},
				"west": {"uv": [10.5, 10, 11, 10.5], "texture": "#0"},
				"up": {"uv": [11, 11, 10.5, 10.5], "texture": "#0"},
				"down": {"uv": [0.5, 11, 0, 11.5], "texture": "#0"}
			}
		},
		{
			"from": [11, 1, 3],
			"to": [12, 3, 4],
			"faces": {
				"north": {"uv": [0, 9, 0.5, 10], "texture": "#0"},
				"east": {"uv": [0.5, 9, 1, 10], "texture": "#0"},
				"south": {"uv": [9, 7.5, 9.5, 8.5], "texture": "#0"},
				"west": {"uv": [8, 9, 8.5, 10], "texture": "#0"},
				"up": {"uv": [1, 11.5, 0.5, 11], "texture": "#0"},
				"down": {"uv": [11.5, 1, 11, 1.5], "texture": "#0"}
			}
		},
		{
			"from": [4, 1, 3],
			"to": [5, 3, 4],
			"faces": {
				"north": {"uv": [8.5, 9, 9, 10], "texture": "#0"},
				"east": {"uv": [9, 9, 9.5, 10], "texture": "#0"},
				"south": {"uv": [1, 9.5, 1.5, 10.5], "texture": "#0"},
				"west": {"uv": [1.5, 9.5, 2, 10.5], "texture": "#0"},
				"up": {"uv": [11.5, 2, 11, 1.5], "texture": "#0"},
				"down": {"uv": [2.5, 11, 2, 11.5], "texture": "#0"}
			}
		},
		{
			"from": [5, 2, 3],
			"to": [6, 3, 4],
			"faces": {
				"north": {"uv": [2.5, 11, 3, 11.5], "texture": "#0"},
				"east": {"uv": [3, 11, 3.5, 11.5], "texture": "#0"},
				"south": {"uv": [3.5, 11, 4, 11.5], "texture": "#0"},
				"west": {"uv": [4, 11, 4.5, 11.5], "texture": "#0"},
				"up": {"uv": [11.5, 4.5, 11, 4], "texture": "#0"},
				"down": {"uv": [5, 11, 4.5, 11.5], "texture": "#0"}
			}
		},
		{
			"from": [5.1, 1.1, 3.025],
			"to": [6.1, 3.1, 3.995],
			"rotation": {"angle": 45, "axis": "z", "origin": [6.5, 1.5, 3.5]},
			"faces": {
				"north": {"uv": [9.5, 7.5, 10, 8.5], "texture": "#0"},
				"east": {"uv": [9.5, 9, 10, 10], "texture": "#0"},
				"south": {"uv": [0, 10, 0.5, 11], "texture": "#0"},
				"west": {"uv": [0.5, 10, 1, 11], "texture": "#0"},
				"up": {"uv": [11.5, 5, 11, 4.5], "texture": "#0"},
				"down": {"uv": [5.5, 11, 5, 11.5], "texture": "#0"}
			}
		},
		{
			"from": [9.9, 1.1, 3.025],
			"to": [10.9, 3.1, 3.995],
			"rotation": {"angle": -45, "axis": "z", "origin": [9.5, 1.5, 3.5]},
			"faces": {
				"north": {"uv": [10, 1, 10.5, 2], "texture": "#0"},
				"east": {"uv": [2, 10, 2.5, 11], "texture": "#0"},
				"south": {"uv": [2.5, 10, 3, 11], "texture": "#0"},
				"west": {"uv": [3, 10, 3.5, 11], "texture": "#0"},
				"up": {"uv": [11.5, 5.5, 11, 5], "texture": "#0"},
				"down": {"uv": [6, 11, 5.5, 11.5], "texture": "#0"}
			}
		},
		{
			"from": [5.1, 3.8, 3.025],
			"to": [6.1, 5.8, 3.995],
			"rotation": {"angle": 45, "axis": "z", "origin": [6.5, 3.8, 3.5]},
			"faces": {
				"north": {"uv": [3.5, 10, 4, 11], "texture": "#0"},
				"east": {"uv": [4, 10, 4.5, 11], "texture": "#0"},
				"south": {"uv": [10, 4, 10.5, 5], "texture": "#0"},
				"west": {"uv": [4.5, 10, 5, 11], "texture": "#0"},
				"up": {"uv": [11.5, 6, 11, 5.5], "texture": "#0"},
				"down": {"uv": [6.5, 11, 6, 11.5], "texture": "#0"}
			}
		},
		{
			"from": [7.3, 3.2, 3.025],
			"to": [8.3, 5.2, 3.995],
			"rotation": {"angle": 45, "axis": "z", "origin": [6.5, 3.8, 3.5]},
			"faces": {
				"north": {"uv": [5, 10, 5.5, 11], "texture": "#0"},
				"east": {"uv": [5.5, 10, 6, 11], "texture": "#0"},
				"south": {"uv": [6, 10, 6.5, 11], "texture": "#0"},
				"west": {"uv": [10, 6, 10.5, 7], "texture": "#0"},
				"up": {"uv": [7, 11.5, 6.5, 11], "texture": "#0"},
				"down": {"uv": [7.5, 11, 7, 11.5], "texture": "#0"}
			}
		},
		{
			"from": [7.7, 3.2, 3.025],
			"to": [8.7, 5.2, 3.995],
			"rotation": {"angle": -45, "axis": "z", "origin": [9.5, 3.8, 3.5]},
			"faces": {
				"north": {"uv": [6.5, 10, 7, 11], "texture": "#0"},
				"east": {"uv": [7, 10, 7.5, 11], "texture": "#0"},
				"south": {"uv": [10, 7, 10.5, 8], "texture": "#0"},
				"west": {"uv": [7.5, 10, 8, 11], "texture": "#0"},
				"up": {"uv": [11.5, 7.5, 11, 7], "texture": "#0"},
				"down": {"uv": [8, 11, 7.5, 11.5], "texture": "#0"}
			}
		},
		{
			"from": [9.9, 3.8, 3.025],
			"to": [10.9, 5.8, 3.995],
			"rotation": {"angle": -45, "axis": "z", "origin": [9.5, 3.8, 3.5]},
			"faces": {
				"north": {"uv": [8, 10, 8.5, 11], "texture": "#0"},
				"east": {"uv": [8.5, 10, 9, 11], "texture": "#0"},
				"south": {"uv": [9, 10, 9.5, 11], "texture": "#0"},
				"west": {"uv": [10, 9, 10.5, 10], "texture": "#0"},
				"up": {"uv": [11.5, 8, 11, 7.5], "texture": "#0"},
				"down": {"uv": [8.5, 11, 8, 11.5], "texture": "#0"}
			}
		},
		{
			"from": [3.8, 7.8, 2.3],
			"to": [5.8, 10.8, 4.3],
			"rotation": {"angle": -22.5, "axis": "x", "origin": [4.8, 9.3, 3.3]},
			"faces": {
				"north": {"uv": [0, 5, 1, 6.5], "texture": "#0"},
				"east": {"uv": [1, 5, 2, 6.5], "texture": "#0"},
				"south": {"uv": [2, 5, 3, 6.5], "texture": "#0"},
				"west": {"uv": [3, 5, 4, 6.5], "texture": "#0"},
				"up": {"uv": [7, 8.5, 6, 7.5], "texture": "#0"},
				"down": {"uv": [8, 7.5, 7, 8.5], "texture": "#0"}
			}
		},
		{
			"from": [10.2, 7.8, 2.3],
			"to": [12.2, 10.8, 4.3],
			"rotation": {"angle": -22.5, "axis": "x", "origin": [5.2, 9.3, 3.3]},
			"faces": {
				"north": {"uv": [4, 5, 5, 6.5], "texture": "#0"},
				"east": {"uv": [5, 5, 6, 6.5], "texture": "#0"},
				"south": {"uv": [6, 4.5, 7, 6], "texture": "#0"},
				"west": {"uv": [6, 6, 7, 7.5], "texture": "#0"},
				"up": {"uv": [1, 9, 0, 8], "texture": "#0"},
				"down": {"uv": [9, 0.5, 8, 1.5], "texture": "#0"}
			}
		},
		{
			"from": [10.7, 10.4, 2.3],
			"to": [11.7, 13.4, 3.3],
			"rotation": {"angle": 0, "axis": "y", "origin": [2.2, 4.8, 0.3]},
			"faces": {
				"north": {"uv": [2, 8.5, 2.5, 10], "texture": "#0"},
				"east": {"uv": [2.5, 8.5, 3, 10], "texture": "#0"},
				"south": {"uv": [3, 8.5, 3.5, 10], "texture": "#0"},
				"west": {"uv": [3.5, 8.5, 4, 10], "texture": "#0"},
				"up": {"uv": [11.5, 8.5, 11, 8], "texture": "#0"},
				"down": {"uv": [9, 11, 8.5, 11.5], "texture": "#0"}
			}
		},
		{
			"from": [4.3, 10.4, 2.3],
			"to": [5.3, 13.4, 3.3],
			"rotation": {"angle": 0, "axis": "y", "origin": [1.8, 4.8, 0.3]},
			"faces": {
				"north": {"uv": [4, 8.5, 4.5, 10], "texture": "#0"},
				"east": {"uv": [4.5, 8.5, 5, 10], "texture": "#0"},
				"south": {"uv": [5, 8.5, 5.5, 10], "texture": "#0"},
				"west": {"uv": [5.5, 8.5, 6, 10], "texture": "#0"},
				"up": {"uv": [11.5, 9, 11, 8.5], "texture": "#0"},
				"down": {"uv": [9.5, 11, 9, 11.5], "texture": "#0"}
			}
		},
		{
			"from": [6, 2, 3],
			"to": [10, 3, 4],
			"faces": {
				"north": {"uv": [7.5, 4, 9.5, 4.5], "texture": "#0"},
				"east": {"uv": [11, 9, 11.5, 9.5], "texture": "#0"},
				"south": {"uv": [1, 8, 3, 8.5], "texture": "#0"},
				"west": {"uv": [9.5, 11, 10, 11.5], "texture": "#0"},
				"up": {"uv": [10, 5, 8, 4.5], "texture": "#0"},
				"down": {"uv": [10, 5, 8, 5.5], "texture": "#0"}
			}
		},
		{
			"from": [5, 3, 3],
			"to": [11, 4, 4],
			"faces": {
				"north": {"uv": [0, 6.5, 3, 7], "texture": "#0"},
				"east": {"uv": [11, 9.5, 11.5, 10], "texture": "#0"},
				"south": {"uv": [3, 6.5, 6, 7], "texture": "#0"},
				"west": {"uv": [10, 11, 10.5, 11.5], "texture": "#0"},
				"up": {"uv": [3, 7.5, 0, 7], "texture": "#0"},
				"down": {"uv": [10, 1.5, 7, 2], "texture": "#0"}
			}
		},
		{
			"from": [11, 3, 3],
			"to": [13, 6, 4],
			"faces": {
				"north": {"uv": [3, 7, 4, 8.5], "texture": "#0"},
				"east": {"uv": [6, 8.5, 6.5, 10], "texture": "#0"},
				"south": {"uv": [4, 7, 5, 8.5], "texture": "#0"},
				"west": {"uv": [6.5, 8.5, 7, 10], "texture": "#0"},
				"up": {"uv": [10, 1.5, 9, 1], "texture": "#0"},
				"down": {"uv": [11, 5, 10, 5.5], "texture": "#0"}
			}
		},
		{
			"from": [3, 3, 3],
			"to": [5, 6, 4],
			"faces": {
				"north": {"uv": [7, 4.5, 8, 6], "texture": "#0"},
				"east": {"uv": [7, 8.5, 7.5, 10], "texture": "#0"},
				"south": {"uv": [5, 7, 6, 8.5], "texture": "#0"},
				"west": {"uv": [7.5, 8.5, 8, 10], "texture": "#0"},
				"up": {"uv": [11, 8.5, 10, 8], "texture": "#0"},
				"down": {"uv": [10.5, 10, 9.5, 10.5], "texture": "#0"}
			}
		},
		{
			"from": [4, 6, 3],
			"to": [12, 8, 4],
			"faces": {
				"north": {"uv": [0, 0, 4, 1], "texture": "#0"},
				"east": {"uv": [1, 10.5, 1.5, 11.5], "texture": "#0"},
				"south": {"uv": [0, 1, 4, 2], "texture": "#0"},
				"west": {"uv": [10.5, 1, 11, 2], "texture": "#0"},
				"up": {"uv": [8, 1, 4, 0.5], "texture": "#0"},
				"down": {"uv": [8, 1, 4, 1.5], "texture": "#0"}
			}
		},
		{
			"from": [5, 4, 3.5],
			"to": [11, 5, 4],
			"faces": {
				"north": {"uv": [7, 6, 10, 6.5], "texture": "#0"},
				"east": {"uv": [0, 11.5, 0.25, 12], "texture": "#0"},
				"south": {"uv": [7, 6.5, 10, 7], "texture": "#0"},
				"west": {"uv": [11.5, 0, 11.75, 0.5], "texture": "#0"},
				"up": {"uv": [11, 5.75, 8, 5.5], "texture": "#0"},
				"down": {"uv": [11.5, 0, 8.5, 0.25], "texture": "#0"}
			}
		},
		{
			"from": [5, 1, 3.5],
			"to": [11, 2, 4],
			"faces": {
				"north": {"uv": [7, 7, 10, 7.5], "texture": "#0"},
				"east": {"uv": [0.5, 11.5, 0.75, 12], "texture": "#0"},
				"south": {"uv": [0, 7.5, 3, 8], "texture": "#0"},
				"west": {"uv": [1, 11.5, 1.25, 12], "texture": "#0"},
				"up": {"uv": [11, 8.75, 8, 8.5], "texture": "#0"},
				"down": {"uv": [12, 0.5, 9, 0.75], "texture": "#0"}
			}
		},
		{
			"from": [7, 4, 3],
			"to": [9, 5, 4],
			"faces": {
				"north": {"uv": [10.5, 2, 11.5, 2.5], "texture": "#0"},
				"east": {"uv": [11, 10, 11.5, 10.5], "texture": "#0"},
				"south": {"uv": [10.5, 2.5, 11.5, 3], "texture": "#0"},
				"west": {"uv": [10.5, 11, 11, 11.5], "texture": "#0"},
				"up": {"uv": [11.5, 3.5, 10.5, 3], "texture": "#0"},
				"down": {"uv": [11.5, 3.5, 10.5, 4], "texture": "#0"}
			}
		},
		{
			"from": [7, 2.85, 3.025],
			"to": [9, 4.85, 4.025],
			"rotation": {"angle": 22.5, "axis": "x", "origin": [8, 5, 3.5]},
			"faces": {
				"north": {"uv": [8, 7.5, 9, 8.5], "texture": "#0"},
				"east": {"uv": [1.5, 10.5, 2, 11.5], "texture": "#0"},
				"south": {"uv": [1, 8.5, 2, 9.5], "texture": "#0"},
				"west": {"uv": [10.5, 4, 11, 5], "texture": "#0"},
				"up": {"uv": [11.5, 6.5, 10.5, 6], "texture": "#0"},
				"down": {"uv": [11.5, 6.5, 10.5, 7], "texture": "#0"}
			}
		},
		{
			"from": [5, 5, 3],
			"to": [11, 6, 4],
			"faces": {
				"north": {"uv": [7.5, 2, 10.5, 2.5], "texture": "#0"},
				"east": {"uv": [11, 10.5, 11.5, 11], "texture": "#0"},
				"south": {"uv": [7.5, 2.5, 10.5, 3], "texture": "#0"},
				"west": {"uv": [11, 11, 11.5, 11.5], "texture": "#0"},
				"up": {"uv": [10.5, 3.5, 7.5, 3], "texture": "#0"},
				"down": {"uv": [10.5, 3.5, 7.5, 4], "texture": "#0"}
			}
		}
	],
	"display": {
		"thirdperson_righthand": {
			"rotation": [90, 0, 0],
			"translation": [0, -2.5, 4.75],
			"scale": [0.7, 0.7, 0.7]
		},
		"thirdperson_lefthand": {
			"rotation": [90, 0, 0],
			"translation": [0, -2.5, 4.75],
			"scale": [0.7, 0.7, 0.7]
		},
		"firstperson_righthand": {
			"rotation": [0, 90, 0],
			"translation": [2.5, 6.25, 0.75],
			"scale": [0.7, 0.7, 0.7]
		},
		"firstperson_lefthand": {
			"rotation": [0, 90, 0],
			"translation": [2.5, 6.25, 0.75],
			"scale": [0.7, 0.7, 0.7]
		},
		"ground": {
			"translation": [0, 3.75, 0]
		},
		"gui": {
			"rotation": [0, 180, 0],
			"translation": [0, 1.5, 0],
			"scale": [1.1, 1.1, 1.1]
		},
		"head": {
			"translation": [0, 5.5, -0.75],
			"scale": [1.68, 1.68, 1.65]
		},
		"fixed": {
			"translation": [0, 4, 6.75],
			"scale": [1.5, 1.5, 1.5]
		}
	},
	"groups": [
		{
			"name": "group",
			"origin": [8, 8, 8],
			"color": 0,
			"children": [0, 1, 2, 3, 4, 5, 6, 7, 8, 9, 10, 11, 12, 13, 14, 15, 16, 17, 18, 19, 20, 21, 22, 23, 24, 25, 26, 27, 28]
		}
	]
}