{
	"credit": "cb rp refa",
	"texture_size": [32, 32],
	"textures": {
		"0": "./texture",
		"1": "./cb2",
		"2": "./animasi",
		"particle": "./texture"
	},
	"elements": [
		{
			"from": [6.75, 0.25, 3.41002],
			"to": [9.25, 3, 12.41002],
			"rotation": {"angle": 0, "axis": "y", "origin": [7.25, 0, 6.41002]},
			"faces": {
				"north": {"uv": [7.5, 10, 8.75, 11.375], "texture": "#0"},
				"east": {"uv": [0, 0, 4.5, 1.375], "texture": "#0"},
				"south": {"uv": [0, 10.5, 1.25, 11.875], "texture": "#0"},
				"west": {"uv": [0, 1.5, 4.5, 2.875], "texture": "#0"},
				"up": {"uv": [1.25, 7.5, 0, 3], "texture": "#0"},
				"down": {"uv": [2.75, 3, 1.5, 7.5], "texture": "#0"}
			}
		},
		{
			"from": [7.25, -2.25, 10.91002],
			"to": [8.75, 0.75, 12.41002],
			"rotation": {"angle": -22.5, "axis": "x", "origin": [8, -0.75, 11.66002]},
			"faces": {
				"north": {"uv": [12.5, 0, 13.25, 1.5], "texture": "#0"},
				"east": {"uv": [12.5, 1.5, 13.25, 3], "texture": "#0"},
				"south": {"uv": [12.5, 3, 13.25, 4.5], "texture": "#0"},
				"west": {"uv": [3.5, 12.5, 4.25, 14], "texture": "#0"},
				"up": {"uv": [1.75, 14.75, 1, 14], "texture": "#0"},
				"down": {"uv": [2.75, 14, 2, 14.75], "texture": "#0"}
			}
		},
		{
			"from": [7, -2.61679, 11.07972],
			"to": [9, -1.86679, 13.07972],
			"rotation": {"angle": 0, "axis": "y", "origin": [8, -2.36679, 12.32972]},
			"faces": {
				"north": {"uv": [6.5, 1.5, 7.5, 1.875], "texture": "#0"},
				"east": {"uv": [7.5, 1.5, 8.5, 1.875], "texture": "#0"},
				"south": {"uv": [10, 6, 11, 6.375], "texture": "#0"},
				"west": {"uv": [11.5, 8, 12.5, 8.375], "texture": "#0"},
				"up": {"uv": [5, 6, 4, 5], "texture": "#0"},
				"down": {"uv": [5.5, 12.5, 4.5, 13.5], "texture": "#0"}
			}
		},
		{
			"from": [7.25, 0.5, 7.41002],
			"to": [8.75, 1.75, 15.41002],
			"rotation": {"angle": 0, "axis": "y", "origin": [7.25, 0, 6.41002]},
			"faces": {
				"north": {"uv": [14.5, 1, 15.25, 1.625], "texture": "#0"},
				"east": {"uv": [7, 7.5, 11, 8.125], "texture": "#0"},
				"south": {"uv": [14.5, 2, 15.25, 2.625], "texture": "#0"},
				"west": {"uv": [8.5, 1.5, 12.5, 2.125], "texture": "#0"},
				"up": {"uv": [5.75, 6, 5, 2], "texture": "#0"},
				"down": {"uv": [3.75, 5, 3, 9], "texture": "#0"}
			}
		},
		{
			"from": [7.5, -1, 9.41002],
			"to": [8.5, -0.5, 11.41002],
			"rotation": {"angle": 0, "axis": "y", "origin": [7.25, 0.25, 6.91002]},
			"faces": {
				"north": {"uv": [7, 11, 7.5, 11.25], "texture": "#0"},
				"east": {"uv": [2, 15, 3, 15.25], "texture": "#0"},
				"south": {"uv": [3, 13, 3.5, 13.25], "texture": "#0"},
				"west": {"uv": [3, 15, 4, 15.25], "texture": "#0"},
				"up": {"uv": [5, 3, 4.5, 2], "texture": "#0"},
				"down": {"uv": [6, 6, 5.5, 7], "texture": "#0"}
			}
		},
		{
			"from": [7.75, 0, 9.91002],
			"to": [8.25, 0.5, 10.41002],
			"rotation": {"angle": -22.5, "axis": "x", "origin": [8, 0, 10.16002]},
			"faces": {
				"north": {"uv": [7.5, 14, 7.75, 14.25], "texture": "#0"},
				"east": {"uv": [15, 6, 15.25, 6.25], "texture": "#0"},
				"south": {"uv": [6.5, 15, 6.75, 15.25], "texture": "#0"},
				"west": {"uv": [15, 6.5, 15.25, 6.75], "texture": "#0"},
				"up": {"uv": [7.25, 15.25, 7, 15], "texture": "#0"},
				"down": {"uv": [11.25, 15, 11, 15.25], "texture": "#0"}
			}
		},
		{
			"from": [7.75, -0.15433, 9.89099],
			"to": [8.25, 0.09567, 10.39099],
			"rotation": {"angle": 0, "axis": "y", "origin": [8, 0.34567, 10.14099]},
			"faces": {
				"north": {"uv": [15.5, 0.5, 15.75, 0.625], "texture": "#0"},
				"east": {"uv": [1, 15.5, 1.25, 15.625], "texture": "#0"},
				"south": {"uv": [15.5, 1, 15.75, 1.125], "texture": "#0"},
				"west": {"uv": [1.5, 15.5, 1.75, 15.625], "texture": "#0"},
				"up": {"uv": [11.75, 15.25, 11.5, 15], "texture": "#0"},
				"down": {"uv": [15.25, 13.5, 15, 13.75], "texture": "#0"}
			}
		},
		{
			"from": [7.5, -1.81694, 7.38229],
			"to": [8.5, -1.31694, 9.38229],
			"rotation": {"angle": 45, "axis": "x", "origin": [8, -1.44194, 10.38229]},
			"faces": {
				"north": {"uv": [12, 13, 12.5, 13.25], "texture": "#0"},
				"east": {"uv": [15, 4, 16, 4.25], "texture": "#0"},
				"south": {"uv": [3, 13.5, 3.5, 13.75], "texture": "#0"},
				"west": {"uv": [15, 4.5, 16, 4.75], "texture": "#0"},
				"up": {"uv": [3, 8.5, 2.5, 7.5], "texture": "#0"},
				"down": {"uv": [9, 4, 8.5, 5], "texture": "#0"}
			}
		},
		{
			"from": [5.25, 1.5, 0.41002],
			"to": [9.25, 3.75, 4.41002],
			"rotation": {"angle": 45, "axis": "y", "origin": [8, 2.75, 1.66002]},
			"faces": {
				"north": {"uv": [8.5, 2.5, 10.5, 3.625], "texture": "#0"},
				"east": {"uv": [7, 8.5, 9, 9.625], "texture": "#0"},
				"south": {"uv": [0, 9, 2, 10.125], "texture": "#0"},
				"west": {"uv": [9, 0, 11, 1.125], "texture": "#0"},
				"up": {"uv": [5, 5, 3, 3], "texture": "#0"},
				"down": {"uv": [6.5, 0, 4.5, 2], "texture": "#0"}
			}
		},
		{
			"from": [7, 1.15434, 11.14779],
			"to": [9, 2.65434, 15.14779],
			"rotation": {"angle": 22.5, "axis": "x", "origin": [7.25, -0.34566, 12.64779]},
			"faces": {
				"north": {"uv": [13.5, 7.5, 14.5, 8.25], "texture": "#0"},
				"east": {"uv": [10.5, 2.5, 12.5, 3.25], "texture": "#0"},
				"south": {"uv": [8, 13.5, 9, 14.25], "texture": "#0"},
				"west": {"uv": [9, 10.5, 11, 11.25], "texture": "#0"},
				"up": {"uv": [10, 10.5, 9, 8.5], "texture": "#0"},
				"down": {"uv": [11, 4, 10, 6], "texture": "#0"}
			}
		},
		{
			"from": [7, 0.68548, 15.33301],
			"to": [9.05, 2.98548, 17.63301],
			"rotation": {"angle": 22.5, "axis": "x", "origin": [7.2875, 0.28548, 11.90801]},
			"faces": {
				"north": {"uv": [1.5, 11.5, 2.5, 12.625], "texture": "#0"},
				"east": {"uv": [11, 0, 12.125, 1.125], "texture": "#0"},
				"south": {"uv": [2.5, 11.5, 3.5, 12.625], "texture": "#0"},
				"west": {"uv": [11, 3.5, 12.125, 4.625], "texture": "#0"},
				"up": {"uv": [12.5, 7.625, 11.5, 6.5], "texture": "#0"},
				"down": {"uv": [8, 11.5, 7, 12.625], "texture": "#0"}
			}
		},
		{
			"from": [7.25, 0.93548, 17.58301],
			"to": [8.8, 2.73548, 17.88301],
			"rotation": {"angle": 22.5, "axis": "x", "origin": [7.2875, 0.28548, 11.90801]},
			"faces": {
				"north": {"uv": [13, 13.5, 13.75, 14.375], "texture": "#0"},
				"east": {"uv": [6, 14.5, 6.125, 15.375], "texture": "#0"},
				"south": {"uv": [0, 14, 0.75, 14.875], "texture": "#0"},
				"west": {"uv": [10.5, 14.5, 10.625, 15.375], "texture": "#0"},
				"up": {"uv": [15.75, 5.125, 15, 5], "texture": "#0"},
				"down": {"uv": [15.75, 5.5, 15, 5.625], "texture": "#0"}
			}
		},
		{
			"from": [7.375, 3.08579, 10.56473],
			"to": [8.625, 4.33579, 12.31473],
			"rotation": {"angle": -22.5, "axis": "x", "origin": [8, 4.21079, 14.43973]},
			"faces": {
				"north": {"uv": [14.5, 12, 15.125, 12.625], "texture": "#0"},
				"east": {"uv": [3, 14, 3.875, 14.625], "texture": "#0"},
				"south": {"uv": [13, 14.5, 13.625, 15.125], "texture": "#0"},
				"west": {"uv": [14, 4, 14.875, 4.625], "texture": "#0"},
				"up": {"uv": [14.625, 5.875, 14, 5], "texture": "#0"},
				"down": {"uv": [14.625, 6, 14, 6.875], "texture": "#0"}
			}
		},
		{
			"from": [4.80508, 2.25, 0.96546],
			"to": [6.80508, 4, 5.21546],
			"rotation": {"angle": -22.5, "axis": "y", "origin": [6.2838, 2.88125, 0.87126]},
			"faces": {
				"north": {"uv": [12.5, 8.5, 13.5, 9.375], "texture": "#0"},
				"east": {"uv": [10, 8.5, 12.125, 9.375], "texture": "#0"},
				"south": {"uv": [9, 12.5, 10, 13.375], "texture": "#0"},
				"west": {"uv": [10, 9.5, 12.125, 10.375], "texture": "#0"},
				"up": {"uv": [4, 11.125, 3, 9], "texture": "#0"},
				"down": {"uv": [10, 4, 9, 6.125], "texture": "#0"}
			}
		},
		{
			"from": [1.46447, 2.5, 1.76357],
			"to": [4.46447, 3.75, 3.26357],
			"rotation": {"angle": 22.5, "axis": "y", "origin": [6.2838, 2.88125, 0.87126]},
			"faces": {
				"north": {"uv": [12.5, 5.5, 14, 6.125], "texture": "#0"},
				"east": {"uv": [14, 13.5, 14.75, 14.125], "texture": "#0"},
				"south": {"uv": [12.5, 6.5, 14, 7.125], "texture": "#0"},
				"west": {"uv": [14.5, 0, 15.25, 0.625], "texture": "#0"},
				"up": {"uv": [1.5, 12.75, 0, 12], "texture": "#0"},
				"down": {"uv": [12.5, 12, 11, 12.75], "texture": "#0"}
			}
		},
		{
			"from": [-1.43347, 2.5, 6.36149],
			"to": [-0.18347, 3.75, 7.61149],
			"rotation": {"angle": 22.5, "axis": "y", "origin": [6.2838, 2.88125, 0.87126]},
			"faces": {
				"north": {"uv": [8.5, 14.5, 9.125, 15.125], "texture": "#0"},
				"east": {"uv": [14.5, 9, 15.125, 9.625], "texture": "#0"},
				"south": {"uv": [9.5, 14.5, 10.125, 15.125], "texture": "#0"},
				"west": {"uv": [14.5, 10, 15.125, 10.625], "texture": "#0"},
				"up": {"uv": [15.125, 11.625, 14.5, 11], "texture": "#0"},
				"down": {"uv": [12.625, 14.5, 12, 15.125], "texture": "#0"}
			}
		},
		{
			"from": [1.04305, 2.25, 7.33819],
			"to": [2.79305, 4, 9.08819],
			"rotation": {"angle": 0, "axis": "y", "origin": [6.2838, 2.88125, 0.87126]},
			"faces": {
				"north": {"uv": [1, 13, 1.875, 13.875], "texture": "#0"},
				"east": {"uv": [2, 13, 2.875, 13.875], "texture": "#0"},
				"south": {"uv": [7, 13, 7.875, 13.875], "texture": "#0"},
				"west": {"uv": [11, 13, 11.875, 13.875], "texture": "#0"},
				"up": {"uv": [14.375, 0.875, 13.5, 0], "texture": "#0"},
				"down": {"uv": [14.375, 1, 13.5, 1.875], "texture": "#0"}
			}
		},
		{
			"from": [0.79305, 2, 2.83819],
			"to": [3.04305, 4.25, 7.33819],
			"rotation": {"angle": 0, "axis": "y", "origin": [6.2838, 2.88125, 0.87126]},
			"faces": {
				"north": {"uv": [5.5, 11, 6.625, 12.125], "texture": "#0"},
				"east": {"uv": [7.5, 7.25, 8.625, 5], "rotation": 90, "texture": "#0"},
				"south": {"uv": [11, 10.5, 12.125, 11.625], "texture": "#0"},
				"west": {"uv": [8.625, 5, 7.5, 7.25], "rotation": 90, "texture": "#0"},
				"up": {"uv": [8.625, 7.25, 7.5, 5], "texture": "#0"},
				"down": {"uv": [7.5, 5, 8.625, 7.25], "texture": "#0"}
			}
		},
		{
			"from": [2.44425, 3, -1.65647],
			"to": [2.99425, 3.275, -0.83147],
			"rotation": {"angle": 22.5, "axis": "y", "origin": [6.2838, 2.88125, 0.87126]},
			"faces": {
				"north": {"uv": [15.5, 0, 15.75, 0.125], "texture": "#0"},
				"east": {"uv": [14.5, 15, 14.875, 15.125], "texture": "#0"},
				"south": {"uv": [0.5, 15.5, 0.75, 15.625], "texture": "#0"},
				"west": {"uv": [15, 14.5, 15.375, 14.625], "texture": "#0"},
				"up": {"uv": [4.25, 14.375, 4, 14], "texture": "#0"},
				"down": {"uv": [14.25, 7, 14, 7.375], "texture": "#0"}
			}
		},
		{
			"from": [3.13406, 2.725, -2.27643],
			"to": [4.23406, 3.55, -0.90143],
			"rotation": {"angle": 45, "axis": "y", "origin": [6.2838, 2.88125, 0.87126]},
			"faces": {
				"north": {"uv": [5, 9.5, 5.5, 9.875], "texture": "#0"},
				"east": {"uv": [0, 15, 0.75, 15.375], "texture": "#0"},
				"south": {"uv": [10.5, 3.5, 11, 3.875], "texture": "#0"},
				"west": {"uv": [11.375, 7.5, 11, 8.25], "rotation": 90, "texture": "#0"},
				"up": {"uv": [11.5, 8.25, 11, 7.5], "texture": "#0"},
				"down": {"uv": [11.5, 7.5, 11, 8.25], "texture": "#0"}
			}
		},
		{
			"from": [3.33545, 2.45, 1.70693],
			"to": [4.98545, 3.825, 3.35693],
			"rotation": {"angle": -22.5, "axis": "y", "origin": [6.2838, 2.88125, 0.87126]},
			"faces": {
				"north": {"uv": [13.5, 11.5, 14.375, 12.25], "texture": "#0"},
				"east": {"uv": [12, 13.5, 12.875, 14.25], "texture": "#0"},
				"south": {"uv": [13.5, 12.5, 14.375, 13.25], "texture": "#0"},
				"west": {"uv": [13.5, 10.5, 14.375, 11.25], "texture": "#0"},
				"up": {"uv": [5.375, 14.375, 4.5, 13.5], "rotation": 270, "texture": "#0"},
				"down": {"uv": [6.375, 13.5, 5.5, 14.375], "rotation": 90, "texture": "#0"}
			}
		},
		{
			"from": [9.19492, 2.25, 0.96546],
			"to": [11.19492, 4, 5.21546],
			"rotation": {"angle": 22.5, "axis": "y", "origin": [9.7162, 2.88125, 0.87126]},
			"faces": {
				"north": {"uv": [13.5, 8.5, 12.5, 9.375], "texture": "#0"},
				"east": {"uv": [12.125, 9.5, 10, 10.375], "texture": "#0"},
				"south": {"uv": [10, 12.5, 9, 13.375], "texture": "#0"},
				"west": {"uv": [12.125, 8.5, 10, 9.375], "texture": "#0"},
				"up": {"uv": [3, 11.125, 4, 9], "texture": "#0"},
				"down": {"uv": [9, 4, 10, 6.125], "texture": "#0"}
			}
		},
		{
			"from": [11.53553, 2.5, 1.76357],
			"to": [14.53553, 3.75, 3.26357],
			"rotation": {"angle": -22.5, "axis": "y", "origin": [9.7162, 2.88125, 0.87126]},
			"faces": {
				"north": {"uv": [14, 5.5, 12.5, 6.125], "texture": "#0"},
				"east": {"uv": [15.25, 0, 14.5, 0.625], "texture": "#0"},
				"south": {"uv": [14, 6.5, 12.5, 7.125], "texture": "#0"},
				"west": {"uv": [14.75, 13.5, 14, 14.125], "texture": "#0"},
				"up": {"uv": [0, 12.75, 1.5, 12], "texture": "#0"},
				"down": {"uv": [11, 12, 12.5, 12.75], "texture": "#0"}
			}
		},
		{
			"from": [16.18347, 2.5, 6.36149],
			"to": [17.43347, 3.75, 7.61149],
			"rotation": {"angle": -22.5, "axis": "y", "origin": [9.7162, 2.88125, 0.87126]},
			"faces": {
				"north": {"uv": [9.125, 14.5, 8.5, 15.125], "texture": "#0"},
				"east": {"uv": [15.125, 10, 14.5, 10.625], "texture": "#0"},
				"south": {"uv": [10.125, 14.5, 9.5, 15.125], "texture": "#0"},
				"west": {"uv": [15.125, 9, 14.5, 9.625], "texture": "#0"},
				"up": {"uv": [14.5, 11.625, 15.125, 11], "texture": "#0"},
				"down": {"uv": [12, 14.5, 12.625, 15.125], "texture": "#0"}
			}
		},
		{
			"from": [13.20695, 2.25, 7.33819],
			"to": [14.95695, 4, 9.08819],
			"rotation": {"angle": 0, "axis": "y", "origin": [9.7162, 2.88125, 0.87126]},
			"faces": {
				"north": {"uv": [1.875, 13, 1, 13.875], "texture": "#0"},
				"east": {"uv": [11.875, 13, 11, 13.875], "texture": "#0"},
				"south": {"uv": [7.875, 13, 7, 13.875], "texture": "#0"},
				"west": {"uv": [2.875, 13, 2, 13.875], "texture": "#0"},
				"up": {"uv": [13.5, 0.875, 14.375, 0], "texture": "#0"},
				"down": {"uv": [13.5, 1, 14.375, 1.875], "texture": "#0"}
			}
		},
		{
			"from": [12.95695, 2, 2.83819],
			"to": [15.20695, 4.25, 7.33819],
			"rotation": {"angle": 0, "axis": "y", "origin": [13.08195, 3.125, 4.58819]},
			"faces": {
				"north": {"uv": [6.625, 11, 5.5, 12.125], "texture": "#0"},
				"east": {"uv": [8.625, 7.25, 7.5, 5], "rotation": 90, "texture": "#0"},
				"south": {"uv": [12.125, 10.5, 11, 11.625], "texture": "#0"},
				"west": {"uv": [7.5, 5, 8.625, 7.25], "rotation": 90, "texture": "#0"},
				"up": {"uv": [7.5, 7.25, 8.625, 5], "texture": "#0"},
				"down": {"uv": [8.625, 5, 7.5, 7.25], "texture": "#0"}
			}
		},
		{
			"from": [13.00575, 3, -1.65647],
			"to": [13.55575, 3.275, -0.83147],
			"rotation": {"angle": -22.5, "axis": "y", "origin": [9.7162, 2.88125, 0.87126]},
			"faces": {
				"north": {"uv": [15.75, 0, 15.5, 0.125], "texture": "#0"},
				"east": {"uv": [15.375, 14.5, 15, 14.625], "texture": "#0"},
				"south": {"uv": [0.75, 15.5, 0.5, 15.625], "texture": "#0"},
				"west": {"uv": [14.875, 15, 14.5, 15.125], "texture": "#0"},
				"up": {"uv": [4, 14.375, 4.25, 14], "texture": "#0"},
				"down": {"uv": [14, 7, 14.25, 7.375], "texture": "#0"}
			}
		},
		{
			"from": [11.76594, 2.725, -2.27643],
			"to": [12.86594, 3.55, -0.90143],
			"rotation": {"angle": -45, "axis": "y", "origin": [9.7162, 2.88125, 0.87126]},
			"faces": {
				"north": {"uv": [5.5, 9.5, 5, 9.875], "texture": "#0"},
				"east": {"uv": [11.375, 8.25, 11, 7.5], "rotation": 90, "texture": "#0"},
				"south": {"uv": [11, 3.5, 10.5, 3.875], "texture": "#0"},
				"west": {"uv": [0.75, 15, 0, 15.375], "texture": "#0"},
				"up": {"uv": [11, 8.25, 11.5, 7.5], "texture": "#0"},
				"down": {"uv": [11, 7.5, 11.5, 8.25], "texture": "#0"}
			}
		},
		{
			"from": [11.01455, 2.45, 1.70693],
			"to": [12.66455, 3.825, 3.35693],
			"rotation": {"angle": 22.5, "axis": "y", "origin": [9.7162, 2.88125, 0.87126]},
			"faces": {
				"north": {"uv": [14.375, 11.5, 13.5, 12.25], "texture": "#0"},
				"east": {"uv": [14.375, 10.5, 13.5, 11.25], "texture": "#0"},
				"south": {"uv": [14.375, 12.5, 13.5, 13.25], "texture": "#0"},
				"west": {"uv": [12.875, 13.5, 12, 14.25], "texture": "#0"},
				"up": {"uv": [4.5, 14.375, 5.375, 13.5], "rotation": 90, "texture": "#0"},
				"down": {"uv": [5.5, 13.5, 6.375, 14.375], "rotation": 270, "texture": "#0"}
			}
		},
		{
			"from": [-0.75, 3.25, 2.16002],
			"to": [16.75, 3.25, 15.66002],
			"rotation": {"angle": 0, "axis": "y", "origin": [7.25, 0, 6.41002]},
			"faces": {
				"north": {"uv": [0, 0, 8.75, 0], "texture": "#1"},
				"east": {"uv": [0, 0, 6.75, 0], "texture": "#1"},
				"south": {"uv": [0, 0, 8.75, 0], "texture": "#1"},
				"west": {"uv": [0, 0, 6.75, 0], "texture": "#1"},
				"up": {"uv": [8.75, 6.75, 0, 0], "texture": "#1"},
				"down": {"uv": [8.75, 7, 0, 13.75], "texture": "#1"}
			}
		},
		{
			"from": [5.14, 3.825, -8.09],
			"to": [10.86, 3.825, -2.37],
			"rotation": {"angle": 0, "axis": "y", "origin": [8, 3.825, -5.23]},
			"faces": {
				"north": {"uv": [0, 0, 16, 16], "texture": "#2"},
				"east": {"uv": [0, 0, 16, 16], "texture": "#2"},
				"south": {"uv": [0, 0, 16, 16], "texture": "#2"},
				"west": {"uv": [0, 0, 16, 16], "texture": "#2"},
				"up": {"uv": [16, 16, 0, 0], "texture": "#2"},
				"down": {"uv": [16, 0, 0, 16], "texture": "#2"}
			}
		},
		{
			"from": [8, 0.965, -8.09],
			"to": [8, 6.685, -2.37],
			"rotation": {"angle": 0, "axis": "y", "origin": [8, 3.825, -5.23]},
			"faces": {
				"north": {"uv": [0, 0, 16, 16], "rotation": 270, "texture": "#2"},
				"east": {"uv": [16, 0, 0, 16], "rotation": 90, "texture": "#2"},
				"south": {"uv": [0, 0, 16, 16], "rotation": 90, "texture": "#2"},
				"west": {"uv": [0, 0, 16, 16], "rotation": 90, "texture": "#2"},
				"up": {"uv": [0, 0, 16, 16], "rotation": 90, "texture": "#2"},
				"down": {"uv": [0, 0, 16, 16], "rotation": 90, "texture": "#2"}
			}
		},
		{
			"from": [5.14, 3.825, -8.09],
			"to": [10.86, 3.825, -2.37],
			"rotation": {"angle": -22.5, "axis": "z", "origin": [8, 3.825, -5.23]},
			"faces": {
				"north": {"uv": [0, 0, 16, 16], "texture": "#2"},
				"east": {"uv": [0, 0, 16, 16], "texture": "#2"},
				"south": {"uv": [0, 0, 16, 16], "texture": "#2"},
				"west": {"uv": [0, 0, 16, 16], "texture": "#2"},
				"up": {"uv": [16, 16, 0, 0], "texture": "#2"},
				"down": {"uv": [16, 0, 0, 16], "texture": "#2"}
			}
		},
		{
			"from": [8, 0.965, -8.09],
			"to": [8, 6.685, -2.37],
			"rotation": {"angle": -22.5, "axis": "z", "origin": [8, 3.825, -5.23]},
			"faces": {
				"north": {"uv": [0, 0, 16, 16], "rotation": 270, "texture": "#2"},
				"east": {"uv": [16, 0, 0, 16], "rotation": 90, "texture": "#2"},
				"south": {"uv": [0, 0, 16, 16], "rotation": 90, "texture": "#2"},
				"west": {"uv": [0, 0, 16, 16], "rotation": 90, "texture": "#2"},
				"up": {"uv": [0, 0, 16, 16], "rotation": 90, "texture": "#2"},
				"down": {"uv": [0, 0, 16, 16], "rotation": 90, "texture": "#2"}
			}
		},
		{
			"from": [5.14, 3.825, -8.09],
			"to": [10.86, 3.825, -2.37],
			"rotation": {"angle": -45, "axis": "z", "origin": [8, 3.825, -5.23]},
			"faces": {
				"north": {"uv": [0, 0, 16, 16], "texture": "#2"},
				"east": {"uv": [0, 0, 16, 16], "texture": "#2"},
				"south": {"uv": [0, 0, 16, 16], "texture": "#2"},
				"west": {"uv": [0, 0, 16, 16], "texture": "#2"},
				"up": {"uv": [16, 16, 0, 0], "texture": "#2"},
				"down": {"uv": [16, 0, 0, 16], "texture": "#2"}
			}
		},
		{
			"from": [8, 0.965, -8.09],
			"to": [8, 6.685, -2.37],
			"rotation": {"angle": -45, "axis": "z", "origin": [8, 3.825, -5.23]},
			"faces": {
				"north": {"uv": [0, 0, 16, 16], "rotation": 270, "texture": "#2"},
				"east": {"uv": [16, 0, 0, 16], "rotation": 90, "texture": "#2"},
				"south": {"uv": [0, 0, 16, 16], "rotation": 90, "texture": "#2"},
				"west": {"uv": [0, 0, 16, 16], "rotation": 90, "texture": "#2"},
				"up": {"uv": [0, 0, 16, 16], "rotation": 90, "texture": "#2"},
				"down": {"uv": [0, 0, 16, 16], "rotation": 90, "texture": "#2"}
			}
		},
		{
			"from": [8, 0.965, -8.09],
			"to": [8, 6.685, -2.37],
			"rotation": {"angle": 22.5, "axis": "z", "origin": [8, 3.825, -5.23]},
			"faces": {
				"north": {"uv": [0, 0, 16, 16], "rotation": 270, "texture": "#2"},
				"east": {"uv": [16, 16, 0, 0], "rotation": 90, "texture": "#2"},
				"south": {"uv": [0, 0, 16, 16], "rotation": 90, "texture": "#2"},
				"west": {"uv": [16, 0, 0, 16], "rotation": 90, "texture": "#2"},
				"up": {"uv": [0, 0, 16, 16], "rotation": 90, "texture": "#2"},
				"down": {"uv": [0, 0, 16, 16], "rotation": 90, "texture": "#2"}
			}
		},
		{
			"from": [5.14, 3.825, -8.09],
			"to": [10.86, 3.825, -2.37],
			"rotation": {"angle": 22.5, "axis": "z", "origin": [8, 3.825, -5.23]},
			"faces": {
				"north": {"uv": [0, 0, 16, 16], "rotation": 180, "texture": "#2"},
				"east": {"uv": [0, 0, 16, 16], "rotation": 180, "texture": "#2"},
				"south": {"uv": [0, 0, 16, 16], "rotation": 180, "texture": "#2"},
				"west": {"uv": [0, 0, 16, 16], "rotation": 180, "texture": "#2"},
				"up": {"uv": [0, 0, 16, 16], "rotation": 180, "texture": "#2"},
				"down": {"uv": [16, 0, 0, 16], "rotation": 180, "texture": "#2"}
			}
		}
	],
	"display": {
		"thirdperson_righthand": {
			"rotation": [12, 0, 0],
			"translation": [0, 9, 0],
			"scale": [0.97656, 0.97656, 0.97656]
		},
		"thirdperson_lefthand": {
			"rotation": [12, 0, 0],
			"translation": [0, 9, 0],
			"scale": [0.97656, 0.97656, 0.97656]
		},
		"firstperson_righthand": {
			"rotation": [2.78, -10.75, 0.47],
			"translation": [1.5, 7.25, 0.25],
			"scale": [0.80469, 0.80469, 0.80469]
		},
		"firstperson_lefthand": {
			"rotation": [2.78, -10.75, 0.47],
			"translation": [2, 7.25, 0.25],
			"scale": [0.80469, 0.80469, 0.80469]
		},
		"ground": {
			"translation": [0, 9, 1.25]
		},
		"gui": {
			"rotation": [59.51, -43.8, 8.71],
			"translation": [-1.5, 2.25, 0],
			"scale": [0.76758, 0.76758, 0.76758]
		},
		"head": {
			"translation": [0, -11.25, -16],
			"scale": [1.24023, 1.24023, 1.24023]
		},
		"fixed": {
			"rotation": [-110, 0, 0],
			"translation": [0, -9.5, -39],
			"scale": [2.60547, 2.60547, 2.60547]
		}
	},
	"groups": [
		{
			"name": "all",
			"origin": [8, 4.21079, 14.43973],
			"color": 0,
			"children": [0, 1, 2, 3, 4, 5, 6, 7, 8, 9, 10, 11, 12]
		},
		{
			"name": "kiri",
			"origin": [-1.05881, 3.275, -0.62263],
			"color": 0,
			"children": [13, 14, 15, 16, 17, 18, 19, 20]
		},
		{
			"name": "kanan",
			"origin": [-1.05881, 3.275, -0.62263],
			"color": 0,
			"children": [21, 22, 23, 24, 25, 26, 27, 28]
		},
		29,
		30,
		31,
		32,
		33,
		34,
		35,
		36,
		37
	]
}