{
	"credit": "Made with Blockbench",
	"texture_size": [64, 64],
	"textures": {
		"0": "./ghostmask",
		"particle": "./ghostmask"
	},
	"elements": [
		{
			"from": [1.96576, 25.5818, 8.1],
			"to": [5.96576, 31.5818, 8.1],
			"rotation": {"angle": -22.5, "axis": "z", "origin": [-0.03424, -5.4182, -1]},
			"faces": {
				"north": {"uv": [5, 6, 6, 7.5], "texture": "#0"},
				"east": {"uv": [0, 0, 0, 1.5], "texture": "#0"},
				"south": {"uv": [6, 6, 7, 7.5], "texture": "#0"},
				"west": {"uv": [0, 0, 0, 1.5], "texture": "#0"},
				"up": {"uv": [1, 0, 0, 0], "texture": "#0"},
				"down": {"uv": [1, 0, 0, 0], "texture": "#0"}
			}
		},
		{
			"from": [3.79678, 17.81432, 7.1],
			"to": [9.79678, 25.81432, 8.9],
			"rotation": {"angle": -22.5, "axis": "z", "origin": [0.79678, 1.81432, -0.1]},
			"faces": {
				"north": {"uv": [4, 0, 5.5, 2], "texture": "#0"},
				"east": {"uv": [7, 7, 7.5, 9], "texture": "#0"},
				"south": {"uv": [4, 2, 5.5, 4], "texture": "#0"},
				"west": {"uv": [1, 7.5, 1.5, 9.5], "texture": "#0"},
				"up": {"uv": [4, 8, 2.5, 7.5], "texture": "#0"},
				"down": {"uv": [9.5, 0.5, 8, 1], "texture": "#0"}
			}
		},
		{
			"from": [6.73817, 20.15227, 8.1],
			"to": [10.73817, 26.15227, 8.1],
			"rotation": {"angle": 22.5, "axis": "z", "origin": [0.73817, 0.15227, 0]},
			"faces": {
				"north": {"uv": [0, 7, 1, 8.5], "texture": "#0"},
				"east": {"uv": [0, 0, 0, 1.5], "texture": "#0"},
				"south": {"uv": [7, 0, 8, 1.5], "texture": "#0"},
				"west": {"uv": [0, 0, 0, 1.5], "texture": "#0"},
				"up": {"uv": [1, 0, 0, 0], "texture": "#0"},
				"down": {"uv": [1, 0, 0, 0], "texture": "#0"}
			}
		},
		{
			"from": [5.73817, 12.15227, 7.1],
			"to": [11.73817, 20.15227, 8.9],
			"rotation": {"angle": 22.5, "axis": "z", "origin": [0.73817, 0.15227, 0]},
			"faces": {
				"north": {"uv": [4, 4, 5.5, 6], "texture": "#0"},
				"east": {"uv": [1.5, 7.5, 2, 9.5], "texture": "#0"},
				"south": {"uv": [5.5, 0, 7, 2], "texture": "#0"},
				"west": {"uv": [2, 7.5, 2.5, 9.5], "texture": "#0"},
				"up": {"uv": [9.5, 1.5, 8, 1], "texture": "#0"},
				"down": {"uv": [4, 8, 2.5, 8.5], "texture": "#0"}
			}
		},
		{
			"from": [0, 1, 7],
			"to": [16, 15, 9],
			"rotation": {"angle": 0, "axis": "y", "origin": [0, -1, 0]},
			"faces": {
				"north": {"uv": [0, 0, 4, 3.5], "texture": "#0"},
				"east": {"uv": [4, 6, 4.5, 9.5], "texture": "#0"},
				"south": {"uv": [0, 3.5, 4, 7], "texture": "#0"},
				"west": {"uv": [4.5, 6, 5, 9.5], "texture": "#0"},
				"up": {"uv": [9.5, 3.5, 5.5, 3], "texture": "#0"},
				"down": {"uv": [9.5, 3.5, 5.5, 4], "texture": "#0"}
			}
		},
		{
			"from": [-2, 5, 7],
			"to": [0, 11, 9],
			"rotation": {"angle": 0, "axis": "y", "origin": [0, -1, 0]},
			"faces": {
				"north": {"uv": [5, 8, 5.5, 9.5], "texture": "#0"},
				"east": {"uv": [5.5, 8, 6, 9.5], "texture": "#0"},
				"south": {"uv": [6, 8, 6.5, 9.5], "texture": "#0"},
				"west": {"uv": [6.5, 8, 7, 9.5], "texture": "#0"},
				"up": {"uv": [3, 9, 2.5, 8.5], "texture": "#0"},
				"down": {"uv": [3.5, 8.5, 3, 9], "texture": "#0"}
			}
		},
		{
			"from": [4, 15, 7],
			"to": [12, 17, 9],
			"rotation": {"angle": 0, "axis": "y", "origin": [0, -1, 0]},
			"faces": {
				"north": {"uv": [5, 7.5, 7, 8], "texture": "#0"},
				"east": {"uv": [3.5, 8.5, 4, 9], "texture": "#0"},
				"south": {"uv": [7.5, 7, 9.5, 7.5], "texture": "#0"},
				"west": {"uv": [8.5, 8, 9, 8.5], "texture": "#0"},
				"up": {"uv": [9.5, 8, 7.5, 7.5], "texture": "#0"},
				"down": {"uv": [10, 0, 8, 0.5], "texture": "#0"}
			}
		},
		{
			"from": [16, 5, 7],
			"to": [18, 11, 9],
			"rotation": {"angle": 0, "axis": "y", "origin": [0, -1, 0]},
			"faces": {
				"north": {"uv": [7.5, 8, 8, 9.5], "texture": "#0"},
				"east": {"uv": [8, 8, 8.5, 9.5], "texture": "#0"},
				"south": {"uv": [0, 8.5, 0.5, 10], "texture": "#0"},
				"west": {"uv": [0.5, 8.5, 1, 10], "texture": "#0"},
				"up": {"uv": [9, 9, 8.5, 8.5], "texture": "#0"},
				"down": {"uv": [3, 9, 2.5, 9.5], "texture": "#0"}
			}
		},
		{
			"from": [2, -1, 7],
			"to": [14, 1, 9],
			"rotation": {"angle": 0, "axis": "y", "origin": [0, -1, 0]},
			"faces": {
				"north": {"uv": [1, 7, 4, 7.5], "texture": "#0"},
				"east": {"uv": [3, 9, 3.5, 9.5], "texture": "#0"},
				"south": {"uv": [7, 1.5, 10, 2], "texture": "#0"},
				"west": {"uv": [3.5, 9, 4, 9.5], "texture": "#0"},
				"up": {"uv": [10, 6.5, 7, 6], "texture": "#0"},
				"down": {"uv": [10, 6.5, 7, 7], "texture": "#0"}
			}
		},
		{
			"from": [-1, 7, 25],
			"to": [17, 9, 25],
			"rotation": {"angle": 0, "axis": "y", "origin": [0, 1, 0]},
			"faces": {
				"north": {"uv": [5.5, 2, 10, 2.5], "texture": "#0"},
				"east": {"uv": [0, 0, 0, 0.5], "texture": "#0"},
				"south": {"uv": [5.5, 2.5, 10, 3], "texture": "#0"},
				"west": {"uv": [0, 0, 0, 0.5], "texture": "#0"},
				"up": {"uv": [4.5, 0, 0, 0], "texture": "#0"},
				"down": {"uv": [4.5, 0, 0, 0], "texture": "#0"}
			}
		},
		{
			"from": [-1, 7, 9],
			"to": [-1, 9, 25],
			"rotation": {"angle": 0, "axis": "y", "origin": [0, 1, 0]},
			"faces": {
				"north": {"uv": [0, 0, 0, 0.5], "texture": "#0"},
				"east": {"uv": [5.5, 4, 9.5, 4.5], "texture": "#0"},
				"south": {"uv": [0, 0, 0, 0.5], "texture": "#0"},
				"west": {"uv": [5.5, 4.5, 9.5, 5], "texture": "#0"},
				"up": {"uv": [0, 4, 0, 0], "texture": "#0"},
				"down": {"uv": [0, 0, 0, 4], "texture": "#0"}
			}
		},
		{
			"from": [17, 7, 9],
			"to": [17, 9, 25],
			"rotation": {"angle": 0, "axis": "y", "origin": [0, 1, 0]},
			"faces": {
				"north": {"uv": [0, 0, 0, 0.5], "texture": "#0"},
				"east": {"uv": [5.5, 5, 9.5, 5.5], "texture": "#0"},
				"south": {"uv": [0, 0, 0, 0.5], "texture": "#0"},
				"west": {"uv": [5.5, 5.5, 9.5, 6], "texture": "#0"},
				"up": {"uv": [0, 4, 0, 0], "texture": "#0"},
				"down": {"uv": [0, 0, 0, 4], "texture": "#0"}
			}
		}
	],
	"display": {
		"thirdperson_righthand": {
			"rotation": [-11.58, 3.19, -2.31],
			"translation": [-2.5, 1.5, 0.5],
			"scale": [0.39844, 0.39844, 0.39844]
		},
		"thirdperson_lefthand": {
			"rotation": [-11.58, 3.19, -2.31],
			"translation": [-2.5, 1.5, 0.5],
			"scale": [0.39844, 0.39844, 0.39844]
		},
		"firstperson_righthand": {
			"rotation": [162.11, 52.75, -166.71],
			"translation": [1.5, 5, -1.5],
			"scale": [0.46875, 0.46875, 0.46875]
		},
		"firstperson_lefthand": {
			"rotation": [162.11, 52.75, -166.71],
			"translation": [1.5, 5, -1.5],
			"scale": [0.46875, 0.46875, 0.46875]
		},
		"ground": {
			"rotation": [30.96, -0.53, -1.95],
			"translation": [0, 10, -5.25],
			"scale": [0.68555, 0.68555, 0.68555]
		},
		"gui": {
			"rotation": [-154.82, 47.29, 179.22],
			"translation": [-2.25, -2.5, 0],
			"scale": [0.48, 0.48, 0.48]
		},
		"head": {
			"translation": [0, -0.25, -7.75],
			"scale": [0.91992, 0.91992, 0.84961]
		},
		"fixed": {
			"translation": [0, 0, -16.25]
		}
	},
	"groups": [
		{
			"name": "group",
			"origin": [0.73817, 1.15227, 0],
			"color": 0,
			"children": [0, 1, 2, 3, 4, 5, 6, 7, 8, 9, 10, 11]
		}
	]
}