{
	"credit": "Made with Blockbench",
	"textures": {
		"0": "./darkflame_01_texture",
		"2": "./darkflame_04_texture",
		"3": "./darkflame_animation_01texture",
		"4": "./darkflame_animation_02texture",
		"5": "./wings",
		"particle": "./darkflame_01_texture"
	},
	"elements": [
		{
			"from": [6.75, 7.7, 7],
			"to": [8.25, 9.7, 9],
			"rotation": {"angle": 0, "axis": "y", "origin": [7.5, 9.14936, 8]},
			"faces": {
				"north": {"uv": [0, 2.25, 0.5, 2.75], "texture": "#0"},
				"east": {"uv": [0, 2.25, 0.5, 2.75], "texture": "#0"},
				"south": {"uv": [0, 2.25, 0.5, 2.75], "texture": "#0"},
				"west": {"uv": [0, 2.25, 0.5, 2.75], "texture": "#0"},
				"up": {"uv": [0, 2.75, 0.5, 3.125], "rotation": 90, "texture": "#0"},
				"down": {"uv": [0, 2.75, 0.5, 3.125], "rotation": 270, "texture": "#0"}
			}
		},
		{
			"from": [6.75, 10.7, 7],
			"to": [8.25, 12.7, 9],
			"rotation": {"angle": 0, "axis": "y", "origin": [7.5, 9.14936, 8]},
			"faces": {
				"north": {"uv": [0, 2.25, 0.5, 2.75], "texture": "#0"},
				"east": {"uv": [0, 2.25, 0.5, 2.75], "texture": "#0"},
				"south": {"uv": [0, 2.25, 0.5, 2.75], "texture": "#0"},
				"west": {"uv": [0, 2.25, 0.5, 2.75], "texture": "#0"},
				"up": {"uv": [0, 2.75, 0.5, 3.125], "rotation": 90, "texture": "#0"},
				"down": {"uv": [0, 2.75, 0.5, 3.125], "rotation": 270, "texture": "#0"}
			}
		},
		{
			"from": [6.25, 9.7, 6.5],
			"to": [8.75, 11.7, 9.5],
			"rotation": {"angle": 0, "axis": "y", "origin": [7.5, 9.14936, 8]},
			"faces": {
				"north": {"uv": [0.5, 2.25, 1.25, 2.75], "texture": "#0"},
				"east": {"uv": [0.5, 2.25, 1.25, 2.75], "texture": "#0"},
				"south": {"uv": [0.5, 2.25, 1.25, 2.75], "texture": "#0"},
				"west": {"uv": [0.5, 2.25, 1.25, 2.75], "texture": "#0"},
				"up": {"uv": [0.5, 2.75, 1.25, 3.375], "rotation": 90, "texture": "#0"},
				"down": {"uv": [0.5, 2.75, 1.25, 3.375], "rotation": 270, "texture": "#0"}
			}
		},
		{
			"from": [6.75, 13.7, 7],
			"to": [8.25, 15.7, 9],
			"rotation": {"angle": 0, "axis": "y", "origin": [7.5, 9.14936, 8]},
			"faces": {
				"north": {"uv": [0, 2.25, 0.5, 2.75], "texture": "#0"},
				"east": {"uv": [0, 2.25, 0.5, 2.75], "texture": "#0"},
				"south": {"uv": [0, 2.25, 0.5, 2.75], "texture": "#0"},
				"west": {"uv": [0, 2.25, 0.5, 2.75], "texture": "#0"},
				"up": {"uv": [0, 2.75, 0.5, 3.125], "rotation": 90, "texture": "#0"},
				"down": {"uv": [0, 2.75, 0.5, 3.125], "rotation": 270, "texture": "#0"}
			}
		},
		{
			"from": [6.25, 12.7, 6.5],
			"to": [8.75, 14.7, 9.5],
			"rotation": {"angle": 0, "axis": "y", "origin": [7.5, 9.14936, 8]},
			"faces": {
				"north": {"uv": [0.5, 2.25, 1.25, 2.75], "texture": "#0"},
				"east": {"uv": [0.5, 2.25, 1.25, 2.75], "texture": "#0"},
				"south": {"uv": [0.5, 2.25, 1.25, 2.75], "texture": "#0"},
				"west": {"uv": [0.5, 2.25, 1.25, 2.75], "texture": "#0"},
				"up": {"uv": [0.5, 2.75, 1.25, 3.375], "rotation": 90, "texture": "#0"},
				"down": {"uv": [0.5, 2.75, 1.25, 3.375], "rotation": 270, "texture": "#0"}
			}
		},
		{
			"from": [6.5, -6.7, 7],
			"to": [8.5, -4.7, 9],
			"rotation": {"angle": 0, "axis": "y", "origin": [7.5, 4.74936, 8]},
			"faces": {
				"north": {"uv": [1.5, 1.75, 2, 2.25], "texture": "#0"},
				"east": {"uv": [1.5, 1.75, 2, 2.25], "texture": "#0"},
				"south": {"uv": [1.5, 1.75, 2, 2.25], "texture": "#0"},
				"west": {"uv": [1.5, 1.75, 2, 2.25], "texture": "#0"},
				"up": {"uv": [0, 3.5, 0.5, 4], "rotation": 90, "texture": "#0"},
				"down": {"uv": [0, 3.5, 0.5, 4], "rotation": 270, "texture": "#0"}
			}
		},
		{
			"from": [6.9, -6.2, 6.6],
			"to": [8, -4.7, 9.4],
			"rotation": {"angle": 0, "axis": "y", "origin": [7.5, 4.74936, 8]},
			"faces": {
				"north": {"uv": [5, 7, 6, 8.5], "texture": "#2"},
				"east": {"uv": [0, 0, 3, 1.5], "texture": "#2"},
				"south": {"uv": [6, 7, 7, 8.5], "texture": "#2"},
				"west": {"uv": [0, 2, 3, 3.5], "texture": "#2"},
				"up": {"uv": [4, 3, 3, 0], "texture": "#2"},
				"down": {"uv": [4, 3, 3, 6], "texture": "#2"}
			}
		},
		{
			"from": [6.5, -9.7, 7],
			"to": [8.5, -7.7, 9],
			"rotation": {"angle": 0, "axis": "y", "origin": [7.5, 4.74936, 8]},
			"faces": {
				"north": {"uv": [1.5, 1.75, 2, 2.25], "texture": "#0"},
				"east": {"uv": [1.5, 1.75, 2, 2.25], "texture": "#0"},
				"south": {"uv": [1.5, 1.75, 2, 2.25], "texture": "#0"},
				"west": {"uv": [1.5, 1.75, 2, 2.25], "texture": "#0"},
				"up": {"uv": [0, 3.5, 0.5, 4], "rotation": 90, "texture": "#0"},
				"down": {"uv": [0, 3.5, 0.5, 4], "rotation": 270, "texture": "#0"}
			}
		},
		{
			"from": [6.25, 19.23111, 17.08175],
			"to": [8.75, 21.23111, 19.08175],
			"rotation": {"angle": -45, "axis": "x", "origin": [7.5, 10.14936, 8]},
			"faces": {
				"north": {"uv": [2, 1.5, 2.625, 1], "texture": "#0"},
				"east": {"uv": [1.625, 2.25, 2.125, 2.75], "texture": "#0"},
				"south": {"uv": [2, 1, 2.625, 1.5], "texture": "#0"},
				"west": {"uv": [2.125, 2.25, 1.625, 2.75], "texture": "#0"},
				"up": {"uv": [1.625, 2.75, 2.125, 3.375], "rotation": 90, "texture": "#0"},
				"down": {"uv": [2.125, 2.75, 1.625, 3.375], "rotation": 270, "texture": "#0"}
			}
		},
		{
			"from": [6.25, -6.67499, -3.42435],
			"to": [8.75, -4.67499, -1.42435],
			"rotation": {"angle": -45, "axis": "x", "origin": [7.5, 4.74936, 8]},
			"faces": {
				"north": {"uv": [2, 1.5, 2.625, 1], "texture": "#0"},
				"east": {"uv": [1.625, 2.25, 2.125, 2.75], "texture": "#0"},
				"south": {"uv": [2, 1, 2.625, 1.5], "texture": "#0"},
				"west": {"uv": [2.125, 2.25, 1.625, 2.75], "texture": "#0"},
				"up": {"uv": [1.625, 2.75, 2.125, 3.375], "rotation": 90, "texture": "#0"},
				"down": {"uv": [2.125, 2.75, 1.625, 3.375], "rotation": 270, "texture": "#0"}
			}
		},
		{
			"from": [6.75, -8.7, 7.25],
			"to": [8.25, -3.7, 8.75],
			"rotation": {"angle": 0, "axis": "y", "origin": [7.5, 4.74936, 8]},
			"faces": {
				"north": {"uv": [1.25, 2.25, 1.625, 3.5], "texture": "#0"},
				"east": {"uv": [1.25, 2.25, 1.625, 3.5], "texture": "#0"},
				"south": {"uv": [1.25, 2.25, 1.625, 3.5], "texture": "#0"},
				"west": {"uv": [1.25, 2.25, 1.625, 3.5], "texture": "#0"},
				"up": {"uv": [0, 3.125, 0.375, 3.5], "rotation": 90, "texture": "#0"},
				"down": {"uv": [0, 3.125, 0.375, 3.5], "rotation": 270, "texture": "#0"}
			}
		},
		{
			"from": [6.75, -3.8, 7.25],
			"to": [8.25, 6.7, 8.75],
			"rotation": {"angle": 0, "axis": "y", "origin": [7.5, 9.14936, 8]},
			"faces": {
				"north": {"uv": [1.25, 2.25, 1.625, 3.5], "texture": "#0"},
				"east": {"uv": [1.25, 2.25, 1.625, 3.5], "texture": "#0"},
				"south": {"uv": [1.25, 2.25, 1.625, 3.5], "texture": "#0"},
				"west": {"uv": [1.25, 2.25, 1.625, 3.5], "texture": "#0"},
				"up": {"uv": [0, 3.125, 0.375, 3.5], "rotation": 90, "texture": "#0"},
				"down": {"uv": [0, 3.125, 0.375, 3.5], "rotation": 270, "texture": "#0"}
			}
		},
		{
			"from": [7, -2.6, 15.8],
			"to": [7.9, -0.3, 16.6],
			"rotation": {"angle": 45, "axis": "x", "origin": [7.5, 4.74936, 8]},
			"faces": {
				"north": {"uv": [2, 4, 3, 6.5], "texture": "#2"},
				"east": {"uv": [0, 6, 1, 8.5], "texture": "#2"},
				"south": {"uv": [6, 0, 7, 2.5], "texture": "#2"},
				"west": {"uv": [1, 6, 2, 8.5], "texture": "#2"},
				"up": {"uv": [5, 10, 4, 9], "texture": "#2"},
				"down": {"uv": [6, 9, 5, 10], "texture": "#2"}
			}
		},
		{
			"from": [7, -3.75064, 13.15064],
			"to": [7.9, -2.95064, 15.65064],
			"rotation": {"angle": 45, "axis": "x", "origin": [7.5, 4.74936, 8]},
			"faces": {
				"north": {"uv": [9, 6, 10, 7], "texture": "#2"},
				"east": {"uv": [3, 6, 5.5, 7], "texture": "#2"},
				"south": {"uv": [9, 7, 10, 8], "texture": "#2"},
				"west": {"uv": [6, 3, 8.5, 4], "texture": "#2"},
				"up": {"uv": [7, 6.5, 6, 4], "texture": "#2"},
				"down": {"uv": [8, 0, 7, 2.5], "texture": "#2"}
			}
		},
		{
			"from": [7, -4.9, 9.9],
			"to": [7.9, -3.8, 10.5],
			"rotation": {"angle": 0, "axis": "y", "origin": [7.5, 4.74936, 8]},
			"faces": {
				"north": {"uv": [9, 5, 10, 6], "texture": "#2"},
				"east": {"uv": [10, 2, 10.5, 3], "texture": "#2"},
				"south": {"uv": [6, 9, 7, 10], "texture": "#2"},
				"west": {"uv": [10, 3, 10.5, 4], "texture": "#2"},
				"up": {"uv": [5, 10.5, 4, 10], "texture": "#2"},
				"down": {"uv": [11, 4, 10, 4.5], "texture": "#2"}
			}
		},
		{
			"from": [7, -4.9, 5.7],
			"to": [7.9, -3.8, 6.3],
			"rotation": {"angle": 0, "axis": "y", "origin": [7.5, 4.74936, 8]},
			"faces": {
				"north": {"uv": [9, 8, 10, 9], "texture": "#2"},
				"east": {"uv": [5, 10, 5.5, 11], "texture": "#2"},
				"south": {"uv": [9, 9, 10, 10], "texture": "#2"},
				"west": {"uv": [10, 5, 10.5, 6], "texture": "#2"},
				"up": {"uv": [7, 10.5, 6, 10], "texture": "#2"},
				"down": {"uv": [11, 6, 10, 6.5], "texture": "#2"}
			}
		},
		{
			"from": [6.7, -7.2, 7.1],
			"to": [8.3, -4.2, 8.8],
			"rotation": {"angle": 0, "axis": "y", "origin": [7.5, 4.74936, 8]},
			"faces": {
				"north": {"uv": [1.5, 1.75, 2, 2.25], "texture": "#0"},
				"east": {"uv": [1.5, 1.75, 2, 2.25], "texture": "#0"},
				"south": {"uv": [1.5, 1.75, 2, 2.25], "texture": "#0"},
				"west": {"uv": [1.5, 1.75, 2, 2.25], "texture": "#0"},
				"up": {"uv": [0, 3.5, 0.5, 4], "rotation": 90, "texture": "#0"},
				"down": {"uv": [0, 3.5, 0.5, 4], "rotation": 270, "texture": "#0"}
			}
		},
		{
			"from": [6.5, 6.7, 6.7],
			"to": [8.5, 8.7, 9.2],
			"rotation": {"angle": 0, "axis": "y", "origin": [7.5, 9.14936, 8]},
			"faces": {
				"north": {"uv": [1.5, 1.75, 2, 2.25], "texture": "#0"},
				"east": {"uv": [1.5, 1.75, 2, 2.25], "texture": "#0"},
				"south": {"uv": [1.5, 1.75, 2, 2.25], "texture": "#0"},
				"west": {"uv": [1.5, 1.75, 2, 2.25], "texture": "#0"},
				"up": {"uv": [0, 3.5, 0.5, 4], "rotation": 90, "texture": "#0"},
				"down": {"uv": [0, 3.5, 0.5, 4], "rotation": 270, "texture": "#0"}
			}
		},
		{
			"from": [6.6, 6.1, 7],
			"to": [8.4, 6.7, 9],
			"rotation": {"angle": 0, "axis": "y", "origin": [7.5, 9.14936, 8]},
			"faces": {
				"north": {"uv": [1.5, 1.75, 2, 2.25], "texture": "#0"},
				"east": {"uv": [1.5, 1.75, 2, 2.25], "texture": "#0"},
				"south": {"uv": [1.5, 1.75, 2, 2.25], "texture": "#0"},
				"west": {"uv": [1.5, 1.75, 2, 2.25], "texture": "#0"},
				"up": {"uv": [0, 3.5, 0.5, 4], "rotation": 90, "texture": "#0"},
				"down": {"uv": [0, 3.5, 0.5, 4], "rotation": 270, "texture": "#0"}
			}
		},
		{
			"from": [7.3, 8.51632, -6.99177],
			"to": [7.3, 18.51632, 1.00823],
			"rotation": {"angle": 22.5, "axis": "x", "origin": [7.5, 9.14936, 8]},
			"faces": {
				"east": {"uv": [8, 0, 0, 10], "texture": "#4"},
				"west": {"uv": [0, 0, 8, 10], "texture": "#4"}
			}
		},
		{
			"from": [7.3, 8.13364, 14.91564],
			"to": [7.3, 18.13364, 22.91564],
			"rotation": {"angle": -22.5, "axis": "x", "origin": [7.5, 9.14936, 8]},
			"faces": {
				"east": {"uv": [0, 0, 8, 10], "texture": "#4"},
				"west": {"uv": [8, 0, 0, 10], "texture": "#4"}
			}
		},
		{
			"from": [7.7, 8.13364, 14.91564],
			"to": [7.7, 18.13364, 22.91564],
			"rotation": {"angle": -22.5, "axis": "x", "origin": [7.5, 9.14936, 8]},
			"faces": {
				"east": {"uv": [0, 0, 8, 10], "texture": "#4"},
				"west": {"uv": [8, 0, 0, 10], "texture": "#4"}
			}
		},
		{
			"from": [7.7, 8.13364, 14.91564],
			"to": [7.7, 18.13364, 22.91564],
			"rotation": {"angle": -22.5, "axis": "x", "origin": [7.5, 9.14936, 8]},
			"faces": {
				"east": {"uv": [0, 0, 8, 10], "texture": "#4"},
				"west": {"uv": [8, 0, 0, 10], "texture": "#4"}
			}
		},
		{
			"from": [7.2, 14.95085, 6.1446],
			"to": [7.8, 15.95085, 6.6446],
			"rotation": {"angle": 45, "axis": "x", "origin": [7.5, 9.14936, 8]},
			"faces": {
				"north": {"uv": [5.875, 1.5, 6.125, 1.65], "rotation": 90, "texture": "#0"},
				"east": {"uv": [5.875, 1.375, 6.125, 1.5], "rotation": 90, "texture": "#0"},
				"south": {"uv": [5.875, 1.5, 6.125, 1.65], "rotation": 90, "texture": "#0"},
				"west": {"uv": [5.875, 1.375, 6.125, 1.5], "rotation": 90, "texture": "#0"},
				"up": {"uv": [5.875, 1.75, 6.025, 1.875], "rotation": 180, "texture": "#0"},
				"down": {"uv": [5.875, 1.75, 6.025, 1.875], "texture": "#0"}
			}
		},
		{
			"from": [7.1, 14.9, 11.4],
			"to": [7.9, 16.4, 12.4],
			"rotation": {"angle": 0, "axis": "y", "origin": [7.5, 9.14936, 8]},
			"faces": {
				"north": {"uv": [5.875, 0.875, 6.25, 1.075], "rotation": 90, "texture": "#0"},
				"east": {"uv": [5.875, 0.875, 6.25, 0.625], "rotation": 90, "texture": "#0"},
				"south": {"uv": [5.875, 0.875, 6.25, 1.075], "rotation": 90, "texture": "#0"},
				"west": {"uv": [5.875, 0.625, 6.25, 0.875], "rotation": 90, "texture": "#0"},
				"up": {"uv": [5.75, 1.125, 5.95, 1.375], "rotation": 180, "texture": "#0"},
				"down": {"uv": [5.75, 1.125, 5.95, 1.375], "texture": "#0"}
			}
		},
		{
			"from": [7, 16.25085, 4.0446],
			"to": [8, 17.75085, 6.0446],
			"rotation": {"angle": 45, "axis": "x", "origin": [7.5, 9.14936, 8]},
			"faces": {
				"north": {"uv": [5.5, 3.125, 5.75, 3.5], "texture": "#0"},
				"east": {"uv": [5.5, 3.125, 5, 3.5], "texture": "#0"},
				"south": {"uv": [5.5, 3.125, 5.75, 3.5], "texture": "#0"},
				"west": {"uv": [5, 3.125, 5.5, 3.5], "texture": "#0"},
				"up": {"uv": [5, 3.5, 5.5, 3.75], "rotation": 90, "texture": "#0"},
				"down": {"uv": [5, 3.5, 5.5, 3.75], "rotation": 270, "texture": "#0"}
			}
		},
		{
			"from": [6.5, 16.2, 7.8],
			"to": [8.5, 18.2, 11.3],
			"rotation": {"angle": 0, "axis": "y", "origin": [7.5, 9.14936, 8]},
			"faces": {
				"north": {"uv": [3.0625, 3.625, 3.5625, 4.125], "texture": "#0"},
				"east": {"uv": [4.125, 3.125, 3.25, 3.625], "texture": "#0"},
				"south": {"uv": [3.625, 3.625, 4.125, 4.125], "texture": "#0"},
				"west": {"uv": [3.25, 3.125, 4.125, 3.625], "texture": "#0"},
				"up": {"uv": [4.125, 3.125, 5, 3.625], "rotation": 90, "texture": "#0"},
				"down": {"uv": [4.125, 3.125, 5, 3.625], "rotation": 270, "texture": "#0"}
			}
		},
		{
			"from": [6.5, 16.2, 4.7],
			"to": [8.5, 18.2, 8.2],
			"rotation": {"angle": 0, "axis": "y", "origin": [7.5, 9.14936, 8]},
			"faces": {
				"north": {"uv": [4.125, 3.625, 3.625, 4.125], "texture": "#0"},
				"east": {"uv": [3.25, 3.125, 4.125, 3.625], "texture": "#0"},
				"south": {"uv": [3.5625, 3.625, 3.0625, 4.125], "texture": "#0"},
				"west": {"uv": [4.125, 3.125, 3.25, 3.625], "texture": "#0"},
				"up": {"uv": [5, 3.125, 4.125, 3.625], "rotation": 90, "texture": "#0"},
				"down": {"uv": [5, 3.125, 4.125, 3.625], "rotation": 270, "texture": "#0"}
			}
		},
		{
			"from": [7, 16.25085, 9.9554],
			"to": [8, 17.75085, 11.9554],
			"rotation": {"angle": -45, "axis": "x", "origin": [7.5, 9.14936, 8]},
			"faces": {
				"north": {"uv": [5.75, 3.125, 5.5, 3.5], "texture": "#0"},
				"east": {"uv": [5, 3.125, 5.5, 3.5], "texture": "#0"},
				"south": {"uv": [5.75, 3.125, 5.5, 3.5], "texture": "#0"},
				"west": {"uv": [5.5, 3.125, 5, 3.5], "texture": "#0"},
				"up": {"uv": [5.5, 3.5, 5, 3.75], "rotation": 90, "texture": "#0"},
				"down": {"uv": [5.5, 3.5, 5, 3.75], "rotation": 270, "texture": "#0"}
			}
		},
		{
			"from": [7.1, 14.9, 3.6],
			"to": [7.9, 16.4, 4.6],
			"rotation": {"angle": 0, "axis": "y", "origin": [7.5, 9.14936, 8]},
			"faces": {
				"north": {"uv": [5.875, 1.075, 6.25, 0.875], "rotation": 90, "texture": "#0"},
				"east": {"uv": [5.875, 0.625, 6.25, 0.875], "rotation": 90, "texture": "#0"},
				"south": {"uv": [5.875, 1.075, 6.25, 0.875], "rotation": 90, "texture": "#0"},
				"west": {"uv": [5.875, 0.875, 6.25, 0.625], "rotation": 90, "texture": "#0"},
				"up": {"uv": [5.75, 1.375, 5.95, 1.125], "rotation": 180, "texture": "#0"},
				"down": {"uv": [5.75, 1.375, 5.95, 1.125], "texture": "#0"}
			}
		},
		{
			"from": [7.2, 14.95085, 9.3554],
			"to": [7.8, 15.95085, 9.8554],
			"rotation": {"angle": -45, "axis": "x", "origin": [7.5, 9.14936, 8]},
			"faces": {
				"north": {"uv": [5.875, 1.65, 6.125, 1.5], "rotation": 90, "texture": "#0"},
				"east": {"uv": [5.875, 1.5, 6.125, 1.375], "rotation": 90, "texture": "#0"},
				"south": {"uv": [5.875, 1.65, 6.125, 1.5], "rotation": 90, "texture": "#0"},
				"west": {"uv": [5.875, 1.5, 6.125, 1.375], "rotation": 90, "texture": "#0"},
				"up": {"uv": [5.875, 1.875, 6.025, 1.75], "rotation": 180, "texture": "#0"},
				"down": {"uv": [5.875, 1.875, 6.025, 1.75], "texture": "#0"}
			}
		},
		{
			"from": [7.7, 8.51632, -6.99177],
			"to": [7.7, 18.51632, 1.00823],
			"rotation": {"angle": 22.5, "axis": "x", "origin": [7.5, 9.14936, 8]},
			"faces": {
				"east": {"uv": [8, 0, 0, 10], "texture": "#4"},
				"west": {"uv": [0, 0, 8, 10], "texture": "#4"}
			}
		},
		{
			"from": [7.5, 6.54936, 9.6],
			"to": [7.5, 25.54936, 25.15064],
			"rotation": {"angle": 0, "axis": "y", "origin": [7.5, 2.44936, 8]},
			"faces": {
				"east": {"uv": [0, 4.75, 4, 9.5], "texture": "#5"},
				"west": {"uv": [4, 4.75, 8, 9.5], "texture": "#5"}
			}
		},
		{
			"from": [7.5, 6.44936, -9.55064],
			"to": [7.5, 25.44936, 7],
			"rotation": {"angle": 0, "axis": "y", "origin": [7.5, 2.44936, 8]},
			"faces": {
				"east": {"uv": [0, 0, 4.25, 4.75], "texture": "#5"},
				"west": {"uv": [4.25, 0, 8.5, 4.75], "texture": "#5"}
			}
		},
		{
			"from": [6.6, 20.7, 5.5],
			"to": [8.6, 21.7, 10.5],
			"rotation": {"angle": 0, "axis": "y", "origin": [7.5, 9.14936, 8]},
			"faces": {
				"north": {"uv": [3.25, 3.125, 2.75, 3.375], "texture": "#0"},
				"east": {"uv": [2.9375, 3.3875, 1.6875, 3.6375], "texture": "#0"},
				"south": {"uv": [3.25, 3.125, 2.75, 3.375], "texture": "#0"},
				"west": {"uv": [2.9375, 3.3875, 1.6875, 3.6375], "texture": "#0"},
				"up": {"uv": [2.875, 4.125, 1.625, 3.625], "rotation": 90, "texture": "#0"},
				"down": {"uv": [2.875, 4.125, 1.625, 3.625], "rotation": 270, "texture": "#0"}
			}
		},
		{
			"from": [6.1, 20.7, 6.5],
			"to": [9.1, 22.7, 9.5],
			"rotation": {"angle": 0, "axis": "y", "origin": [7.5, 9.14936, 8]},
			"faces": {
				"north": {"uv": [0.75, 1.75, 0, 2.25], "texture": "#0"},
				"east": {"uv": [0.8125, 1.0125, 0.0625, 1.5125], "texture": "#0"},
				"south": {"uv": [0.75, 1.75, 0, 2.25], "texture": "#0"},
				"west": {"uv": [0.8125, 1.0125, 0.0625, 1.5125], "texture": "#0"},
				"up": {"uv": [2.4375, 4.875, 1.6875, 4.125], "rotation": 90, "texture": "#0"},
				"down": {"uv": [1.25, 4.125, 0.5, 3.375], "rotation": 270, "texture": "#0"}
			}
		},
		{
			"from": [5.4, 16.7, 5.25],
			"to": [5.4, 20.7, 10.75],
			"rotation": {"angle": 0, "axis": "y", "origin": [7.5, 2.44936, 8]},
			"faces": {
				"east": {"uv": [0, 0, 11, 8], "texture": "#3"},
				"west": {"uv": [0, 0, 11, 8], "texture": "#3"}
			}
		},
		{
			"from": [5, 18.2, 7.75],
			"to": [5.5, 19.7, 8.25],
			"rotation": {"angle": 0, "axis": "y", "origin": [7.5, 9.14936, 8]},
			"faces": {
				"north": {"uv": [1.375, 3.875, 1.5, 3.5], "texture": "#0"},
				"east": {"uv": [1.25, 3.875, 1.375, 3.5], "texture": "#0"},
				"south": {"uv": [1.375, 3.875, 1.5, 3.5], "texture": "#0"},
				"west": {"uv": [1.5, 3.875, 1.625, 3.5], "texture": "#0"},
				"up": {"uv": [1.25, 3.875, 1.375, 4], "rotation": 90, "texture": "#0"},
				"down": {"uv": [1.25, 3.875, 1.375, 4], "rotation": 270, "texture": "#0"}
			}
		},
		{
			"from": [5, 17.7, 7.25],
			"to": [5.5, 18.2, 8.75],
			"rotation": {"angle": 0, "axis": "y", "origin": [7.5, 9.14936, 8]},
			"faces": {
				"north": {"uv": [1.25, 3.875, 1.375, 4], "rotation": 90, "texture": "#0"},
				"east": {"uv": [1.375, 3.5, 1.25, 3.875], "rotation": 90, "texture": "#0"},
				"south": {"uv": [1.25, 3.875, 1.375, 4], "rotation": 90, "texture": "#0"},
				"west": {"uv": [1.375, 3.5, 1.25, 3.875], "rotation": 270, "texture": "#0"},
				"up": {"uv": [1.375, 3.875, 1.5, 3.5], "rotation": 180, "texture": "#0"},
				"down": {"uv": [1.375, 3.875, 1.5, 3.5], "texture": "#0"}
			}
		},
		{
			"from": [5, 16.7, 5.25],
			"to": [5.5, 17.7, 10.75],
			"rotation": {"angle": 0, "axis": "y", "origin": [7.5, 9.14936, 8]},
			"faces": {
				"north": {"uv": [1.5, 4.375, 1.375, 4.125], "texture": "#0"},
				"east": {"uv": [1.375, 4.375, 0, 4.125], "texture": "#0"},
				"south": {"uv": [1.5, 4.375, 1.375, 4.125], "texture": "#0"},
				"west": {"uv": [1.375, 4.375, 0, 4.125], "texture": "#0"},
				"up": {"uv": [1.375, 4.375, 0, 4.5], "rotation": 90, "texture": "#0"},
				"down": {"uv": [1.375, 4.375, 0, 4.5], "rotation": 270, "texture": "#0"}
			}
		},
		{
			"from": [5, 17.7, 10.25],
			"to": [5.5, 19.2, 10.75],
			"rotation": {"angle": 0, "axis": "y", "origin": [7.5, 9.14936, 8]},
			"faces": {
				"north": {"uv": [1.5, 3.875, 1.375, 3.5], "texture": "#0"},
				"east": {"uv": [1.375, 3.875, 1.25, 3.5], "texture": "#0"},
				"south": {"uv": [1.5, 3.875, 1.375, 3.5], "texture": "#0"},
				"west": {"uv": [1.375, 3.875, 1.25, 3.5], "texture": "#0"},
				"up": {"uv": [1.375, 3.875, 1.25, 4], "rotation": 90, "texture": "#0"},
				"down": {"uv": [1.375, 3.875, 1.25, 4], "rotation": 270, "texture": "#0"}
			}
		},
		{
			"from": [5, 17.7, 5.25],
			"to": [5.5, 19.2, 5.75],
			"rotation": {"angle": 0, "axis": "y", "origin": [7.5, 9.14936, 8]},
			"faces": {
				"north": {"uv": [1.375, 3.875, 1.5, 3.5], "texture": "#0"},
				"east": {"uv": [1.25, 3.875, 1.375, 3.5], "texture": "#0"},
				"south": {"uv": [1.375, 3.875, 1.5, 3.5], "texture": "#0"},
				"west": {"uv": [1.25, 3.875, 1.375, 3.5], "texture": "#0"},
				"up": {"uv": [1.25, 3.875, 1.375, 4], "rotation": 90, "texture": "#0"},
				"down": {"uv": [1.25, 3.875, 1.375, 4], "rotation": 270, "texture": "#0"}
			}
		},
		{
			"from": [5.5, 16.7, 5.25],
			"to": [9.5, 20.7, 10.75],
			"rotation": {"angle": 0, "axis": "y", "origin": [7.5, 9.14936, 8]},
			"faces": {
				"north": {"uv": [1.375, 1, 2.375, 0], "texture": "#0"},
				"east": {"uv": [0, 1, 1.375, 0], "texture": "#0"},
				"south": {"uv": [1.375, 1, 2.375, 0], "texture": "#0"},
				"west": {"uv": [0, 1, 1.375, 0], "texture": "#0"},
				"up": {"uv": [3.75, 1, 2.375, 0], "rotation": 90, "texture": "#0"},
				"down": {"uv": [3.75, 1, 2.375, 0], "rotation": 270, "texture": "#0"}
			}
		},
		{
			"from": [9.5, 17.7, 10.25],
			"to": [10, 19.2, 10.75],
			"rotation": {"angle": 0, "axis": "y", "origin": [7.5, 9.14936, 8]},
			"faces": {
				"north": {"uv": [1.375, 3.875, 1.5, 3.5], "texture": "#0"},
				"east": {"uv": [1.25, 3.875, 1.375, 3.5], "texture": "#0"},
				"south": {"uv": [1.375, 3.875, 1.5, 3.5], "texture": "#0"},
				"west": {"uv": [1.25, 3.875, 1.375, 3.5], "texture": "#0"},
				"up": {"uv": [1.375, 4, 1.25, 3.875], "rotation": 90, "texture": "#0"},
				"down": {"uv": [1.375, 4, 1.25, 3.875], "rotation": 270, "texture": "#0"}
			}
		},
		{
			"from": [9.5, 16.7, 5.25],
			"to": [10, 17.7, 10.75],
			"rotation": {"angle": 0, "axis": "y", "origin": [7.5, 9.14936, 8]},
			"faces": {
				"north": {"uv": [1.375, 4.375, 1.5, 4.125], "texture": "#0"},
				"east": {"uv": [0, 4.375, 1.375, 4.125], "texture": "#0"},
				"south": {"uv": [1.375, 4.375, 1.5, 4.125], "texture": "#0"},
				"west": {"uv": [0, 4.375, 1.375, 4.125], "texture": "#0"},
				"up": {"uv": [1.375, 4.5, 0, 4.375], "rotation": 90, "texture": "#0"},
				"down": {"uv": [1.375, 4.5, 0, 4.375], "rotation": 270, "texture": "#0"}
			}
		},
		{
			"from": [9.5, 18.2, 7.75],
			"to": [10, 19.7, 8.25],
			"rotation": {"angle": 0, "axis": "y", "origin": [7.5, 9.14936, 8]},
			"faces": {
				"north": {"uv": [1.5, 3.875, 1.375, 3.5], "texture": "#0"},
				"east": {"uv": [1.625, 3.875, 1.5, 3.5], "texture": "#0"},
				"south": {"uv": [1.5, 3.875, 1.375, 3.5], "texture": "#0"},
				"west": {"uv": [1.375, 3.875, 1.25, 3.5], "texture": "#0"},
				"up": {"uv": [1.25, 4, 1.375, 3.875], "rotation": 90, "texture": "#0"},
				"down": {"uv": [1.25, 4, 1.375, 3.875], "rotation": 270, "texture": "#0"}
			}
		},
		{
			"from": [9.5, 17.7, 5.25],
			"to": [10, 19.2, 5.75],
			"rotation": {"angle": 0, "axis": "y", "origin": [7.5, 9.14936, 8]},
			"faces": {
				"north": {"uv": [1.5, 3.875, 1.375, 3.5], "texture": "#0"},
				"east": {"uv": [1.375, 3.875, 1.25, 3.5], "texture": "#0"},
				"south": {"uv": [1.5, 3.875, 1.375, 3.5], "texture": "#0"},
				"west": {"uv": [1.375, 3.875, 1.25, 3.5], "texture": "#0"},
				"up": {"uv": [1.25, 4, 1.375, 3.875], "rotation": 90, "texture": "#0"},
				"down": {"uv": [1.25, 4, 1.375, 3.875], "rotation": 270, "texture": "#0"}
			}
		},
		{
			"from": [9.5, 17.7, 7.25],
			"to": [10, 18.2, 8.75],
			"rotation": {"angle": 0, "axis": "y", "origin": [7.5, 9.14936, 8]},
			"faces": {
				"north": {"uv": [1.25, 4, 1.375, 3.875], "rotation": 90, "texture": "#0"},
				"east": {"uv": [1.375, 3.875, 1.25, 3.5], "rotation": 270, "texture": "#0"},
				"south": {"uv": [1.25, 4, 1.375, 3.875], "rotation": 90, "texture": "#0"},
				"west": {"uv": [1.375, 3.875, 1.25, 3.5], "rotation": 90, "texture": "#0"},
				"up": {"uv": [1.5, 3.875, 1.375, 3.5], "rotation": 180, "texture": "#0"},
				"down": {"uv": [1.5, 3.875, 1.375, 3.5], "texture": "#0"}
			}
		},
		{
			"from": [6.15, 15.7, 6.5],
			"to": [8.85, 17.7, 9.5],
			"rotation": {"angle": 0, "axis": "y", "origin": [7.5, 9.14936, 8]},
			"faces": {
				"north": {"uv": [0.75, 1.75, 1.5, 2.25], "texture": "#0"},
				"east": {"uv": [0.75, 1.75, 1.5, 2.25], "texture": "#0"},
				"south": {"uv": [0.75, 1.75, 1.5, 2.25], "texture": "#0"},
				"west": {"uv": [0.75, 1.75, 1.5, 2.25], "texture": "#0"},
				"up": {"uv": [1.25, 1.0375, 2, 1.7125], "rotation": 90, "texture": "#0"},
				"down": {"uv": [1.25, 1.0375, 2, 1.7125], "rotation": 270, "texture": "#0"}
			}
		},
		{
			"from": [9.6, 16.7, 5.25],
			"to": [9.6, 20.7, 10.75],
			"rotation": {"angle": 0, "axis": "y", "origin": [7.5, 9.14936, 8]},
			"faces": {
				"east": {"uv": [11, 0, 0, 8], "texture": "#3"},
				"west": {"uv": [11, 0, 0, 8], "texture": "#3"}
			}
		},
		{
			"from": [6.25, 17.33267, 3.63902],
			"to": [8.75, 20.83267, 7.63902],
			"rotation": {"angle": 0, "axis": "y", "origin": [7.5, 9.14936, 8]},
			"faces": {
				"north": {"uv": [2.75, 3.375, 2.125, 2.5], "texture": "#0"},
				"east": {"uv": [3.625, 1.875, 2.625, 1], "texture": "#0"},
				"south": {"uv": [2.75, 3.375, 2.125, 2.5], "texture": "#0"},
				"west": {"uv": [2.625, 1.875, 3.625, 1], "texture": "#0"},
				"up": {"uv": [3.625, 2.5, 2.625, 1.875], "rotation": 90, "texture": "#0"},
				"down": {"uv": [3.625, 2.5, 2.625, 1.875], "rotation": 270, "texture": "#0"}
			}
		},
		{
			"from": [6.35, 18.14205, 10.96245],
			"to": [8.65, 21.14205, 13.96245],
			"rotation": {"angle": -45, "axis": "x", "origin": [7.5, 9.14936, 8]},
			"faces": {
				"north": {"uv": [6.625, 0, 5.875, 0.575], "rotation": 90, "texture": "#0"},
				"east": {"uv": [4.5, 0, 3.75, 0.75], "rotation": 270, "texture": "#0"},
				"south": {"uv": [4.5, 0.75, 3.75, 1.325], "rotation": 90, "texture": "#0"},
				"west": {"uv": [3.75, 0, 4.5, 0.75], "rotation": 90, "texture": "#0"},
				"up": {"uv": [5.075, 0, 4.5, 0.75], "rotation": 180, "texture": "#0"},
				"down": {"uv": [5.075, 0, 4.5, 0.75], "texture": "#0"}
			}
		},
		{
			"from": [6.45, 19.67864, 1.67785],
			"to": [8.55, 22.67864, 4.17785],
			"rotation": {"angle": 0, "axis": "y", "origin": [7.5, 9.14936, 8]},
			"faces": {
				"north": {"uv": [3.625, 3.05, 4.375, 2.525], "rotation": 270, "texture": "#0"},
				"east": {"uv": [3.625, 2, 4.375, 1.375], "rotation": 270, "texture": "#0"},
				"south": {"uv": [3.625, 2.525, 4.375, 2], "rotation": 270, "texture": "#0"},
				"west": {"uv": [3.625, 1.375, 4.375, 2], "rotation": 270, "texture": "#0"},
				"up": {"uv": [2.75, 3.125, 3.275, 2.5], "texture": "#0"},
				"down": {"uv": [2.75, 3.125, 3.275, 2.5], "rotation": 180, "texture": "#0"}
			}
		},
		{
			"from": [6.55, 21.36551, 12.72768],
			"to": [8.45, 24.36551, 14.72768],
			"rotation": {"angle": -45, "axis": "x", "origin": [7.5, 9.14936, 8]},
			"faces": {
				"north": {"uv": [5.125, 0.975, 5.875, 0.5], "rotation": 270, "texture": "#0"},
				"east": {"uv": [5.125, 0.5, 5.875, 0], "rotation": 270, "texture": "#0"},
				"south": {"uv": [5.125, 0.975, 5.875, 0.5], "rotation": 270, "texture": "#0"},
				"west": {"uv": [5.875, 0.5, 5.125, 0], "rotation": 90, "texture": "#0"},
				"up": {"uv": [2, 2, 2.475, 1.5], "texture": "#0"},
				"down": {"uv": [2, 2, 2.475, 1.5], "rotation": 180, "texture": "#0"}
			}
		},
		{
			"from": [6.75, 22.99079, -1.52914],
			"to": [8.25, 24.49079, 1.97086],
			"rotation": {"angle": 0, "axis": "y", "origin": [7.5, 9.14936, 8]},
			"faces": {
				"north": {"uv": [5.375, 1.375, 5.75, 1], "rotation": 180, "texture": "#0"},
				"east": {"uv": [4.5, 1.375, 5.375, 1], "texture": "#0"},
				"south": {"uv": [5.375, 1.375, 5.75, 1], "rotation": 180, "texture": "#0"},
				"west": {"uv": [5.375, 1.375, 4.5, 1], "texture": "#0"},
				"up": {"uv": [4.5, 1.75, 5.375, 1.375], "rotation": 270, "texture": "#0"},
				"down": {"uv": [4.5, 2.125, 5.375, 1.75], "rotation": 90, "texture": "#0"}
			}
		},
		{
			"from": [6.85, 21.89079, -1.32914],
			"to": [8.15, 23.39079, -0.32914],
			"rotation": {"angle": 0, "axis": "y", "origin": [7.5, 9.14936, 8]},
			"faces": {
				"north": {"uv": [4.375, 2.5, 4.7, 2.125], "rotation": 180, "texture": "#0"},
				"east": {"uv": [2.125, 2.375, 2.375, 2], "texture": "#0"},
				"south": {"uv": [4.75, 2.5, 5.075, 2.125], "rotation": 180, "texture": "#0"},
				"west": {"uv": [2.375, 2.375, 2.125, 2], "texture": "#0"},
				"up": {"uv": [4.375, 2.825, 4.625, 2.5], "rotation": 270, "texture": "#0"},
				"down": {"uv": [4.375, 2.825, 4.625, 2.5], "rotation": 90, "texture": "#0"}
			}
		},
		{
			"from": [7.05, 23.54534, 10.53033],
			"to": [7.95, 24.74534, 11.23033],
			"rotation": {"angle": -45, "axis": "x", "origin": [7.5, 9.14936, 8]},
			"faces": {
				"north": {"uv": [5.85, 1.375, 5.625, 1.675], "texture": "#0"},
				"east": {"uv": [5.55, 1.375, 5.375, 1.675], "rotation": 180, "texture": "#0"},
				"south": {"uv": [5.85, 1.75, 5.625, 2.05], "texture": "#0"},
				"west": {"uv": [5.55, 1.675, 5.375, 1.375], "texture": "#0"},
				"up": {"uv": [5.55, 1.75, 5.375, 1.975], "rotation": 90, "texture": "#0"},
				"down": {"uv": [5.55, 1.75, 5.375, 1.975], "rotation": 270, "texture": "#0"}
			}
		},
		{
			"from": [7.15, 23.46904, 4.96537],
			"to": [7.85, 23.96904, 5.96537],
			"rotation": {"angle": -22.5, "axis": "x", "origin": [7.5, 9.14936, 8]},
			"faces": {
				"north": {"uv": [5.3, 2.125, 5.125, 2.25], "texture": "#0"},
				"east": {"uv": [5.625, 2, 5.375, 2.125], "rotation": 180, "texture": "#0"},
				"south": {"uv": [5.3, 2.125, 5.125, 2.25], "texture": "#0"},
				"west": {"uv": [5.625, 2, 5.375, 2.125], "texture": "#0"},
				"up": {"uv": [5.625, 2.125, 5.375, 2.3], "rotation": 90, "texture": "#0"},
				"down": {"uv": [5.625, 2.125, 5.375, 2.3], "rotation": 270, "texture": "#0"}
			}
		},
		{
			"from": [7, 17.7348, 2.03533],
			"to": [8, 19.2348, 4.03533],
			"rotation": {"angle": 0, "axis": "y", "origin": [7.5, 9.14936, 8]},
			"faces": {
				"north": {"uv": [4.875, 3.625, 4.625, 4], "texture": "#0"},
				"east": {"uv": [4.625, 4, 4.125, 3.625], "rotation": 180, "texture": "#0"},
				"south": {"uv": [4.875, 3.625, 4.625, 4], "texture": "#0"},
				"west": {"uv": [4.625, 3.625, 4.125, 4], "texture": "#0"},
				"up": {"uv": [4.625, 4, 4.125, 4.25], "rotation": 90, "texture": "#0"},
				"down": {"uv": [4.625, 4, 4.125, 4.25], "rotation": 270, "texture": "#0"}
			}
		},
		{
			"from": [7.1, 19.19901, 9.19961],
			"to": [7.9, 20.19901, 10.69961],
			"rotation": {"angle": -45, "axis": "x", "origin": [7.5, 9.14936, 8]},
			"faces": {
				"north": {"uv": [5.2, 4, 5, 4.25], "texture": "#0"},
				"east": {"uv": [5, 4.25, 4.625, 4], "rotation": 180, "texture": "#0"},
				"south": {"uv": [5.2, 4, 5, 4.25], "texture": "#0"},
				"west": {"uv": [5, 4, 4.625, 4.25], "texture": "#0"},
				"up": {"uv": [5.25, 3.75, 4.875, 3.95], "rotation": 90, "texture": "#0"},
				"down": {"uv": [5.25, 3.75, 4.875, 3.95], "rotation": 270, "texture": "#0"}
			}
		},
		{
			"from": [7.2, 16.4348, 1.43533],
			"to": [7.8, 17.4348, 1.93533],
			"rotation": {"angle": 0, "axis": "y", "origin": [7.5, 9.14936, 8]},
			"faces": {
				"north": {"uv": [5.25, 3.9, 5.5, 3.75], "rotation": 90, "texture": "#0"},
				"east": {"uv": [5.5, 4.125, 5.25, 4], "rotation": 270, "texture": "#0"},
				"south": {"uv": [5.25, 3.9, 5.5, 3.75], "rotation": 90, "texture": "#0"},
				"west": {"uv": [5.25, 4.125, 5.5, 4], "rotation": 90, "texture": "#0"},
				"up": {"uv": [5.25, 4.25, 5.4, 4.125], "rotation": 180, "texture": "#0"},
				"down": {"uv": [5.25, 4.25, 5.4, 4.125], "texture": "#0"}
			}
		},
		{
			"from": [6.25, 17.33267, 8.36098],
			"to": [8.75, 20.83267, 12.36098],
			"rotation": {"angle": 0, "axis": "y", "origin": [7.5, 9.14936, 8]},
			"faces": {
				"north": {"uv": [2.125, 3.375, 2.75, 2.5], "texture": "#0"},
				"east": {"uv": [2.625, 1.875, 3.625, 1], "texture": "#0"},
				"south": {"uv": [2.125, 3.375, 2.75, 2.5], "texture": "#0"},
				"west": {"uv": [3.625, 1.875, 2.625, 1], "texture": "#0"},
				"up": {"uv": [2.625, 2.5, 3.625, 1.875], "rotation": 90, "texture": "#0"},
				"down": {"uv": [2.625, 2.5, 3.625, 1.875], "rotation": 270, "texture": "#0"}
			}
		},
		{
			"from": [6.35, 18.14205, 2.03755],
			"to": [8.65, 21.14205, 5.03755],
			"rotation": {"angle": 45, "axis": "x", "origin": [7.5, 9.14936, 8]},
			"faces": {
				"north": {"uv": [4.5, 1.325, 3.75, 0.75], "rotation": 90, "texture": "#0"},
				"east": {"uv": [4.5, 0.75, 3.75, 0], "rotation": 270, "texture": "#0"},
				"south": {"uv": [6.625, 0.575, 5.875, 0], "rotation": 90, "texture": "#0"},
				"west": {"uv": [3.75, 0.75, 4.5, 0], "rotation": 90, "texture": "#0"},
				"up": {"uv": [5.075, 0.75, 4.5, 0], "rotation": 180, "texture": "#0"},
				"down": {"uv": [5.075, 0.75, 4.5, 0], "texture": "#0"}
			}
		},
		{
			"from": [6.45, 19.67864, 11.82215],
			"to": [8.55, 22.67864, 14.32215],
			"rotation": {"angle": 0, "axis": "y", "origin": [7.5, 9.14936, 8]},
			"faces": {
				"north": {"uv": [3.625, 2, 4.375, 2.525], "rotation": 270, "texture": "#0"},
				"east": {"uv": [3.625, 1.375, 4.375, 2], "rotation": 270, "texture": "#0"},
				"south": {"uv": [3.625, 2.525, 4.375, 3.05], "rotation": 270, "texture": "#0"},
				"west": {"uv": [3.625, 2, 4.375, 1.375], "rotation": 270, "texture": "#0"},
				"up": {"uv": [2.75, 2.5, 3.275, 3.125], "texture": "#0"},
				"down": {"uv": [2.75, 2.5, 3.275, 3.125], "rotation": 180, "texture": "#0"}
			}
		},
		{
			"from": [6.55, 21.36551, 1.27232],
			"to": [8.45, 24.36551, 3.27232],
			"rotation": {"angle": 45, "axis": "x", "origin": [7.5, 9.14936, 8]},
			"faces": {
				"north": {"uv": [5.125, 0.5, 5.875, 0.975], "rotation": 270, "texture": "#0"},
				"east": {"uv": [5.125, 0, 5.875, 0.5], "rotation": 270, "texture": "#0"},
				"south": {"uv": [5.125, 0.5, 5.875, 0.975], "rotation": 270, "texture": "#0"},
				"west": {"uv": [5.875, 0, 5.125, 0.5], "rotation": 90, "texture": "#0"},
				"up": {"uv": [2, 1.5, 2.475, 2], "texture": "#0"},
				"down": {"uv": [2, 1.5, 2.475, 2], "rotation": 180, "texture": "#0"}
			}
		},
		{
			"from": [6.75, 22.99079, 14.02914],
			"to": [8.25, 24.49079, 17.52914],
			"rotation": {"angle": 0, "axis": "y", "origin": [7.5, 9.14936, 8]},
			"faces": {
				"north": {"uv": [5.75, 1.375, 5.375, 1], "rotation": 180, "texture": "#0"},
				"east": {"uv": [5.375, 1.375, 4.5, 1], "texture": "#0"},
				"south": {"uv": [5.75, 1.375, 5.375, 1], "rotation": 180, "texture": "#0"},
				"west": {"uv": [4.5, 1.375, 5.375, 1], "texture": "#0"},
				"up": {"uv": [5.375, 1.75, 4.5, 1.375], "rotation": 270, "texture": "#0"},
				"down": {"uv": [5.375, 2.125, 4.5, 1.75], "rotation": 90, "texture": "#0"}
			}
		},
		{
			"from": [6.85, 21.89079, 16.32914],
			"to": [8.15, 23.39079, 17.32914],
			"rotation": {"angle": 0, "axis": "y", "origin": [7.5, 9.14936, 8]},
			"faces": {
				"north": {"uv": [5.075, 2.5, 4.75, 2.125], "rotation": 180, "texture": "#0"},
				"east": {"uv": [2.375, 2.375, 2.125, 2], "texture": "#0"},
				"south": {"uv": [4.7, 2.5, 4.375, 2.125], "rotation": 180, "texture": "#0"},
				"west": {"uv": [2.125, 2.375, 2.375, 2], "texture": "#0"},
				"up": {"uv": [4.625, 2.825, 4.375, 2.5], "rotation": 270, "texture": "#0"},
				"down": {"uv": [4.625, 2.825, 4.375, 2.5], "rotation": 90, "texture": "#0"}
			}
		},
		{
			"from": [7.05, 23.54534, 4.76967],
			"to": [7.95, 24.74534, 5.46967],
			"rotation": {"angle": 45, "axis": "x", "origin": [7.5, 9.14936, 8]},
			"faces": {
				"north": {"uv": [5.625, 1.75, 5.85, 2.05], "texture": "#0"},
				"east": {"uv": [5.375, 1.375, 5.55, 1.675], "rotation": 180, "texture": "#0"},
				"south": {"uv": [5.625, 1.375, 5.85, 1.675], "texture": "#0"},
				"west": {"uv": [5.375, 1.675, 5.55, 1.375], "texture": "#0"},
				"up": {"uv": [5.375, 1.75, 5.55, 1.975], "rotation": 90, "texture": "#0"},
				"down": {"uv": [5.375, 1.75, 5.55, 1.975], "rotation": 270, "texture": "#0"}
			}
		},
		{
			"from": [7.15, 23.46904, 10.03463],
			"to": [7.85, 23.96904, 11.03463],
			"rotation": {"angle": 22.5, "axis": "x", "origin": [7.5, 9.14936, 8]},
			"faces": {
				"north": {"uv": [5.125, 2.125, 5.3, 2.25], "texture": "#0"},
				"east": {"uv": [5.375, 2, 5.625, 2.125], "rotation": 180, "texture": "#0"},
				"south": {"uv": [5.125, 2.125, 5.3, 2.25], "texture": "#0"},
				"west": {"uv": [5.375, 2, 5.625, 2.125], "texture": "#0"},
				"up": {"uv": [5.375, 2.125, 5.625, 2.3], "rotation": 90, "texture": "#0"},
				"down": {"uv": [5.375, 2.125, 5.625, 2.3], "rotation": 270, "texture": "#0"}
			}
		},
		{
			"from": [7, 17.7348, 11.96467],
			"to": [8, 19.2348, 13.96467],
			"rotation": {"angle": 0, "axis": "y", "origin": [7.5, 9.14936, 8]},
			"faces": {
				"north": {"uv": [4.625, 3.625, 4.875, 4], "texture": "#0"},
				"east": {"uv": [4.125, 4, 4.625, 3.625], "rotation": 180, "texture": "#0"},
				"south": {"uv": [4.625, 3.625, 4.875, 4], "texture": "#0"},
				"west": {"uv": [4.125, 3.625, 4.625, 4], "texture": "#0"},
				"up": {"uv": [4.125, 4, 4.625, 4.25], "rotation": 90, "texture": "#0"},
				"down": {"uv": [4.125, 4, 4.625, 4.25], "rotation": 270, "texture": "#0"}
			}
		},
		{
			"from": [7.1, 19.19901, 5.30039],
			"to": [7.9, 20.19901, 6.80039],
			"rotation": {"angle": 45, "axis": "x", "origin": [7.5, 9.14936, 8]},
			"faces": {
				"north": {"uv": [5, 4, 5.2, 4.25], "texture": "#0"},
				"east": {"uv": [4.625, 4.25, 5, 4], "rotation": 180, "texture": "#0"},
				"south": {"uv": [5, 4, 5.2, 4.25], "texture": "#0"},
				"west": {"uv": [4.625, 4, 5, 4.25], "texture": "#0"},
				"up": {"uv": [4.875, 3.75, 5.25, 3.95], "rotation": 90, "texture": "#0"},
				"down": {"uv": [4.875, 3.75, 5.25, 3.95], "rotation": 270, "texture": "#0"}
			}
		},
		{
			"from": [7.2, 16.4348, 14.06467],
			"to": [7.8, 17.4348, 14.56467],
			"rotation": {"angle": 0, "axis": "y", "origin": [7.5, 9.14936, 8]},
			"faces": {
				"north": {"uv": [5.25, 3.75, 5.5, 3.9], "rotation": 90, "texture": "#0"},
				"east": {"uv": [5.5, 4, 5.25, 4.125], "rotation": 270, "texture": "#0"},
				"south": {"uv": [5.25, 3.75, 5.5, 3.9], "rotation": 90, "texture": "#0"},
				"west": {"uv": [5.25, 4, 5.5, 4.125], "rotation": 90, "texture": "#0"},
				"up": {"uv": [5.25, 4.125, 5.4, 4.25], "rotation": 180, "texture": "#0"},
				"down": {"uv": [5.25, 4.125, 5.4, 4.25], "texture": "#0"}
			}
		},
		{
			"from": [7, -9.6652, 7.96467],
			"to": [8, -8.1652, 9.96467],
			"rotation": {"angle": 0, "axis": "y", "origin": [7.5, 4.74936, 8]},
			"faces": {
				"north": {"uv": [0, 9, 1, 10.5], "texture": "#2"},
				"east": {"uv": [4, 2, 6, 3.5], "texture": "#2"},
				"south": {"uv": [9, 0, 10, 1.5], "texture": "#2"},
				"west": {"uv": [4, 4, 6, 5.5], "texture": "#2"},
				"up": {"uv": [5, 9, 4, 7], "texture": "#2"},
				"down": {"uv": [8, 4, 7, 6], "texture": "#2"}
			}
		},
		{
			"from": [7.1, -4.29287, 18.73542],
			"to": [7.9, -3.29287, 20.23542],
			"rotation": {"angle": 45, "axis": "x", "origin": [7.5, 4.74936, 8]},
			"faces": {
				"north": {"uv": [10, 1, 11, 2], "texture": "#2"},
				"east": {"uv": [8, 2, 9.5, 3], "texture": "#2"},
				"south": {"uv": [2, 10, 3, 11], "texture": "#2"},
				"west": {"uv": [1, 9, 2.5, 10], "texture": "#2"},
				"up": {"uv": [4, 10.5, 3, 9], "texture": "#2"},
				"down": {"uv": [10, 3, 9, 4.5], "texture": "#2"}
			}
		},
		{
			"from": [7.2, -10.9652, 10.06467],
			"to": [7.8, -9.9652, 10.56467],
			"rotation": {"angle": 0, "axis": "y", "origin": [7.5, 4.74936, 8]},
			"faces": {
				"north": {"uv": [11, 0, 11.5, 1], "texture": "#2"},
				"east": {"uv": [1, 11, 1.5, 12], "texture": "#2"},
				"south": {"uv": [11, 1, 11.5, 2], "texture": "#2"},
				"west": {"uv": [2, 11, 2.5, 12], "texture": "#2"},
				"up": {"uv": [11.5, 4.5, 11, 4], "texture": "#2"},
				"down": {"uv": [5.5, 11, 5, 11.5], "texture": "#2"}
			}
		},
		{
			"from": [7, -9.6652, 6.03533],
			"to": [8, -8.1652, 8.03533],
			"rotation": {"angle": 0, "axis": "y", "origin": [7.5, 4.74936, 8]},
			"faces": {
				"north": {"uv": [7, 8, 8, 9.5], "texture": "#2"},
				"east": {"uv": [0, 4, 2, 5.5], "texture": "#2"},
				"south": {"uv": [8, 8, 9, 9.5], "texture": "#2"},
				"west": {"uv": [4, 0, 6, 1.5], "texture": "#2"},
				"up": {"uv": [3, 9, 2, 7], "texture": "#2"},
				"down": {"uv": [4, 7, 3, 9], "texture": "#2"}
			}
		},
		{
			"from": [7.2, 5.5348, 10.06467],
			"to": [7.8, 6.5348, 10.56467],
			"rotation": {"angle": 0, "axis": "y", "origin": [7.5, 21.24936, 8]},
			"faces": {
				"north": {"uv": [11, 0, 11.5, 1], "texture": "#2"},
				"east": {"uv": [1, 11, 1.5, 12], "texture": "#2"},
				"south": {"uv": [11, 1, 11.5, 2], "texture": "#2"},
				"west": {"uv": [2, 11, 2.5, 12], "texture": "#2"},
				"up": {"uv": [11.5, 4.5, 11, 4], "texture": "#2"},
				"down": {"uv": [5.5, 11, 5, 11.5], "texture": "#2"}
			}
		},
		{
			"from": [7.1, 12.20713, 18.73542],
			"to": [7.9, 13.20713, 20.23542],
			"rotation": {"angle": 45, "axis": "x", "origin": [7.5, 21.24936, 8]},
			"faces": {
				"north": {"uv": [10, 1, 11, 2], "texture": "#2"},
				"east": {"uv": [8, 2, 9.5, 3], "texture": "#2"},
				"south": {"uv": [2, 10, 3, 11], "texture": "#2"},
				"west": {"uv": [1, 9, 2.5, 10], "texture": "#2"},
				"up": {"uv": [4, 10.5, 3, 9], "texture": "#2"},
				"down": {"uv": [10, 3, 9, 4.5], "texture": "#2"}
			}
		},
		{
			"from": [7, 6.8348, 7.96467],
			"to": [8, 8.3348, 9.96467],
			"rotation": {"angle": 0, "axis": "y", "origin": [7.5, 21.24936, 8]},
			"faces": {
				"north": {"uv": [0, 9, 1, 10.5], "texture": "#2"},
				"east": {"uv": [4, 2, 6, 3.5], "texture": "#2"},
				"south": {"uv": [9, 0, 10, 1.5], "texture": "#2"},
				"west": {"uv": [4, 4, 6, 5.5], "texture": "#2"},
				"up": {"uv": [5, 9, 4, 7], "texture": "#2"},
				"down": {"uv": [8, 4, 7, 6], "texture": "#2"}
			}
		},
		{
			"from": [7.2, 5.5348, 5.43533],
			"to": [7.8, 6.5348, 5.93533],
			"rotation": {"angle": 0, "axis": "y", "origin": [7.5, 21.24936, 8]},
			"faces": {
				"north": {"uv": [9, 10, 9.5, 11], "texture": "#2"},
				"east": {"uv": [10, 9, 10.5, 10], "texture": "#2"},
				"south": {"uv": [10, 10, 10.5, 11], "texture": "#2"},
				"west": {"uv": [0, 11, 0.5, 12], "texture": "#2"},
				"up": {"uv": [11.5, 3.5, 11, 3], "texture": "#2"},
				"down": {"uv": [4.5, 11, 4, 11.5], "texture": "#2"}
			}
		},
		{
			"from": [7.1, 12.20713, -4.23542],
			"to": [7.9, 13.20713, -2.73542],
			"rotation": {"angle": -45, "axis": "x", "origin": [7.5, 21.24936, 8]},
			"faces": {
				"north": {"uv": [10, 0, 11, 1], "texture": "#2"},
				"east": {"uv": [7, 6, 8.5, 7], "texture": "#2"},
				"south": {"uv": [1, 10, 2, 11], "texture": "#2"},
				"west": {"uv": [7, 7, 8.5, 8], "texture": "#2"},
				"up": {"uv": [9, 1.5, 8, 0], "texture": "#2"},
				"down": {"uv": [9, 4, 8, 5.5], "texture": "#2"}
			}
		},
		{
			"from": [7, 6.8348, 6.03533],
			"to": [8, 8.3348, 8.03533],
			"rotation": {"angle": 0, "axis": "y", "origin": [7.5, 21.24936, 8]},
			"faces": {
				"north": {"uv": [7, 8, 8, 9.5], "texture": "#2"},
				"east": {"uv": [0, 4, 2, 5.5], "texture": "#2"},
				"south": {"uv": [8, 8, 9, 9.5], "texture": "#2"},
				"west": {"uv": [4, 0, 6, 1.5], "texture": "#2"},
				"up": {"uv": [3, 9, 2, 7], "texture": "#2"},
				"down": {"uv": [4, 7, 3, 9], "texture": "#2"}
			}
		},
		{
			"from": [7.1, -4.29287, -4.23542],
			"to": [7.9, -3.29287, -2.73542],
			"rotation": {"angle": -45, "axis": "x", "origin": [7.5, 4.74936, 8]},
			"faces": {
				"north": {"uv": [10, 0, 11, 1], "texture": "#2"},
				"east": {"uv": [7, 6, 8.5, 7], "texture": "#2"},
				"south": {"uv": [1, 10, 2, 11], "texture": "#2"},
				"west": {"uv": [7, 7, 8.5, 8], "texture": "#2"},
				"up": {"uv": [9, 1.5, 8, 0], "texture": "#2"},
				"down": {"uv": [9, 4, 8, 5.5], "texture": "#2"}
			}
		},
		{
			"from": [7.2, -10.9652, 5.43533],
			"to": [7.8, -9.9652, 5.93533],
			"rotation": {"angle": 0, "axis": "y", "origin": [7.5, 4.74936, 8]},
			"faces": {
				"north": {"uv": [9, 10, 9.5, 11], "texture": "#2"},
				"east": {"uv": [10, 9, 10.5, 10], "texture": "#2"},
				"south": {"uv": [10, 10, 10.5, 11], "texture": "#2"},
				"west": {"uv": [0, 11, 0.5, 12], "texture": "#2"},
				"up": {"uv": [11.5, 3.5, 11, 3], "texture": "#2"},
				"down": {"uv": [4.5, 11, 4, 11.5], "texture": "#2"}
			}
		},
		{
			"from": [7.2, -8.4652, 5.03533],
			"to": [7.8, -7.4652, 5.53533],
			"rotation": {"angle": 0, "axis": "y", "origin": [7.5, 4.74936, 8]},
			"faces": {
				"north": {"uv": [7, 10, 7.5, 11], "texture": "#2"},
				"east": {"uv": [10, 7, 10.5, 8], "texture": "#2"},
				"south": {"uv": [8, 10, 8.5, 11], "texture": "#2"},
				"west": {"uv": [10, 8, 10.5, 9], "texture": "#2"},
				"up": {"uv": [11.5, 2.5, 11, 2], "texture": "#2"},
				"down": {"uv": [3.5, 11, 3, 11.5], "texture": "#2"}
			}
		},
		{
			"from": [7.2, -8.4652, 10.33533],
			"to": [7.8, -7.4652, 10.83533],
			"rotation": {"angle": 0, "axis": "y", "origin": [7.5, 4.74936, 8]},
			"faces": {
				"north": {"uv": [5.25, 3.9, 5.5, 3.75], "rotation": 90, "texture": "#2"},
				"east": {"uv": [5.5, 4.125, 5.25, 4], "rotation": 270, "texture": "#2"},
				"south": {"uv": [5.25, 3.9, 5.5, 3.75], "rotation": 90, "texture": "#2"},
				"west": {"uv": [5.25, 4.125, 5.5, 4], "rotation": 90, "texture": "#2"},
				"up": {"uv": [5.25, 4.25, 5.4, 4.125], "rotation": 180, "texture": "#2"},
				"down": {"uv": [5.25, 4.25, 5.4, 4.125], "texture": "#2"}
			}
		},
		{
			"from": [7, 21.99723, 8.83739],
			"to": [8, 23.49723, 10.83739],
			"rotation": {"angle": -22.5, "axis": "x", "origin": [7.5, 9.14936, 8]},
			"faces": {
				"north": {"uv": [4.625, 4, 4.875, 3.625], "texture": "#0"},
				"east": {"uv": [4.125, 3.625, 4.625, 4], "rotation": 180, "texture": "#0"},
				"south": {"uv": [4.625, 4, 4.875, 3.625], "texture": "#0"},
				"west": {"uv": [4.125, 4, 4.625, 3.625], "texture": "#0"},
				"up": {"uv": [4.125, 4.25, 4.625, 4], "rotation": 90, "texture": "#0"},
				"down": {"uv": [4.125, 4.25, 4.625, 4], "rotation": 270, "texture": "#0"}
			}
		},
		{
			"from": [7.1, 20.45473, -0.37797],
			"to": [7.9, 21.95473, 0.62203],
			"rotation": {"angle": 22.5, "axis": "x", "origin": [7.5, 9.14936, 8]},
			"faces": {
				"north": {"uv": [4.875, 3.95, 5.25, 3.75], "rotation": 270, "texture": "#0"},
				"east": {"uv": [4.625, 4, 5, 4.25], "rotation": 270, "texture": "#0"},
				"south": {"uv": [4.875, 3.95, 5.25, 3.75], "rotation": 270, "texture": "#0"},
				"west": {"uv": [4.625, 4.25, 5, 4], "rotation": 270, "texture": "#0"},
				"up": {"uv": [5, 4.25, 5.2, 4], "texture": "#0"},
				"down": {"uv": [5, 4.25, 5.2, 4], "rotation": 180, "texture": "#0"}
			}
		},
		{
			"from": [7.2, 23.79723, 10.93739],
			"to": [7.8, 24.79723, 11.43739],
			"rotation": {"angle": -22.5, "axis": "x", "origin": [7.5, 9.14936, 8]},
			"faces": {
				"north": {"uv": [5.5, 3.75, 5.25, 3.9], "rotation": 90, "texture": "#0"},
				"east": {"uv": [5.25, 4, 5.5, 4.125], "rotation": 270, "texture": "#0"},
				"south": {"uv": [5.5, 3.75, 5.25, 3.9], "rotation": 90, "texture": "#0"},
				"west": {"uv": [5.5, 4, 5.25, 4.125], "rotation": 90, "texture": "#0"},
				"up": {"uv": [5.4, 4.125, 5.25, 4.25], "rotation": 180, "texture": "#0"},
				"down": {"uv": [5.4, 4.125, 5.25, 4.25], "texture": "#0"}
			}
		},
		{
			"from": [7.2, 23.79723, 4.56261],
			"to": [7.8, 24.79723, 5.06261],
			"rotation": {"angle": 22.5, "axis": "x", "origin": [7.5, 9.14936, 8]},
			"faces": {
				"north": {"uv": [5.5, 3.9, 5.25, 3.75], "rotation": 90, "texture": "#0"},
				"east": {"uv": [5.25, 4.125, 5.5, 4], "rotation": 270, "texture": "#0"},
				"south": {"uv": [5.5, 3.9, 5.25, 3.75], "rotation": 90, "texture": "#0"},
				"west": {"uv": [5.5, 4.125, 5.25, 4], "rotation": 90, "texture": "#0"},
				"up": {"uv": [5.4, 4.25, 5.25, 4.125], "rotation": 180, "texture": "#0"},
				"down": {"uv": [5.4, 4.25, 5.25, 4.125], "texture": "#0"}
			}
		},
		{
			"from": [7.1, 20.45473, 15.37797],
			"to": [7.9, 21.95473, 16.37797],
			"rotation": {"angle": -22.5, "axis": "x", "origin": [7.5, 9.14936, 8]},
			"faces": {
				"north": {"uv": [4.875, 3.75, 5.25, 3.95], "rotation": 270, "texture": "#0"},
				"east": {"uv": [4.625, 4.25, 5, 4], "rotation": 270, "texture": "#0"},
				"south": {"uv": [4.875, 3.75, 5.25, 3.95], "rotation": 270, "texture": "#0"},
				"west": {"uv": [4.625, 4, 5, 4.25], "rotation": 270, "texture": "#0"},
				"up": {"uv": [5, 4, 5.2, 4.25], "texture": "#0"},
				"down": {"uv": [5, 4, 5.2, 4.25], "rotation": 180, "texture": "#0"}
			}
		},
		{
			"from": [7, 21.99723, 5.16261],
			"to": [8, 23.49723, 7.16261],
			"rotation": {"angle": 22.5, "axis": "x", "origin": [7.5, 9.14936, 8]},
			"faces": {
				"north": {"uv": [4.875, 4, 4.625, 3.625], "texture": "#0"},
				"east": {"uv": [4.625, 3.625, 4.125, 4], "rotation": 180, "texture": "#0"},
				"south": {"uv": [4.875, 4, 4.625, 3.625], "texture": "#0"},
				"west": {"uv": [4.625, 4, 4.125, 3.625], "texture": "#0"},
				"up": {"uv": [4.625, 4.25, 4.125, 4], "rotation": 90, "texture": "#0"},
				"down": {"uv": [4.625, 4.25, 4.125, 4], "rotation": 270, "texture": "#0"}
			}
		}
	],
	"gui_light": "front",
	"display": {
		"thirdperson_righthand": {
			"translation": [0.65, 9, 1.5],
			"scale": [1.20234, 1.30195, 1.35664]
		},
		"thirdperson_lefthand": {
			"rotation": [-28, 44, -82.58],
			"translation": [-8.25, -6, 15],
			"scale": [1.20234, 1.20234, 1.20234]
		},
		"firstperson_righthand": {
			"rotation": [-15, 1, 0],
			"translation": [4.5, 3.5, 0.25],
			"scale": [0.66, 0.66, 0.66]
		},
		"firstperson_lefthand": {
			"rotation": [153, 0, 0],
			"translation": [1.5, -25.25, 3],
			"scale": [0.66219, 0.50391, 0.51367]
		},
		"ground": {
			"rotation": [-45, 0, 0],
			"translation": [0, 11, 0]
		},
		"gui": {
			"rotation": [-90, -45, -90],
			"translation": [-0.75, -0.75, -0.25],
			"scale": [0.47266, 0.47266, 0.47266]
		},
		"head": {
			"rotation": [39, -31, -180],
			"translation": [33, -14.25, -4.5],
			"scale": [2.45, 2.21, 1.97672]
		},
		"fixed": {
			"rotation": [-180, -37, 91],
			"translation": [4.25, 1, -35.5],
			"scale": [2.59, 2.59, 2.59]
		}
	},
	"groups": [
		{
			"name": "doombringer_awakened",
			"origin": [8, 8, 8],
			"color": 0,
			"children": [
				{
					"name": "doombringer_awakened",
					"origin": [8, 8, 8],
					"color": 0,
					"children": [
						0,
						1,
						2,
						3,
						4,
						5,
						6,
						7,
						8,
						9,
						10,
						11,
						12,
						13,
						14,
						15,
						16,
						17,
						18,
						19,
						20,
						21,
						22,
						23,
						24,
						25,
						26,
						27,
						28,
						29,
						30,
						31,
						32,
						33,
						{
							"name": "group",
							"origin": [-0.5, -6, 0],
							"color": 0,
							"children": []
						},
						{
							"name": "group",
							"origin": [8, 6, 10.5],
							"color": 0,
							"children": [34, 35, 36, 37, 38, 39, 40, 41, 42, 43, 44, 45, 46, 47, 48, 49]
						},
						{
							"name": "group",
							"origin": [0.1, -3.9, 1.5],
							"color": 0,
							"children": [50, 51, 52, 53, 54, 55, 56, 57, 58, 59, 60, 61, 62, 63, 64, 65, 66, 67, 68, 69, 70, 71, 72, 73, 74, 75, 76, 77, 78, 79, 80, 81, 82, 83, 84, 85, 86, 87, 88, 89, 90, 91]
						},
						{
							"name": "group",
							"origin": [9.4, -7.5, 0],
							"color": 0,
							"children": []
						},
						{
							"name": "group",
							"origin": [0.1, -3.9, 1.5],
							"color": 0,
							"children": []
						}
					]
				}
			]
		}
	]
}