{
	"credit": "Created with Blockbench [Exported as resourcepack with the \"resourcepack_packager\" plugin]",
	"textures": {
		"0": "./blood_0",
		"1": "./blood_1",
		"2": "./blood_2",
		"3": "./blood_3",
		"4": "./blood_4",
		"5": "./blood_5",
		"particle": "./blood_0"
	},
	"elements": [
		{
			"from": [6.3, -6.59942, 5.95],
			"to": [8.434, -0.11942, 7.95],
			"rotation": {"angle": 0, "axis": "y", "origin": [6.74404, 7.94145, 6.70192]},
			"faces": {
				"north": {"uv": [4.3125, 0.625, 0, 15.625], "texture": "#3"},
				"east": {"uv": [0, 15.5, 4.3125, 0.6875], "texture": "#3"},
				"south": {"uv": [4.375, 0.625, 0, 15.625], "texture": "#3"},
				"west": {"uv": [4.25, 0.625, 0, 15.8125], "texture": "#3"},
				"up": {"uv": [7.875, 0, 4.5625, 2.5625], "rotation": 90, "texture": "#3"},
				"down": {"uv": [15.125, 10.8125, 16, 9.9375], "texture": "#3"}
			}
		},
		{
			"from": [5.89, 0.7, 5.7],
			"to": [9.024, 2.3, 8.2],
			"rotation": {"angle": 0, "axis": "y", "origin": [6.74404, 8.94145, 6.70192]},
			"faces": {
				"north": {"uv": [15.5625, 6.75, 9.125, 11], "texture": "#2"},
				"east": {"uv": [9.125, 15.6875, 15.5625, 11.375], "texture": "#2"},
				"south": {"uv": [6.625, 4.75, 0.375, 9.125], "texture": "#2"},
				"west": {"uv": [0.375, 0.375, 6.875, 4.6875], "texture": "#2"},
				"up": {"uv": [6.25, 1.5, 0.8125, 9.1875], "rotation": 90, "texture": "#2"},
				"down": {"uv": [9.5, 12.0625, 12.125, 7.5625], "texture": "#2"}
			}
		},
		{
			"from": [5.89, -0.3, 5.45],
			"to": [9.024, 0.7, 8.45],
			"rotation": {"angle": 0, "axis": "y", "origin": [6.74404, 7.94145, 6.70192]},
			"faces": {
				"north": {"uv": [15.5625, 6.75, 9.125, 11], "texture": "#2"},
				"east": {"uv": [9.125, 15.5625, 15.5625, 13.25], "texture": "#2"},
				"south": {"uv": [6.625, 4.75, 0.375, 9.125], "texture": "#2"},
				"west": {"uv": [0.375, 0.375, 6.875, 2.9375], "texture": "#2"},
				"up": {"uv": [6.375, 1.5, 0.8125, 6.4375], "rotation": 90, "texture": "#2"},
				"down": {"uv": [9.5, 12.0625, 12.125, 7.5625], "texture": "#2"}
			}
		},
		{
			"from": [6.2, -0.59942, 0.6],
			"to": [8.8, 2.88058, 4.1],
			"rotation": {"angle": -45, "axis": "x", "origin": [7.74404, 7.94145, 1.70192]},
			"faces": {
				"north": {"uv": [7.4375, 0, 1, 6.5], "texture": "#1"},
				"east": {"uv": [1, 7, 7.5, 14.9375], "texture": "#1"},
				"south": {"uv": [7.5, 0, 1, 6.5], "texture": "#1"},
				"west": {"uv": [8.5, 7, 15, 14.9375], "texture": "#1"},
				"up": {"uv": [7.375, 0, 1.0625, 6.4375], "rotation": 90, "texture": "#1"},
				"down": {"uv": [1, 6.5, 7.5, 0], "texture": "#1"}
			}
		},
		{
			"from": [6, -8.88058, 10.3],
			"to": [7.3, -6.40058, 12.8],
			"rotation": {"angle": -45, "axis": "x", "origin": [7.74404, -12.94145, 8.70192]},
			"faces": {
				"north": {"uv": [10.25, 14.75, 4.9375, 9.25], "texture": "#3"},
				"east": {"uv": [10.375, 11.0625, 15.625, 5.625], "texture": "#3"},
				"south": {"uv": [10.25, 14.75, 4.875, 9.25], "texture": "#3"},
				"west": {"uv": [10.5, 5.4375, 15.875, 0], "texture": "#3"},
				"up": {"uv": [5.25, 9.625, 10.125, 14.125], "texture": "#3"},
				"down": {"uv": [5.6875, 10.25, 9.625, 14.1875], "rotation": 90, "texture": "#3"}
			}
		},
		{
			"from": [7.25, -8.88058, 10.3],
			"to": [8.75, -6.40058, 12.8],
			"rotation": {"angle": -45, "axis": "x", "origin": [7.25596, -12.94145, 8.70192]},
			"faces": {
				"north": {"uv": [4.9375, 14.75, 10.25, 9.25], "texture": "#3"},
				"east": {"uv": [15.875, 5.4375, 10.5, 0], "texture": "#3"},
				"south": {"uv": [4.875, 14.75, 10.25, 9.25], "texture": "#3"},
				"west": {"uv": [15.625, 11.0625, 10.375, 5.625], "texture": "#3"},
				"up": {"uv": [10.125, 9.625, 5.25, 14.125], "texture": "#3"},
				"down": {"uv": [5.6875, 14.1875, 9.625, 10.25], "rotation": 90, "texture": "#3"}
			}
		},
		{
			"from": [7.5, 3.7, 4.7],
			"to": [7.5, 23.1, 9.2],
			"rotation": {"angle": 0, "axis": "y", "origin": [5.55404, 10.55387, 11.10808]},
			"faces": {
				"east": {"uv": [6.28947, 0, 0, 16], "texture": "#0"},
				"west": {"uv": [6.28947, 15.95395, 0, 0], "rotation": 180, "texture": "#0"}
			}
		},
		{
			"from": [7.5, 21.7, 5.2],
			"to": [7.5, 23.7, 8.7],
			"rotation": {"angle": 0, "axis": "y", "origin": [5.55404, 13.55387, 11.10808]},
			"faces": {
				"east": {"uv": [6.28947, 0, 0, 1.125], "texture": "#0"},
				"west": {"uv": [6.28947, 1.07895, 0, 0], "rotation": 180, "texture": "#0"}
			}
		},
		{
			"from": [7.6, 9.46195, 3.25421],
			"to": [7.6, 10.46195, 5.27921],
			"rotation": {"angle": 0, "axis": "x", "origin": [5.55404, 7.55387, 10.10808]},
			"faces": {
				"east": {"uv": [16, 0, 0, 15.5], "rotation": 270, "texture": "#4"},
				"west": {"uv": [16, 15.5, 0, 0.04605], "rotation": 270, "texture": "#4"}
			}
		},
		{
			"from": [7.45, 9.46195, 3.25421],
			"to": [7.45, 10.46195, 5.27921],
			"rotation": {"angle": 0, "axis": "x", "origin": [5.55404, 7.55387, 10.10808]},
			"faces": {
				"east": {"uv": [16, 0, 0, 15.5], "rotation": 270, "texture": "#4"},
				"west": {"uv": [16, 15.5, 0, 0.04605], "rotation": 270, "texture": "#4"}
			}
		},
		{
			"from": [8.9, 4.46195, 5.25421],
			"to": [8.9, 5.46195, 7.27921],
			"rotation": {"angle": 0, "axis": "x", "origin": [7.55404, 2.55387, 11.10808]},
			"faces": {
				"east": {"uv": [16, 0, 0, 15.5], "rotation": 270, "texture": "#4"},
				"west": {"uv": [16, 15.5, 0, 0.04605], "rotation": 270, "texture": "#4"}
			}
		},
		{
			"from": [6.1, 4.46195, 5.25421],
			"to": [6.1, 5.46195, 7.27921],
			"rotation": {"angle": 0, "axis": "x", "origin": [4.55404, 2.55387, 11.10808]},
			"faces": {
				"east": {"uv": [16, 0, 0, 15.5], "rotation": 270, "texture": "#4"},
				"west": {"uv": [16, 15.5, 0, 0.04605], "rotation": 270, "texture": "#4"}
			}
		},
		{
			"from": [7.6, 11.46195, 5.25421],
			"to": [7.6, 12.46195, 6.27921],
			"rotation": {"angle": 0, "axis": "x", "origin": [5.55404, 9.55387, 11.10808]},
			"faces": {
				"east": {"uv": [16, 0, 0, 15.5], "rotation": 270, "texture": "#5"},
				"west": {"uv": [16, 15.5, 0, 0.04605], "rotation": 270, "texture": "#5"}
			}
		},
		{
			"from": [7.45, 11.46195, 5.25421],
			"to": [7.45, 12.46195, 6.27921],
			"rotation": {"angle": 0, "axis": "x", "origin": [5.55404, 9.55387, 11.10808]},
			"faces": {
				"east": {"uv": [16, 0, 0, 15.5], "rotation": 270, "texture": "#5"},
				"west": {"uv": [16, 15.5, 0, 0.04605], "rotation": 270, "texture": "#5"}
			}
		},
		{
			"from": [7.6, 14.46195, 5.25421],
			"to": [7.6, 15.46195, 6.27921],
			"rotation": {"angle": 0, "axis": "x", "origin": [5.55404, 12.55387, 11.10808]},
			"faces": {
				"east": {"uv": [16, 0, 0, 15.5], "rotation": 270, "texture": "#5"},
				"west": {"uv": [16, 15.5, 0, 0.04605], "rotation": 270, "texture": "#5"}
			}
		},
		{
			"from": [7.45, 14.46195, 5.25421],
			"to": [7.45, 15.46195, 6.27921],
			"rotation": {"angle": 0, "axis": "x", "origin": [5.55404, 12.55387, 11.10808]},
			"faces": {
				"east": {"uv": [16, 0, 0, 15.5], "rotation": 270, "texture": "#5"},
				"west": {"uv": [16, 15.5, 0, 0.04605], "rotation": 270, "texture": "#5"}
			}
		},
		{
			"from": [7.6, 8.46195, 7.25421],
			"to": [7.6, 9.46195, 8.27921],
			"rotation": {"angle": 0, "axis": "x", "origin": [5.55404, 6.55387, 13.10808]},
			"faces": {
				"east": {"uv": [16, 0, 0, 15.5], "rotation": 270, "texture": "#5"},
				"west": {"uv": [16, 15.5, 0, 0.04605], "rotation": 270, "texture": "#5"}
			}
		},
		{
			"from": [7.45, 8.46195, 7.25421],
			"to": [7.45, 9.46195, 8.27921],
			"rotation": {"angle": 0, "axis": "x", "origin": [5.55404, 6.55387, 13.10808]},
			"faces": {
				"east": {"uv": [16, 0, 0, 15.5], "rotation": 270, "texture": "#5"},
				"west": {"uv": [16, 15.5, 0, 0.04605], "rotation": 270, "texture": "#5"}
			}
		},
		{
			"from": [7.6, 8.46195, 7.25421],
			"to": [7.6, 9.46195, 8.27921],
			"rotation": {"angle": 0, "axis": "x", "origin": [5.55404, 6.55387, 13.10808]},
			"faces": {
				"east": {"uv": [16, 0, 0, 15.5], "rotation": 270, "texture": "#5"},
				"west": {"uv": [16, 15.5, 0, 0.04605], "rotation": 270, "texture": "#5"}
			}
		},
		{
			"from": [7.6, 19.46195, 4.25421],
			"to": [7.6, 20.06195, 5.27921],
			"rotation": {"angle": 0, "axis": "x", "origin": [5.55404, 17.55387, 10.10808]},
			"faces": {
				"east": {"uv": [16, 0, 0, 15.5], "rotation": 270, "texture": "#4"},
				"west": {"uv": [16, 15.5, 0, 0.04605], "rotation": 270, "texture": "#4"}
			}
		},
		{
			"from": [7.45, 19.46195, 4.25421],
			"to": [7.45, 20.06195, 5.27921],
			"rotation": {"angle": 0, "axis": "x", "origin": [5.55404, 17.55387, 10.10808]},
			"faces": {
				"east": {"uv": [16, 0, 0, 15.5], "rotation": 270, "texture": "#4"},
				"west": {"uv": [16, 15.5, 0, 0.04605], "rotation": 270, "texture": "#4"}
			}
		},
		{
			"from": [7.5, 2, 5],
			"to": [7.5, 4.9, 11.5],
			"rotation": {"angle": 0, "axis": "y", "origin": [5.55404, 8.55387, 11.10808]},
			"faces": {
				"east": {"uv": [16.125, 0, 9.33553, 3.375], "texture": "#0"},
				"west": {"uv": [16.125, 3.32895, 9.33553, 0], "rotation": 180, "texture": "#0"}
			}
		},
		{
			"from": [7.5, -9.4, 6.3],
			"to": [7.5, -5.4, 9.8],
			"rotation": {"angle": 0, "axis": "y", "origin": [5.55404, -2.44613, 12.10808]},
			"faces": {
				"east": {"uv": [16.125, 0, 9.33553, 3.375], "texture": "#0"},
				"west": {"uv": [16.125, 3.32895, 9.33553, 0], "rotation": 180, "texture": "#0"}
			}
		},
		{
			"from": [7.5, -9.4, 4.2],
			"to": [7.5, -5.4, 7.7],
			"rotation": {"angle": 0, "axis": "y", "origin": [5.55404, -2.44613, 1.89192]},
			"faces": {
				"east": {"uv": [9.33553, 0, 16.125, 3.375], "texture": "#0"},
				"west": {"uv": [9.33553, 3.32895, 16.125, 0], "rotation": 180, "texture": "#0"}
			}
		},
		{
			"from": [7.5, 2, 2.5],
			"to": [7.5, 4.9, 9],
			"rotation": {"angle": 0, "axis": "y", "origin": [5.55404, 8.55387, 2.89192]},
			"faces": {
				"east": {"uv": [9.33553, 0, 16.125, 3.375], "texture": "#0"},
				"west": {"uv": [9.33553, 3.32895, 16.125, 0], "rotation": 180, "texture": "#0"}
			}
		}
	],
	"display": {
		"thirdperson_righthand": {
			"translation": [0, 8.25, 2.75],
			"scale": [0.75977, 0.88086, 1.09766]
		},
		"thirdperson_lefthand": {
			"rotation": [-22.17, -50.73, 91.45],
			"translation": [-4.75, -6.25, 8.75],
			"scale": [0.75977, 0.97852, 0.97657]
		},
		"firstperson_righthand": {
			"rotation": [-15, 11, -4],
			"translation": [0, 6.5, 3.25],
			"scale": [0.73359, 0.60648, 0.58]
		},
		"firstperson_lefthand": {
			"rotation": [180, 0, -4],
			"translation": [-0.5, -1.75, 3.25],
			"scale": [0.58984, 0.54102, 0.44336]
		},
		"ground": {
			"translation": [0, 12.25, 0.75],
			"scale": [0.72656, 1, 1]
		},
		"gui": {
			"rotation": [-95.17, -47.6, -93.82],
			"translation": [0.5, 1.75, 0],
			"scale": [1, 0.78516, 0.87109]
		},
		"head": {
			"rotation": [-71.63, -8.38, 1.59],
			"translation": [-0.25, -12.75, -0.25],
			"scale": [1.35938, 1.41992, 1.72461]
		},
		"fixed": {
			"rotation": [-178.72, 85.5, 178.49],
			"translation": [2.25, 8.75, -3.75],
			"scale": [2.36133, 2.79297, 2.59961]
		}
	},
	"groups": [
		{
			"name": "darkblood",
			"origin": [8, 8, 8],
			"color": 0,
			"children": [0, 1, 2, 3, 4, 5, 6, 7, 8, 9, 10, 11, 12, 13, 14, 15, 16, 17, 18, 19, 20, 21, 22, 23, 24]
		}
	]
}