{
	"credit": "Made with Blockbench",
	"texture_size": [64, 64],
	"textures": {
		"1": "./topeng_gemmad_v1",
		"particle": "./topeng_gemmad_v1"
	},
	"elements": [
		{
			"from": [3, 0, 3],
			"to": [13, 3, 13],
			"rotation": {"angle": 0, "axis": "y", "origin": [8, 1, 8]},
			"faces": {
				"north": {"uv": [6.25, 5, 8.75, 5.75], "texture": "#1"},
				"east": {"uv": [6.25, 5.75, 8.75, 6.5], "texture": "#1"},
				"south": {"uv": [6.25, 6.5, 8.75, 7.25], "texture": "#1"},
				"west": {"uv": [6.25, 7.25, 8.75, 8], "texture": "#1"},
				"up": {"uv": [7.5, 2.5, 5, 0], "texture": "#1"},
				"down": {"uv": [7.5, 2.5, 5, 5], "texture": "#1"}
			}
		},
		{
			"from": [13.51117, 10.40379, 3.5],
			"to": [15.51117, 11.90379, 5],
			"rotation": {"angle": 22.5, "axis": "z", "origin": [17.01117, 11.15379, 4.75]},
			"faces": {
				"north": {"uv": [7.5, 4.5, 8, 4.875], "texture": "#1"},
				"east": {"uv": [9.25, 6.75, 9.625, 7.125], "texture": "#1"},
				"south": {"uv": [8, 4.5, 8.5, 4.875], "texture": "#1"},
				"west": {"uv": [9.25, 7.25, 9.625, 7.625], "texture": "#1"},
				"up": {"uv": [9.25, 7.625, 8.75, 7.25], "texture": "#1"},
				"down": {"uv": [1, 9, 0.5, 9.375], "texture": "#1"}
			}
		},
		{
			"from": [9.38687, 6.91761, 3.25],
			"to": [10.88687, 10.41761, 5.25],
			"rotation": {"angle": -22.5, "axis": "z", "origin": [7.38687, 4.91761, 8.25]},
			"faces": {
				"north": {"uv": [7.75, 8.75, 8.125, 9.625], "texture": "#1"},
				"east": {"uv": [8.75, 5.25, 9.25, 6.125], "texture": "#1"},
				"south": {"uv": [8.25, 8.75, 8.625, 9.625], "texture": "#1"},
				"west": {"uv": [8.75, 6.25, 9.25, 7.125], "texture": "#1"},
				"up": {"uv": [1.375, 9.5, 1, 9], "texture": "#1"},
				"down": {"uv": [1.875, 9, 1.5, 9.5], "texture": "#1"}
			}
		},
		{
			"from": [10.88687, 6.91761, 3.25],
			"to": [12.38687, 12.41761, 5.25],
			"rotation": {"angle": -22.5, "axis": "z", "origin": [7.38687, 4.91761, 8.25]},
			"faces": {
				"north": {"uv": [4.75, 8, 5.125, 9.375], "texture": "#1"},
				"east": {"uv": [7.5, 1.5, 8, 2.875], "texture": "#1"},
				"south": {"uv": [5.25, 8, 5.625, 9.375], "texture": "#1"},
				"west": {"uv": [7.5, 3, 8, 4.375], "texture": "#1"},
				"up": {"uv": [2.375, 9.5, 2, 9], "texture": "#1"},
				"down": {"uv": [2.875, 9, 2.5, 9.5], "texture": "#1"}
			}
		},
		{
			"from": [10, 3, 3],
			"to": [13, 6, 5.5],
			"rotation": {"angle": 0, "axis": "y", "origin": [8, 1, 8]},
			"faces": {
				"north": {"uv": [8, 1.5, 8.75, 2.25], "texture": "#1"},
				"east": {"uv": [6.75, 8, 7.375, 8.75], "texture": "#1"},
				"south": {"uv": [8, 2.25, 8.75, 3], "texture": "#1"},
				"west": {"uv": [7.5, 8, 8.125, 8.75], "texture": "#1"},
				"up": {"uv": [9, 8.625, 8.25, 8], "texture": "#1"},
				"down": {"uv": [9.5, 1.5, 8.75, 2.125], "texture": "#1"}
			}
		},
		{
			"from": [3, -3, 3],
			"to": [13, 0, 3],
			"rotation": {"angle": 0, "axis": "y", "origin": [8, 1, 8]},
			"faces": {
				"north": {"uv": [7.5, 0, 10, 0.75], "texture": "#1"},
				"east": {"uv": [0, 0, 0, 0.75], "texture": "#1"},
				"south": {"uv": [7.5, 0.75, 10, 1.5], "texture": "#1"},
				"west": {"uv": [0, 0, 0, 0.75], "texture": "#1"},
				"up": {"uv": [2.5, 0, 0, 0], "texture": "#1"},
				"down": {"uv": [2.5, 0, 0, 0], "texture": "#1"}
			}
		},
		{
			"from": [3, 3, 3],
			"to": [6, 6, 5.5],
			"rotation": {"angle": 0, "axis": "y", "origin": [8, 1, 8]},
			"faces": {
				"north": {"uv": [8, 3, 8.75, 3.75], "texture": "#1"},
				"east": {"uv": [8.75, 2.25, 9.375, 3], "texture": "#1"},
				"south": {"uv": [8, 3.75, 8.75, 4.5], "texture": "#1"},
				"west": {"uv": [8.75, 3, 9.375, 3.75], "texture": "#1"},
				"up": {"uv": [9.5, 4.375, 8.75, 3.75], "texture": "#1"},
				"down": {"uv": [9.5, 4.5, 8.75, 5.125], "texture": "#1"}
			}
		},
		{
			"from": [3.61313, 6.91761, 3.25],
			"to": [5.11313, 12.41761, 5.25],
			"rotation": {"angle": 22.5, "axis": "z", "origin": [8.61313, 4.91761, 8.25]},
			"faces": {
				"north": {"uv": [5.75, 8, 6.125, 9.375], "texture": "#1"},
				"east": {"uv": [3.75, 7.5, 4.25, 8.875], "texture": "#1"},
				"south": {"uv": [6.25, 8, 6.625, 9.375], "texture": "#1"},
				"west": {"uv": [4.25, 7.5, 4.75, 8.875], "texture": "#1"},
				"up": {"uv": [3.375, 9.5, 3, 9], "texture": "#1"},
				"down": {"uv": [3.875, 9, 3.5, 9.5], "texture": "#1"}
			}
		},
		{
			"from": [5.11313, 6.91761, 3.25],
			"to": [6.61313, 10.41761, 5.25],
			"rotation": {"angle": 22.5, "axis": "z", "origin": [8.61313, 4.91761, 8.25]},
			"faces": {
				"north": {"uv": [8.75, 8.75, 9.125, 9.625], "texture": "#1"},
				"east": {"uv": [6.75, 8.75, 7.25, 9.625], "texture": "#1"},
				"south": {"uv": [0, 9, 0.375, 9.875], "texture": "#1"},
				"west": {"uv": [7.25, 8.75, 7.75, 9.625], "texture": "#1"},
				"up": {"uv": [4.375, 9.5, 4, 9], "texture": "#1"},
				"down": {"uv": [9.375, 7.75, 9, 8.25], "texture": "#1"}
			}
		},
		{
			"from": [0.48883, 10.40379, 3.5],
			"to": [2.48883, 11.90379, 5],
			"rotation": {"angle": -22.5, "axis": "z", "origin": [-1.01117, 11.15379, 4.75]},
			"faces": {
				"north": {"uv": [9, 8.25, 9.5, 8.625], "texture": "#1"},
				"east": {"uv": [9.25, 8.75, 9.625, 9.125], "texture": "#1"},
				"south": {"uv": [9.25, 5.25, 9.75, 5.625], "texture": "#1"},
				"west": {"uv": [9.25, 9.25, 9.625, 9.625], "texture": "#1"},
				"up": {"uv": [9.75, 6.125, 9.25, 5.75], "texture": "#1"},
				"down": {"uv": [9.75, 6.25, 9.25, 6.625], "texture": "#1"}
			}
		},
		{
			"from": [6, 3, 3.25],
			"to": [10, 6, 3.25],
			"rotation": {"angle": 0, "axis": "y", "origin": [8, 1, 8]},
			"faces": {
				"north": {"uv": [3.75, 6, 4.75, 6.75], "texture": "#1"},
				"east": {"uv": [0, 0, 0, 0.75], "texture": "#1"},
				"south": {"uv": [3.75, 6.75, 4.75, 7.5], "texture": "#1"},
				"west": {"uv": [0, 0, 0, 0.75], "texture": "#1"},
				"up": {"uv": [1, 0, 0, 0], "texture": "#1"},
				"down": {"uv": [1, 0, 0, 0], "texture": "#1"}
			}
		},
		{
			"from": [2.27898, -1.5, 2.66582],
			"to": [2.27898, 10.5, 7.66582],
			"rotation": {"angle": -22.5, "axis": "y", "origin": [2.27898, 4.5, 7.66582]},
			"faces": {
				"north": {"uv": [0, 0, 0, 3], "texture": "#1"},
				"east": {"uv": [5, 5, 7.00625, 8], "texture": "#1"},
				"south": {"uv": [0, 0, 0, 3], "texture": "#1"},
				"west": {"uv": [0, 6, 1.25, 9], "texture": "#1"},
				"up": {"uv": [0, 1.25, 0, 0], "texture": "#1"},
				"down": {"uv": [0, 0, 0, 1.25], "texture": "#1"}
			}
		},
		{
			"from": [2.27906, -1.5, 7.66544],
			"to": [2.27906, 10.5, 17.66544],
			"rotation": {"angle": 0, "axis": "y", "origin": [2.27906, 4.5, 12.66544]},
			"faces": {
				"north": {"uv": [0, 0, 0, 3], "texture": "#1"},
				"east": {"uv": [4.94375, 0, 2.44375, 3], "texture": "#1"},
				"south": {"uv": [0, 0, 0, 3], "texture": "#1"},
				"west": {"uv": [2.5, 0, 5, 3], "texture": "#1"},
				"up": {"uv": [0, 2.5, 0, 0], "texture": "#1"},
				"down": {"uv": [0, 0, 0, 2.5], "texture": "#1"}
			}
		},
		{
			"from": [13.72094, -1.5, 7.66544],
			"to": [13.72094, 10.5, 17.66544],
			"rotation": {"angle": 0, "axis": "y", "origin": [13.72094, 4.5, 12.66544]},
			"faces": {
				"north": {"uv": [0, 0, 0, 3], "texture": "#1"},
				"east": {"uv": [5, 0, 2.5, 3], "texture": "#1"},
				"south": {"uv": [0, 0, 0, 3], "texture": "#1"},
				"west": {"uv": [2.5, 3, 5, 6], "texture": "#1"},
				"up": {"uv": [0, 2.5, 0, 0], "texture": "#1"},
				"down": {"uv": [0, 0, 0, 2.5], "texture": "#1"}
			}
		},
		{
			"from": [13.72102, -1.5, 2.66582],
			"to": [13.72102, 10.5, 7.66582],
			"rotation": {"angle": 22.5, "axis": "y", "origin": [13.72102, 4.5, 7.66582]},
			"faces": {
				"north": {"uv": [0, 0, 0, 3], "texture": "#1"},
				"east": {"uv": [1.25, 6.03125, 0, 9.03125], "texture": "#1"},
				"south": {"uv": [0, 0, 0, 3], "texture": "#1"},
				"west": {"uv": [2.5, 6, 3.75, 9], "texture": "#1"},
				"up": {"uv": [0, 1.25, 0, 0], "texture": "#1"},
				"down": {"uv": [0, 0, 0, 1.25], "texture": "#1"}
			}
		}
	],
	"display": {
		"thirdperson_righthand": {
			"rotation": [90.12, -25.63, -2.87],
			"translation": [0.25, -2, 4.5],
			"scale": [0.59961, 0.59961, 0.59961]
		},
		"thirdperson_lefthand": {
			"rotation": [90.12, -25.63, -2.87],
			"translation": [0.25, -2, 4.5],
			"scale": [0.59961, 0.59961, 0.59961]
		},
		"firstperson_righthand": {
			"rotation": [162.11, 52.75, -166.71],
			"translation": [1.5, 7.25, -1.5],
			"scale": [0.71094, 0.71094, 0.71094]
		},
		"firstperson_lefthand": {
			"rotation": [162.11, 52.75, -166.71],
			"translation": [1.5, 7.5, -1.5],
			"scale": [0.68359, 0.68359, 0.68359]
		},
		"ground": {
			"rotation": [30.96, -0.53, -1.95],
			"translation": [0, 10, 0.5],
			"scale": [0.68555, 0.68555, 0.68555]
		},
		"gui": {
			"rotation": [164.5, 24.75, -180],
			"translation": [-0.25, 2.25, 0],
			"scale": [0.74805, 0.74805, 0.74805]
		},
		"head": {
			"rotation": [14.75, 0, 0],
			"translation": [0, 12, 1.75],
			"scale": [1.5332, 1.5332, 1.64844]
		},
		"fixed": {
			"rotation": [-79.25, 0, 0],
			"translation": [0, 2.5, -20.5],
			"scale": [2.29688, 2.29688, 2.29688]
		}
	},
	"groups": [
		{
			"name": "group",
			"origin": [13.72094, 4.5, 12.66544],
			"color": 0,
			"children": [0, 1, 2, 3, 4, 5, 6, 7, 8, 9, 10, 11, 12, 13, 14]
		}
	]
}