{
	"credit": "Made By Refa Edit By ZipaAh",
	"textures": {
		"1": "./mata",
		"2": "./nyerap",
		"3": "./main",
		"4": "./refa",
		"particle": "./refa"
	},
	"elements": [
		{
			"from": [6.75, 0.5, 7],
			"to": [8.25, 2.5, 9],
			"rotation": {"angle": 0, "axis": "y", "origin": [7.5, 1.94936, 8]},
			"faces": {
				"north": {"uv": [11.25, 1.75, 11.625, 2.25], "texture": "#3"},
				"east": {"uv": [10.5, 7, 11, 7.5], "texture": "#3"},
				"south": {"uv": [2, 11.25, 2.375, 11.75], "texture": "#3"},
				"west": {"uv": [7.75, 10.5, 8.25, 11], "texture": "#3"},
				"up": {"uv": [11.625, 2.75, 11.25, 2.25], "texture": "#3"},
				"down": {"uv": [2.875, 11.25, 2.5, 11.75], "texture": "#3"}
			}
		},
		{
			"from": [6.75, 3.5, 7],
			"to": [8.25, 5.5, 9],
			"rotation": {"angle": 0, "axis": "y", "origin": [7.5, 1.94936, 8]},
			"faces": {
				"north": {"uv": [11.25, 2.75, 11.625, 3.25], "texture": "#3"},
				"east": {"uv": [8.25, 10.5, 8.75, 11], "texture": "#3"},
				"south": {"uv": [3, 11.25, 3.375, 11.75], "texture": "#3"},
				"west": {"uv": [9.5, 10.5, 10, 11], "texture": "#3"},
				"up": {"uv": [11.625, 3.75, 11.25, 3.25], "texture": "#3"},
				"down": {"uv": [3.875, 11.25, 3.5, 11.75], "texture": "#3"}
			}
		},
		{
			"from": [6.25, 2.5, 6.5],
			"to": [8.75, 4.5, 9.5],
			"rotation": {"angle": 0, "axis": "y", "origin": [7.5, 1.94936, 8]},
			"faces": {
				"north": {"uv": [3.25, 10.25, 3.875, 10.75], "texture": "#3"},
				"east": {"uv": [9.25, 0.75, 10, 1.25], "texture": "#3"},
				"south": {"uv": [10.25, 4.75, 10.875, 5.25], "texture": "#3"},
				"west": {"uv": [4.25, 9.5, 5, 10], "texture": "#3"},
				"up": {"uv": [8.875, 8.5, 8.25, 7.75], "texture": "#3"},
				"down": {"uv": [9.125, 2.5, 8.5, 3.25], "texture": "#3"}
			}
		},
		{
			"from": [6.75, 6.5, 7],
			"to": [8.25, 8.5, 9],
			"rotation": {"angle": 0, "axis": "y", "origin": [7.5, 1.94936, 8]},
			"faces": {
				"north": {"uv": [11.25, 3.75, 11.625, 4.25], "texture": "#3"},
				"east": {"uv": [10, 10.5, 10.5, 11], "texture": "#3"},
				"south": {"uv": [4, 11.25, 4.375, 11.75], "texture": "#3"},
				"west": {"uv": [10.5, 10, 11, 10.5], "texture": "#3"},
				"up": {"uv": [4.875, 11.75, 4.5, 11.25], "texture": "#3"},
				"down": {"uv": [5.375, 11.25, 5, 11.75], "texture": "#3"}
			}
		},
		{
			"from": [6.25, 5.5, 6.5],
			"to": [8.75, 7.5, 9.5],
			"rotation": {"angle": 0, "axis": "y", "origin": [7.5, 1.94936, 8]},
			"faces": {
				"north": {"uv": [6.25, 10.25, 6.875, 10.75], "texture": "#3"},
				"east": {"uv": [9.5, 4.75, 10.25, 5.25], "texture": "#3"},
				"south": {"uv": [7, 10.25, 7.625, 10.75], "texture": "#3"},
				"west": {"uv": [5, 9.5, 5.75, 10], "texture": "#3"},
				"up": {"uv": [9.125, 3.25, 8.5, 2.5], "texture": "#3"},
				"down": {"uv": [9.125, 2.5, 8.5, 3.25], "texture": "#3"}
			}
		},
		{
			"from": [6.5, -9.5, 7],
			"to": [8.5, -7.5, 9],
			"rotation": {"angle": 0, "axis": "y", "origin": [7.5, 1.94936, 8]},
			"faces": {
				"north": {"uv": [10.5, 10.5, 11, 11], "texture": "#3"},
				"east": {"uv": [0.5, 10.75, 1, 11.25], "texture": "#3"},
				"south": {"uv": [1, 10.75, 1.5, 11.25], "texture": "#3"},
				"west": {"uv": [1.5, 10.75, 2, 11.25], "texture": "#3"},
				"up": {"uv": [11.25, 2.25, 10.75, 1.75], "texture": "#3"},
				"down": {"uv": [2, 11.125, 1.5, 11.25], "texture": "#3"}
			}
		},
		{
			"from": [6.5, -12.5, 7],
			"to": [8.5, -10.5, 9],
			"rotation": {"angle": 0, "axis": "y", "origin": [7.5, 1.94936, 8]},
			"faces": {
				"north": {"uv": [10.75, 2.25, 11.25, 2.75], "texture": "#3"},
				"east": {"uv": [10.75, 2.75, 11.25, 3.25], "texture": "#3"},
				"south": {"uv": [3.25, 10.75, 3.75, 11.25], "texture": "#3"},
				"west": {"uv": [10.75, 3.25, 11.25, 3.75], "texture": "#3"},
				"up": {"uv": [4.25, 11.25, 3.75, 10.75], "texture": "#3"},
				"down": {"uv": [11.25, 3.75, 10.75, 4.25], "texture": "#3"}
			}
		},
		{
			"from": [6.25, 16.6169, 8.99596],
			"to": [8.75, 18.6169, 10.99596],
			"rotation": {"angle": -45, "axis": "x", "origin": [7.5, 15.1169, 9.49596]},
			"faces": {
				"north": {"uv": [10.25, 7.75, 10.875, 8.25], "texture": "#3"},
				"east": {"uv": [4.25, 10.75, 4.75, 11.25], "texture": "#3"},
				"south": {"uv": [10.25, 8.25, 10.875, 8.75], "texture": "#3"},
				"west": {"uv": [4.75, 10.75, 5.25, 11.25], "texture": "#3"},
				"up": {"uv": [10.875, 9.25, 10.25, 8.75], "texture": "#3"},
				"down": {"uv": [10.875, 9.25, 10.25, 9.75], "texture": "#3"}
			}
		},
		{
			"from": [6.25, -13.47499, 6.07565],
			"to": [8.75, -11.47499, 8.07565],
			"rotation": {"angle": 45, "axis": "x", "origin": [7.5, -13.47499, 8.07565]},
			"faces": {
				"north": {"uv": [10.5, 0, 11.125, 0.5], "texture": "#3"},
				"east": {"uv": [5.25, 10.75, 5.75, 11.25], "texture": "#3"},
				"south": {"uv": [10.5, 1.25, 11.125, 1.75], "texture": "#3"},
				"west": {"uv": [6.25, 10.75, 6.75, 11.25], "texture": "#3"},
				"up": {"uv": [11.125, 5.75, 10.5, 5.25], "texture": "#3"},
				"down": {"uv": [11.125, 6.5, 10.5, 7], "texture": "#3"}
			}
		},
		{
			"from": [6.75, -11.5, 7.25],
			"to": [8.25, -6.5, 8.75],
			"rotation": {"angle": 0, "axis": "y", "origin": [7.5, 1.94936, 8]},
			"faces": {
				"north": {"uv": [7.5, 8.5, 7.875, 9.75], "texture": "#3"},
				"east": {"uv": [8, 8.5, 8.375, 9.75], "texture": "#3"},
				"south": {"uv": [8.5, 8.5, 8.875, 9.75], "texture": "#3"},
				"west": {"uv": [8.75, 0, 9.125, 1.25], "texture": "#3"},
				"up": {"uv": [9.625, 11.875, 9.25, 11.5], "texture": "#3"},
				"down": {"uv": [10.125, 11.5, 9.75, 11.875], "texture": "#3"}
			}
		},
		{
			"from": [6.75, -5.5, 7.25],
			"to": [8.25, -0.5, 8.75],
			"rotation": {"angle": 0, "axis": "y", "origin": [7.5, 1.94936, 8]},
			"faces": {
				"north": {"uv": [1.5, 8.75, 1.875, 10], "texture": "#3"},
				"east": {"uv": [2, 8.75, 2.375, 10], "texture": "#3"},
				"south": {"uv": [2.5, 8.75, 2.875, 10], "texture": "#3"},
				"west": {"uv": [3, 8.75, 3.375, 10], "texture": "#3"},
				"up": {"uv": [11.875, 10.375, 11.5, 10], "texture": "#3"},
				"down": {"uv": [10.625, 11.5, 10.25, 11.875], "texture": "#3"}
			}
		},
		{
			"from": [6.5, -6.5, 7],
			"to": [8.5, -4.5, 9],
			"rotation": {"angle": 0, "axis": "y", "origin": [7.5, 1.94936, 8]},
			"faces": {
				"north": {"uv": [6.75, 10.75, 7.25, 11.25], "texture": "#3"},
				"east": {"uv": [7.25, 10.75, 7.75, 11.25], "texture": "#3"},
				"south": {"uv": [11, 4.25, 11.5, 4.75], "texture": "#3"},
				"west": {"uv": [11, 4.75, 11.5, 5.25], "texture": "#3"},
				"up": {"uv": [6.25, 11.5, 5.75, 11], "texture": "#3"},
				"down": {"uv": [11.5, 5.125, 11, 5.25], "texture": "#3"}
			}
		},
		{
			"from": [6.5, -3.5, 7],
			"to": [8.5, -1.5, 9],
			"rotation": {"angle": 0, "axis": "y", "origin": [7.5, 1.94936, 8]},
			"faces": {
				"north": {"uv": [11, 7, 11.5, 7.5], "texture": "#3"},
				"east": {"uv": [11, 7.5, 11.5, 8], "texture": "#3"},
				"south": {"uv": [7.75, 11, 8.25, 11.5], "texture": "#3"},
				"west": {"uv": [11, 8, 11.5, 8.5], "texture": "#3"},
				"up": {"uv": [8.75, 11.5, 8.25, 11], "texture": "#3"},
				"down": {"uv": [11.5, 8.375, 11, 8.5], "texture": "#3"}
			}
		},
		{
			"from": [6.5, -0.5, 6.75],
			"to": [8.5, 1.5, 9.25],
			"rotation": {"angle": 0, "axis": "y", "origin": [7.5, 1.94936, 8]},
			"faces": {
				"north": {"uv": [8.75, 11, 9.25, 11.5], "texture": "#3"},
				"east": {"uv": [11, 9, 11.5, 9.5], "texture": "#3"},
				"south": {"uv": [9.25, 11, 9.75, 11.5], "texture": "#3"},
				"west": {"uv": [9.75, 11, 10.25, 11.5], "texture": "#3"},
				"up": {"uv": [11.5, 10.5, 11, 10], "texture": "#3"},
				"down": {"uv": [10.25, 11.40625, 9.75, 11.5], "texture": "#3"}
			}
		},
		{
			"from": [7.3, 6.43364, 14.41564],
			"to": [7.3, 16.43364, 22.41564],
			"rotation": {"angle": -22.5, "axis": "x", "origin": [7.5, 5.93364, 18.91564]},
			"faces": {
				"east": {"uv": [0, 0, 8, 10], "texture": "#2"},
				"west": {"uv": [8, 0, 0, 10], "texture": "#2"}
			}
		},
		{
			"from": [7.7, 6.43364, 14.41564],
			"to": [7.7, 16.43364, 22.41564],
			"rotation": {"angle": -22.5, "axis": "x", "origin": [7.5, 5.93364, 18.91564]},
			"faces": {
				"east": {"uv": [0, 0, 8, 10], "texture": "#2"},
				"west": {"uv": [8, 0, 0, 10], "texture": "#2"}
			}
		},
		{
			"from": [7.3, 6.43364, -6.41564],
			"to": [7.3, 16.43364, 1.58436],
			"rotation": {"angle": 22.5, "axis": "x", "origin": [7.5, 5.93364, -2.91564]},
			"faces": {
				"east": {"uv": [8, 0, 0, 10], "texture": "#2"},
				"west": {"uv": [0, 0, 8, 10], "texture": "#2"}
			}
		},
		{
			"from": [7.7, 6.43364, -6.41564],
			"to": [7.7, 16.43364, 1.58436],
			"rotation": {"angle": 22.5, "axis": "x", "origin": [7.5, 5.93364, -2.91564]},
			"faces": {
				"east": {"uv": [8, 0, 0, 10], "texture": "#2"},
				"west": {"uv": [0, 0, 8, 10], "texture": "#2"}
			}
		},
		{
			"from": [6.6, 13.5, 5.5],
			"to": [8.6, 14.5, 10.5],
			"rotation": {"angle": 0, "axis": "y", "origin": [7.5, 1.94936, 8]},
			"faces": {
				"north": {"uv": [8, 1.75, 8.5, 2], "texture": "#3"},
				"east": {"uv": [10.25, 9.75, 11.5, 10], "texture": "#3"},
				"south": {"uv": [9.25, 6.75, 9.75, 7], "texture": "#3"},
				"west": {"uv": [10.5, 0.5, 11.75, 0.75], "texture": "#3"},
				"up": {"uv": [8, 6.25, 7.5, 5], "texture": "#3"},
				"down": {"uv": [8, 6.25, 7.5, 7.5], "texture": "#3"}
			}
		},
		{
			"from": [6.1, 13.5, 6.5],
			"to": [9.1, 15.5, 9.5],
			"rotation": {"angle": 0, "axis": "y", "origin": [7.5, 1.94936, 8]},
			"faces": {
				"north": {"uv": [9.75, 1.25, 10.5, 1.75], "texture": "#3"},
				"east": {"uv": [9.75, 5.25, 10.5, 5.75], "texture": "#3"},
				"south": {"uv": [6.5, 9.75, 7.25, 10.25], "texture": "#3"},
				"west": {"uv": [9.75, 6.75, 10.5, 7.25], "texture": "#3"},
				"up": {"uv": [3, 8.75, 2.25, 8], "texture": "#3"},
				"down": {"uv": [3.75, 8, 3, 8.75], "texture": "#3"}
			}
		},
		{
			"from": [5.4, 9.5, 5.25],
			"to": [5.4, 13.5, 10.75],
			"rotation": {"angle": 0, "axis": "y", "origin": [7.5, 1.94936, 8]},
			"faces": {
				"east": {"uv": [0, 0, 11, 8], "texture": "#1"},
				"west": {"uv": [0, 0, 11, 8], "texture": "#1"}
			}
		},
		{
			"from": [5, 11, 7.75],
			"to": [5.5, 12.5, 8.25],
			"rotation": {"angle": 0, "axis": "y", "origin": [7.5, 1.94936, 8]},
			"faces": {
				"north": {"uv": [10.25, 12, 10.375, 12.375], "texture": "#3"},
				"east": {"uv": [10.5, 12, 10.625, 12.375], "texture": "#3"},
				"south": {"uv": [12, 10.5, 12.125, 10.875], "texture": "#3"},
				"west": {"uv": [10.75, 12, 10.875, 12.375], "texture": "#3"},
				"up": {"uv": [5.625, 12.625, 5.5, 12.5], "texture": "#3"},
				"down": {"uv": [12.625, 5.5, 12.5, 5.625], "texture": "#3"}
			}
		},
		{
			"from": [5, 10.5, 7.25],
			"to": [5.5, 11, 8.75],
			"rotation": {"angle": 0, "axis": "y", "origin": [7.5, 1.94936, 8]},
			"faces": {
				"north": {"uv": [5.75, 12.5, 5.875, 12.625], "texture": "#3"},
				"east": {"uv": [12, 6.25, 12.375, 6.375], "texture": "#3"},
				"south": {"uv": [12.5, 5.75, 12.625, 5.875], "texture": "#3"},
				"west": {"uv": [11, 12, 11.375, 12.125], "texture": "#3"},
				"up": {"uv": [12.125, 11.375, 12, 11], "texture": "#3"},
				"down": {"uv": [11.625, 12, 11.5, 12.375], "texture": "#3"}
			}
		},
		{
			"from": [5, 9.5, 5.25],
			"to": [5.5, 10.5, 10.75],
			"rotation": {"angle": 0, "axis": "y", "origin": [7.5, 1.94936, 8]},
			"faces": {
				"north": {"uv": [12.25, 10.25, 12.375, 10.5], "texture": "#3"},
				"east": {"uv": [9.75, 5.75, 11.125, 6], "texture": "#3"},
				"south": {"uv": [12.25, 10.5, 12.375, 10.75], "texture": "#3"},
				"west": {"uv": [10, 0.75, 11.375, 1], "texture": "#3"},
				"up": {"uv": [6.125, 12.875, 6, 11.5], "texture": "#3"},
				"down": {"uv": [11.625, 8.5, 11.5, 9.875], "texture": "#3"}
			}
		},
		{
			"from": [5, 10.5, 10.25],
			"to": [5.5, 12, 10.75],
			"rotation": {"angle": 0, "axis": "y", "origin": [7.5, 1.94936, 8]},
			"faces": {
				"north": {"uv": [12, 11.5, 12.125, 11.875], "texture": "#3"},
				"east": {"uv": [11.75, 12, 11.875, 12.375], "texture": "#3"},
				"south": {"uv": [12, 12, 12.125, 12.375], "texture": "#3"},
				"west": {"uv": [0, 12.25, 0.125, 12.625], "texture": "#3"},
				"up": {"uv": [12.625, 6.125, 12.5, 6], "texture": "#3"},
				"down": {"uv": [6.375, 12.5, 6.25, 12.625], "texture": "#3"}
			}
		},
		{
			"from": [5, 10.5, 5.25],
			"to": [5.5, 12, 5.75],
			"rotation": {"angle": 0, "axis": "y", "origin": [7.5, 1.94936, 8]},
			"faces": {
				"north": {"uv": [12.25, 0, 12.375, 0.375], "texture": "#3"},
				"east": {"uv": [0.25, 12.25, 0.375, 12.625], "texture": "#3"},
				"south": {"uv": [0.5, 12.25, 0.625, 12.625], "texture": "#3"},
				"west": {"uv": [12.25, 0.5, 12.375, 0.875], "texture": "#3"},
				"up": {"uv": [12.625, 6.375, 12.5, 6.25], "texture": "#3"},
				"down": {"uv": [6.625, 12.5, 6.5, 12.625], "texture": "#3"}
			}
		},
		{
			"from": [5.5, 9.5, 5.25],
			"to": [9.5, 13.5, 10.75],
			"rotation": {"angle": 0, "axis": "y", "origin": [7.5, 1.94936, 8]},
			"faces": {
				"north": {"uv": [6.5, 5, 7.5, 6], "texture": "#3"},
				"east": {"uv": [6.5, 0, 7.875, 1], "texture": "#3"},
				"south": {"uv": [6.5, 6, 7.5, 7], "texture": "#3"},
				"west": {"uv": [6.5, 1, 7.875, 2], "texture": "#3"},
				"up": {"uv": [7.5, 3.375, 6.5, 2], "texture": "#3"},
				"down": {"uv": [7.5, 2, 6.5, 3.375], "texture": "#3"}
			}
		},
		{
			"from": [9.5, 10.5, 10.25],
			"to": [10, 12, 10.75],
			"rotation": {"angle": 0, "axis": "y", "origin": [7.5, 1.94936, 8]},
			"faces": {
				"north": {"uv": [0.75, 12.25, 0.875, 12.625], "texture": "#3"},
				"east": {"uv": [1, 12.25, 1.125, 12.625], "texture": "#3"},
				"south": {"uv": [12.25, 1, 12.375, 1.375], "texture": "#3"},
				"west": {"uv": [1.25, 12.25, 1.375, 12.625], "texture": "#3"},
				"up": {"uv": [12.625, 6.625, 12.5, 6.5], "texture": "#3"},
				"down": {"uv": [6.875, 12.5, 6.75, 12.625], "texture": "#3"}
			}
		},
		{
			"from": [9.5, 9.5, 5.25],
			"to": [10, 10.5, 10.75],
			"rotation": {"angle": 0, "axis": "y", "origin": [7.5, 1.94936, 8]},
			"faces": {
				"north": {"uv": [12.25, 10.75, 12.375, 11], "texture": "#3"},
				"east": {"uv": [10, 1, 11.375, 1.25], "texture": "#3"},
				"south": {"uv": [11, 12.25, 11.125, 12.5], "texture": "#3"},
				"west": {"uv": [1.75, 10, 3.125, 10.25], "texture": "#3"},
				"up": {"uv": [8.875, 12.875, 8.75, 11.5], "texture": "#3"},
				"down": {"uv": [8.875, 11.5, 8.75, 12.875], "texture": "#3"}
			}
		},
		{
			"from": [9.5, 11, 7.75],
			"to": [10, 12.5, 8.25],
			"rotation": {"angle": 0, "axis": "y", "origin": [7.5, 1.94936, 8]},
			"faces": {
				"north": {"uv": [1.5, 12.25, 1.625, 12.625], "texture": "#3"},
				"east": {"uv": [12.25, 1.5, 12.375, 1.875], "texture": "#3"},
				"south": {"uv": [1.75, 12.25, 1.875, 12.625], "texture": "#3"},
				"west": {"uv": [2, 12.25, 2.125, 12.625], "texture": "#3"},
				"up": {"uv": [12.625, 6.875, 12.5, 6.75], "texture": "#3"},
				"down": {"uv": [7.125, 12.5, 7, 12.625], "texture": "#3"}
			}
		},
		{
			"from": [9.5, 10.5, 5.25],
			"to": [10, 12, 5.75],
			"rotation": {"angle": 0, "axis": "y", "origin": [7.5, 1.94936, 8]},
			"faces": {
				"north": {"uv": [12.25, 2, 12.375, 2.375], "texture": "#3"},
				"east": {"uv": [2.25, 12.25, 2.375, 12.625], "texture": "#3"},
				"south": {"uv": [2.5, 12.25, 2.625, 12.625], "texture": "#3"},
				"west": {"uv": [2.75, 12.25, 2.875, 12.625], "texture": "#3"},
				"up": {"uv": [12.625, 7.125, 12.5, 7], "texture": "#3"},
				"down": {"uv": [7.375, 12.5, 7.25, 12.625], "texture": "#3"}
			}
		},
		{
			"from": [9.5, 10.5, 7.25],
			"to": [10, 11, 8.75],
			"rotation": {"angle": 0, "axis": "y", "origin": [7.5, 1.94936, 8]},
			"faces": {
				"north": {"uv": [12.5, 7.25, 12.625, 7.375], "texture": "#3"},
				"east": {"uv": [12.25, 2.5, 12.625, 2.625], "texture": "#3"},
				"south": {"uv": [7.5, 12.5, 7.625, 12.625], "texture": "#3"},
				"west": {"uv": [3, 12.25, 3.375, 12.375], "texture": "#3"},
				"up": {"uv": [3.625, 12.625, 3.5, 12.25], "texture": "#3"},
				"down": {"uv": [3.875, 12.25, 3.75, 12.625], "texture": "#3"}
			}
		},
		{
			"from": [6.15, 8.5, 6.5],
			"to": [8.85, 10.5, 9.5],
			"rotation": {"angle": 0, "axis": "y", "origin": [7.5, 1.94936, 8]},
			"faces": {
				"north": {"uv": [10, 1.75, 10.6875, 2.25], "texture": "#3"},
				"east": {"uv": [7.25, 9.75, 8, 10.25], "texture": "#3"},
				"south": {"uv": [10, 2.25, 10.6875, 2.75], "texture": "#3"},
				"west": {"uv": [9.75, 7.25, 10.5, 7.75], "texture": "#3"},
				"up": {"uv": [7.4375, 8.75, 6.75, 8], "texture": "#3"},
				"down": {"uv": [7.4375, 8, 6.75, 8.75], "texture": "#3"}
			}
		},
		{
			"from": [9.6, 9.5, 5.25],
			"to": [9.6, 13.5, 10.75],
			"rotation": {"angle": 0, "axis": "y", "origin": [7.5, 1.94936, 8]},
			"faces": {
				"east": {"uv": [11, 0, 0, 8], "texture": "#1"},
				"west": {"uv": [11, 0, 0, 8], "texture": "#1"}
			}
		},
		{
			"from": [6.6, -10.5, 7.5],
			"to": [6.6, -9.5, 8.5],
			"rotation": {"angle": 0, "axis": "y", "origin": [7.5, 1.94936, 8]},
			"faces": {
				"north": {"uv": [0, 0, 0, 0], "texture": "#4"},
				"east": {"uv": [16, 0, 0, 16], "texture": "#4"},
				"south": {"uv": [0, 0, 0, 0], "texture": "#4"},
				"west": {"uv": [16, 0, 0, 16], "texture": "#4"},
				"up": {"uv": [0, 0, 0, 0], "texture": "#4"},
				"down": {"uv": [0, 0, 0, 0], "texture": "#4"}
			}
		},
		{
			"from": [8.35, -10.5, 7.5],
			"to": [8.35, -9.5, 8.5],
			"rotation": {"angle": 0, "axis": "y", "origin": [7.5, 1.94936, 8]},
			"faces": {
				"north": {"uv": [0, 0, 0, 0], "texture": "#4"},
				"east": {"uv": [16, 0, 0, 16], "texture": "#4"},
				"south": {"uv": [0, 0, 0, 0], "texture": "#4"},
				"west": {"uv": [16, 0, 0, 16], "texture": "#4"},
				"up": {"uv": [0, 0, 0, 0], "texture": "#4"},
				"down": {"uv": [0, 0, 0, 0], "texture": "#4"}
			}
		},
		{
			"from": [6.25, 10.13267, 3.63902],
			"to": [8.75, 13.63267, 7.63902],
			"rotation": {"angle": 0, "axis": "y", "origin": [7.5, 1.94936, 8]},
			"faces": {
				"north": {"uv": [8, 5, 8.625, 5.875], "texture": "#3"},
				"east": {"uv": [6.5, 7, 7.5, 7.875], "texture": "#3"},
				"south": {"uv": [5.25, 8, 5.875, 8.875], "texture": "#3"},
				"west": {"uv": [7.5, 2, 8.5, 2.875], "texture": "#3"},
				"up": {"uv": [8.125, 8.5, 7.5, 7.5], "texture": "#3"},
				"down": {"uv": [1.375, 8, 0.75, 9], "texture": "#3"}
			}
		},
		{
			"from": [6.85, 14.69079, -1.32914],
			"to": [8.15, 16.19079, -0.32914],
			"rotation": {"angle": 0, "axis": "y", "origin": [7.5, 1.94936, 8]},
			"faces": {
				"north": {"uv": [1.5, 11.75, 1.8125, 12.125], "texture": "#3"},
				"east": {"uv": [11.75, 3.75, 12, 4.125], "texture": "#3"},
				"south": {"uv": [11.75, 1.75, 12.0625, 2.125], "texture": "#3"},
				"west": {"uv": [4, 11.75, 4.25, 12.125], "texture": "#3"},
				"up": {"uv": [12.3125, 3, 12, 2.75], "texture": "#3"},
				"down": {"uv": [12.3125, 3, 12, 3.25], "texture": "#3"}
			}
		},
		{
			"from": [7, 10.5348, 2.03533],
			"to": [8, 12.0348, 4.03533],
			"rotation": {"angle": 0, "axis": "y", "origin": [7.5, 1.94936, 8]},
			"faces": {
				"north": {"uv": [4.25, 11.75, 4.5, 12.125], "texture": "#3"},
				"east": {"uv": [7.25, 11.25, 7.75, 11.625], "texture": "#3"},
				"south": {"uv": [4.5, 11.75, 4.75, 12.125], "texture": "#3"},
				"west": {"uv": [11.25, 11, 11.75, 11.375], "texture": "#3"},
				"up": {"uv": [1, 10, 0.75, 9.5], "texture": "#3"},
				"down": {"uv": [6, 9.5, 5.75, 10], "texture": "#3"}
			}
		},
		{
			"from": [7.1, 11.99901, 9.19961],
			"to": [7.9, 12.99901, 10.69961],
			"rotation": {"angle": 0, "axis": "y", "origin": [7.5, 1.94936, 8]},
			"faces": {
				"north": {"uv": [7.75, 10.25, 7.9375, 10.5], "texture": "#3"},
				"east": {"uv": [10, 6.5, 10.375, 6.75], "texture": "#3"},
				"south": {"uv": [5.5, 11.25, 5.6875, 11.5], "texture": "#3"},
				"west": {"uv": [10.5, 7.5, 10.875, 7.75], "texture": "#3"},
				"up": {"uv": [5.6875, 12.375, 5.5, 12], "texture": "#3"},
				"down": {"uv": [5.9375, 12, 5.75, 12.375], "texture": "#3"}
			}
		},
		{
			"from": [6.25, 10.13267, 8.36098],
			"to": [8.75, 13.63267, 12.36098],
			"rotation": {"angle": 0, "axis": "y", "origin": [7.5, 1.94936, 8]},
			"faces": {
				"north": {"uv": [6, 8, 6.625, 8.875], "texture": "#3"},
				"east": {"uv": [7.5, 3, 8.5, 3.875], "texture": "#3"},
				"south": {"uv": [8, 6, 8.625, 6.875], "texture": "#3"},
				"west": {"uv": [7.5, 4, 8.5, 4.875], "texture": "#3"},
				"up": {"uv": [9.8125, 1, 9.25, 0], "texture": "#3"},
				"down": {"uv": [1.375, 8, 0.75, 9], "texture": "#3"}
			}
		},
		{
			"from": [6.45, 12.47864, 1.67785],
			"to": [8.55, 15.47864, 4.17785],
			"rotation": {"angle": 0, "axis": "y", "origin": [7.5, 1.94936, 8]},
			"faces": {
				"north": {"uv": [3.96875, 9.5, 3.5, 10.25], "texture": "#3"},
				"east": {"uv": [4.875, 8.75, 4.25, 9.5], "texture": "#3"},
				"south": {"uv": [0.53125, 9.5, 0, 10.25], "texture": "#3"},
				"west": {"uv": [4.25, 8.75, 4.875, 9.5], "texture": "#3"},
				"up": {"uv": [4.78125, 10, 4.25, 10.625], "texture": "#3"},
				"down": {"uv": [5.5, 10.625, 5, 10], "texture": "#3"}
			}
		},
		{
			"from": [6.35, 10.94205, 10.96245],
			"to": [8.65, 13.94205, 13.96245],
			"rotation": {"angle": 0, "axis": "y", "origin": [7.5, 1.94936, 8]},
			"faces": {
				"north": {"uv": [9.5625, 9.125, 9, 8.5], "texture": "#3"},
				"east": {"uv": [8.75, 1, 8, 1.75], "texture": "#3"},
				"south": {"uv": [9.5625, 7, 9, 7.75], "texture": "#3"},
				"west": {"uv": [8.75, 1, 8, 1.75], "texture": "#3"},
				"up": {"uv": [9, 9.25, 9.5625, 8.5], "texture": "#3"},
				"down": {"uv": [9.8125, 0.75, 9.25, 0], "texture": "#3"}
			}
		},
		{
			"from": [6.45, 12.47864, 11.82215],
			"to": [8.55, 15.47864, 14.32215],
			"rotation": {"angle": 0, "axis": "y", "origin": [7.5, 1.94936, 8]},
			"faces": {
				"north": {"uv": [0, 9.5, 0.53125, 10.25], "texture": "#3"},
				"east": {"uv": [4.25, 8.75, 4.875, 9.5], "texture": "#3"},
				"south": {"uv": [3.5, 9.5, 3.96875, 10.25], "texture": "#3"},
				"west": {"uv": [4.875, 8.75, 4.25, 9.5], "texture": "#3"},
				"up": {"uv": [4.78125, 10.625, 4.25, 10], "texture": "#3"},
				"down": {"uv": [5.5, 10, 5, 10.625], "texture": "#3"}
			}
		},
		{
			"from": [6.35, 10.94205, 2.03755],
			"to": [8.65, 13.94205, 5.03755],
			"rotation": {"angle": 0, "axis": "y", "origin": [7.5, 1.94936, 8]},
			"faces": {
				"north": {"uv": [9, 7, 9.5625, 7.75], "texture": "#3"},
				"east": {"uv": [8, 1, 8.75, 1.75], "texture": "#3"},
				"south": {"uv": [9, 9.125, 9.5625, 8.5], "texture": "#3"},
				"west": {"uv": [8, 1, 8.75, 1.75], "texture": "#3"},
				"up": {"uv": [9, 8.5, 9.5625, 9.25], "texture": "#3"},
				"down": {"uv": [9.8125, 0, 9.25, 0.75], "texture": "#3"}
			}
		},
		{
			"from": [6.55, 14.16551, 1.27232],
			"to": [8.45, 17.16551, 3.27232],
			"rotation": {"angle": -45, "axis": "x", "origin": [7.5, 15.66551, 2.27232]},
			"faces": {
				"north": {"uv": [0.75, 10, 1.21875, 10.75], "texture": "#3"},
				"east": {"uv": [8.5, 9.75, 9, 10.5], "texture": "#3"},
				"south": {"uv": [1.25, 10, 1.71875, 10.75], "texture": "#3"},
				"west": {"uv": [9, 9.75, 8.5, 10.5], "texture": "#3"},
				"up": {"uv": [11.71875, 1.75, 11.25, 1.25], "texture": "#3"},
				"down": {"uv": [1.96875, 11.25, 1.5, 11.75], "texture": "#3"}
			}
		},
		{
			"from": [6.75, 15.79079, -1.52914],
			"to": [8.25, 17.29079, 1.97086],
			"rotation": {"angle": 0, "axis": "y", "origin": [7.5, 1.94936, 8]},
			"faces": {
				"north": {"uv": [0.375, 11.75, 0, 12.125], "texture": "#3"},
				"east": {"uv": [10.375, 10, 9.5, 10.375], "texture": "#3"},
				"south": {"uv": [11.625, 11.5, 11.25, 11.875], "texture": "#3"},
				"west": {"uv": [2.625, 10.25, 1.75, 10.625], "texture": "#3"},
				"up": {"uv": [0.375, 10.25, 0, 11.125], "texture": "#3"},
				"down": {"uv": [0.375, 11.125, 0, 10.25], "texture": "#3"}
			}
		},
		{
			"from": [6.85, 14.69079, 16.32914],
			"to": [8.15, 16.19079, 17.32914],
			"rotation": {"angle": 0, "axis": "y", "origin": [7.5, 1.94936, 8]},
			"faces": {
				"north": {"uv": [2, 11.75, 2.3125, 12.125], "texture": "#3"},
				"east": {"uv": [4.75, 11.75, 5, 12.125], "texture": "#3"},
				"south": {"uv": [11.75, 2.25, 12.0625, 2.625], "texture": "#3"},
				"west": {"uv": [5, 11.75, 5.25, 12.125], "texture": "#3"},
				"up": {"uv": [12.3125, 3.5, 12, 3.25], "texture": "#3"},
				"down": {"uv": [12.3125, 3.5, 12, 3.75], "texture": "#3"}
			}
		},
		{
			"from": [7, 10.5348, 11.96467],
			"to": [8, 12.0348, 13.96467],
			"rotation": {"angle": 0, "axis": "y", "origin": [7.5, 1.94936, 8]},
			"faces": {
				"north": {"uv": [5.25, 11.75, 5.5, 12.125], "texture": "#3"},
				"east": {"uv": [11.5, 0.75, 12, 1.125], "texture": "#3"},
				"south": {"uv": [11.75, 5.25, 12, 5.625], "texture": "#3"},
				"west": {"uv": [11.5, 4.25, 12, 4.625], "texture": "#3"},
				"up": {"uv": [0.75, 10.75, 0.5, 10.25], "texture": "#3"},
				"down": {"uv": [0.75, 10.25, 0.5, 10.75], "texture": "#3"}
			}
		},
		{
			"from": [7.1, 11.99901, 5.30039],
			"to": [7.9, 12.99901, 6.80039],
			"rotation": {"angle": 0, "axis": "y", "origin": [7.5, 1.94936, 8]},
			"faces": {
				"north": {"uv": [4, 12.25, 4.1875, 12.5], "texture": "#3"},
				"east": {"uv": [11, 9.5, 11.375, 9.75], "texture": "#3"},
				"south": {"uv": [12.25, 4, 12.4375, 4.25], "texture": "#3"},
				"west": {"uv": [11.5, 6.25, 11.875, 6.5], "texture": "#3"},
				"up": {"uv": [12.1875, 6.125, 12, 5.75], "texture": "#3"},
				"down": {"uv": [12.1875, 7, 12, 7.375], "texture": "#3"}
			}
		},
		{
			"from": [7.2, 9.2348, 1.43533],
			"to": [7.8, 10.2348, 1.93533],
			"rotation": {"angle": 0, "axis": "y", "origin": [7.5, 1.94936, 8]},
			"faces": {
				"north": {"uv": [12.40625, 7, 12.25, 7.25], "texture": "#3"},
				"east": {"uv": [12.625, 0, 12.5, 0.25], "texture": "#3"},
				"south": {"uv": [7.15625, 12.25, 7, 12.5], "texture": "#3"},
				"west": {"uv": [12.625, 0, 12.5, 0.25], "texture": "#3"},
				"up": {"uv": [4.40625, 12.5, 4.25, 12.625], "texture": "#3"},
				"down": {"uv": [12.65625, 4.375, 12.53125, 4.25], "texture": "#3"}
			}
		},
		{
			"from": [7.2, 9.2348, 14.06467],
			"to": [7.8, 10.2348, 14.56467],
			"rotation": {"angle": 0, "axis": "y", "origin": [7.5, 1.94936, 8]},
			"faces": {
				"north": {"uv": [7, 12.25, 7.15625, 12.5], "texture": "#3"},
				"east": {"uv": [12.5, 0, 12.625, 0.25], "texture": "#3"},
				"south": {"uv": [12.25, 7, 12.40625, 7.25], "texture": "#3"},
				"west": {"uv": [12.5, 0, 12.625, 0.25], "texture": "#3"},
				"up": {"uv": [4.40625, 12.625, 4.25, 12.5], "texture": "#3"},
				"down": {"uv": [12.65625, 4.25, 12.53125, 4.375], "texture": "#3"}
			}
		},
		{
			"from": [7, -12.4652, 7.96467],
			"to": [8, -10.9652, 9.96467],
			"rotation": {"angle": 0, "axis": "y", "origin": [7.5, 1.94936, 8]},
			"faces": {
				"north": {"uv": [6.25, 11.75, 6.5, 12.125], "texture": "#3"},
				"east": {"uv": [11.5, 4.75, 12, 5.125], "texture": "#3"},
				"south": {"uv": [6.5, 11.75, 6.75, 12.125], "texture": "#3"},
				"west": {"uv": [5.5, 11.5, 6, 11.875], "texture": "#3"},
				"up": {"uv": [9, 11, 8.75, 10.5], "texture": "#3"},
				"down": {"uv": [2.75, 10.75, 2.5, 11.25], "texture": "#3"}
			}
		},
		{
			"from": [7.2, -13.7652, 5.43533],
			"to": [7.8, -12.7652, 5.93533],
			"rotation": {"angle": 0, "axis": "y", "origin": [7.5, 1.94936, 8]},
			"faces": {
				"north": {"uv": [12.40625, 7.5, 12.25, 7.75], "texture": "#3"},
				"east": {"uv": [12.625, 0, 12.5, 0.25], "texture": "#3"},
				"south": {"uv": [12.40625, 7.25, 12.25, 7.5], "texture": "#3"},
				"west": {"uv": [12.625, 0.5, 12.5, 0.75], "texture": "#3"},
				"up": {"uv": [4.65625, 12.5, 4.5, 12.625], "texture": "#3"},
				"down": {"uv": [12.65625, 4.625, 12.53125, 4.5], "texture": "#3"}
			}
		},
		{
			"from": [7.1, -13.34287, 5.01458],
			"to": [7.9, -11.84287, 6.01458],
			"rotation": {"angle": 45, "axis": "x", "origin": [7.5, -13.09287, 6.01458]},
			"faces": {
				"north": {"uv": [7.4375, 12, 7.25, 12.375], "rotation": 180, "texture": "#3"},
				"east": {"uv": [12.125, 0.5, 11.75, 0.75], "rotation": 90, "texture": "#3"},
				"south": {"uv": [7.4375, 12.375, 7.25, 12], "texture": "#3"},
				"west": {"uv": [12.125, 6.5, 11.75, 6.75], "rotation": 270, "texture": "#3"},
				"up": {"uv": [4.4375, 12.25, 4.25, 12.5], "texture": "#3"},
				"down": {"uv": [12.4375, 4.25, 12.25, 4.5], "rotation": 180, "texture": "#3"}
			}
		},
		{
			"from": [7.1, -13.34287, 9.98542],
			"to": [7.9, -11.84287, 10.98542],
			"rotation": {"angle": -45, "axis": "x", "origin": [7.5, -13.09287, 9.98542]},
			"faces": {
				"north": {"uv": [7.25, 12.375, 7.4375, 12], "texture": "#3"},
				"east": {"uv": [12.125, 0.75, 11.75, 0.5], "rotation": 90, "texture": "#3"},
				"south": {"uv": [7.25, 12, 7.4375, 12.375], "rotation": 180, "texture": "#3"},
				"west": {"uv": [12.125, 6.75, 11.75, 6.5], "rotation": 270, "texture": "#3"},
				"up": {"uv": [4.4375, 12.5, 4.25, 12.25], "texture": "#3"},
				"down": {"uv": [12.4375, 4.5, 12.25, 4.25], "rotation": 180, "texture": "#3"}
			}
		},
		{
			"from": [7.2, -13.7652, 10.06467],
			"to": [7.8, -12.7652, 10.56467],
			"rotation": {"angle": 0, "axis": "y", "origin": [7.5, 1.94936, 8]},
			"faces": {
				"north": {"uv": [12.25, 7.25, 12.40625, 7.5], "texture": "#3"},
				"east": {"uv": [12.5, 0, 12.625, 0.25], "texture": "#3"},
				"south": {"uv": [12.25, 7.5, 12.40625, 7.75], "texture": "#3"},
				"west": {"uv": [12.5, 0.5, 12.625, 0.75], "texture": "#3"},
				"up": {"uv": [4.65625, 12.625, 4.5, 12.5], "texture": "#3"},
				"down": {"uv": [12.65625, 4.5, 12.53125, 4.625], "texture": "#3"}
			}
		},
		{
			"from": [7, -12.4652, 6.03533],
			"to": [8, -10.9652, 8.03533],
			"rotation": {"angle": 0, "axis": "y", "origin": [7.5, 1.94936, 8]},
			"faces": {
				"north": {"uv": [6.75, 11.75, 7, 12.125], "texture": "#3"},
				"east": {"uv": [11.5, 5.75, 12, 6.125], "texture": "#3"},
				"south": {"uv": [7, 11.75, 7.25, 12.125], "texture": "#3"},
				"west": {"uv": [11.5, 7, 12, 7.375], "texture": "#3"},
				"up": {"uv": [12.25, 0.375, 12, 0], "texture": "#3"},
				"down": {"uv": [0.75, 11.75, 0.5, 12.25], "texture": "#3"}
			}
		},
		{
			"from": [7.1, 13.25473, 15.37797],
			"to": [7.9, 14.75473, 16.37797],
			"rotation": {"angle": -22.5, "axis": "x", "origin": [7.5, 1.94936, 8]},
			"faces": {
				"north": {"uv": [11.875, 8.375, 11.75, 8], "texture": "#3"},
				"east": {"uv": [12, 9.5, 11.75, 9.875], "texture": "#3"},
				"south": {"uv": [7.9375, 12, 7.75, 12.375], "texture": "#3"},
				"west": {"uv": [12, 9.5, 11.75, 9.875], "texture": "#3"},
				"up": {"uv": [4.9375, 12.25, 4.75, 12.5], "texture": "#3"},
				"down": {"uv": [12.4375, 5, 12.25, 4.75], "texture": "#3"}
			}
		},
		{
			"from": [7, 14.79723, 5.16261],
			"to": [8, 16.29723, 7.16261],
			"rotation": {"angle": 22.5, "axis": "x", "origin": [7.5, 1.94936, 8]},
			"faces": {
				"north": {"uv": [12, 0.75, 12.25, 1.125], "texture": "#3"},
				"east": {"uv": [11.5, 8, 12, 8.375], "texture": "#3"},
				"south": {"uv": [12, 1.25, 12.25, 1.625], "texture": "#3"},
				"west": {"uv": [8.25, 11.5, 8.75, 11.875], "texture": "#3"},
				"up": {"uv": [1.5, 12.25, 1.25, 11.75], "texture": "#3"},
				"down": {"uv": [12, 1.25, 11.75, 1.75], "texture": "#3"}
			}
		},
		{
			"from": [7.2, 16.59723, 4.56261],
			"to": [7.8, 17.59723, 5.06261],
			"rotation": {"angle": 22.5, "axis": "x", "origin": [7.5, 1.94936, 8]},
			"faces": {
				"north": {"uv": [12.625, 1.25, 12.5, 1.5], "texture": "#3"},
				"east": {"uv": [12.625, 1.25, 12.5, 1.5], "texture": "#3"},
				"south": {"uv": [12.625, 1.25, 12.5, 1.5], "texture": "#3"},
				"west": {"uv": [12.625, 1.25, 12.5, 1.5], "texture": "#3"},
				"up": {"uv": [5.15625, 12.5, 5.03125, 12.625], "texture": "#3"},
				"down": {"uv": [12.625, 5.125, 12.5, 5], "texture": "#3"}
			}
		},
		{
			"from": [7.2, 16.59723, 10.93739],
			"to": [7.8, 17.59723, 11.43739],
			"rotation": {"angle": -22.5, "axis": "x", "origin": [7.5, 1.94936, 8]},
			"faces": {
				"north": {"uv": [12.5, 1.25, 12.625, 1.5], "texture": "#3"},
				"east": {"uv": [12.5, 1.25, 12.625, 1.5], "texture": "#3"},
				"south": {"uv": [12.5, 1.25, 12.625, 1.5], "texture": "#3"},
				"west": {"uv": [12.5, 1.25, 12.625, 1.5], "texture": "#3"},
				"up": {"uv": [5.15625, 12.625, 5.03125, 12.5], "texture": "#3"},
				"down": {"uv": [12.625, 5, 12.5, 5.125], "texture": "#3"}
			}
		},
		{
			"from": [7.1, 13.25473, -0.37797],
			"to": [7.9, 14.75473, 0.62203],
			"rotation": {"angle": 22.5, "axis": "x", "origin": [7.5, 1.94936, 8]},
			"faces": {
				"north": {"uv": [7.75, 12, 7.9375, 12.375], "texture": "#3"},
				"east": {"uv": [11.75, 9.5, 12, 9.875], "texture": "#3"},
				"south": {"uv": [11.75, 8.375, 11.875, 8], "texture": "#3"},
				"west": {"uv": [11.75, 9.5, 12, 9.875], "texture": "#3"},
				"up": {"uv": [4.9375, 12.5, 4.75, 12.25], "texture": "#3"},
				"down": {"uv": [12.4375, 4.75, 12.25, 5], "texture": "#3"}
			}
		},
		{
			"from": [7, 14.79723, 8.83739],
			"to": [8, 16.29723, 10.83739],
			"rotation": {"angle": -22.5, "axis": "x", "origin": [7.5, 1.94936, 8]},
			"faces": {
				"north": {"uv": [11.75, 8.5, 12, 8.875], "texture": "#3"},
				"east": {"uv": [11.5, 7.5, 12, 7.875], "texture": "#3"},
				"south": {"uv": [11.75, 9, 12, 9.375], "texture": "#3"},
				"west": {"uv": [7.75, 11.5, 8.25, 11.875], "texture": "#3"},
				"up": {"uv": [1.25, 11.75, 1, 12.25], "texture": "#3"},
				"down": {"uv": [1.25, 11.75, 1, 12.25], "texture": "#3"}
			}
		},
		{
			"from": [7.1, 13.25473, -0.37797],
			"to": [7.9, 14.75473, 0.62203],
			"rotation": {"angle": 0, "axis": "y", "origin": [7.5, 1.94936, 8]},
			"faces": {
				"north": {"uv": [7.75, 12, 7.9375, 12.375], "texture": "#3"},
				"east": {"uv": [11.75, 9.5, 12, 9.875], "texture": "#3"},
				"south": {"uv": [11.75, 8.375, 11.875, 8], "texture": "#3"},
				"west": {"uv": [11.75, 9.5, 12, 9.875], "texture": "#3"},
				"up": {"uv": [4.9375, 12.5, 4.75, 12.25], "texture": "#3"},
				"down": {"uv": [12.4375, 4.75, 12.25, 5], "texture": "#3"}
			}
		},
		{
			"from": [7.1, 13.25473, 15.37797],
			"to": [7.9, 14.75473, 16.37797],
			"rotation": {"angle": 0, "axis": "y", "origin": [7.5, 1.94936, 8]},
			"faces": {
				"north": {"uv": [11.875, 8.375, 11.75, 8], "texture": "#3"},
				"east": {"uv": [12, 9.5, 11.75, 9.875], "texture": "#3"},
				"south": {"uv": [7.9375, 12, 7.75, 12.375], "texture": "#3"},
				"west": {"uv": [12, 9.5, 11.75, 9.875], "texture": "#3"},
				"up": {"uv": [4.9375, 12.25, 4.75, 12.5], "texture": "#3"},
				"down": {"uv": [12.4375, 5, 12.25, 4.75], "texture": "#3"}
			}
		},
		{
			"from": [7.5, 0.5, -5.5],
			"to": [7.5, 16.5, 7.5],
			"rotation": {"angle": 0, "axis": "y", "origin": [7.5, 1.94936, 8]},
			"faces": {
				"east": {"uv": [3.24844, 4.00469, 6.49844, 8.00469], "texture": "#3"},
				"west": {"uv": [3.25, 0, 6.5, 4], "texture": "#3"}
			}
		},
		{
			"from": [6.75, 0.5, 7],
			"to": [8.25, 2.5, 9],
			"rotation": {"angle": 0, "axis": "y", "origin": [7.5, 1.94936, 8]},
			"faces": {
				"north": {"uv": [11.25, 1.75, 11.625, 2.25], "texture": "#3"},
				"east": {"uv": [10.5, 7, 11, 7.5], "texture": "#3"},
				"south": {"uv": [2, 11.25, 2.375, 11.75], "texture": "#3"},
				"west": {"uv": [7.75, 10.5, 8.25, 11], "texture": "#3"},
				"up": {"uv": [11.625, 2.75, 11.25, 2.25], "texture": "#3"},
				"down": {"uv": [2.875, 11.25, 2.5, 11.75], "texture": "#3"}
			}
		},
		{
			"from": [6.75, 3.5, 7],
			"to": [8.25, 5.5, 9],
			"rotation": {"angle": 0, "axis": "y", "origin": [7.5, 1.94936, 8]},
			"faces": {
				"north": {"uv": [11.25, 2.75, 11.625, 3.25], "texture": "#3"},
				"east": {"uv": [8.25, 10.5, 8.75, 11], "texture": "#3"},
				"south": {"uv": [3, 11.25, 3.375, 11.75], "texture": "#3"},
				"west": {"uv": [9.5, 10.5, 10, 11], "texture": "#3"},
				"up": {"uv": [11.625, 3.75, 11.25, 3.25], "texture": "#3"},
				"down": {"uv": [3.875, 11.25, 3.5, 11.75], "texture": "#3"}
			}
		},
		{
			"from": [6.25, 2.5, 6.5],
			"to": [8.75, 4.5, 9.5],
			"rotation": {"angle": 0, "axis": "y", "origin": [7.5, 1.94936, 8]},
			"faces": {
				"north": {"uv": [3.25, 10.25, 3.875, 10.75], "texture": "#3"},
				"east": {"uv": [9.25, 0.75, 10, 1.25], "texture": "#3"},
				"south": {"uv": [10.25, 4.75, 10.875, 5.25], "texture": "#3"},
				"west": {"uv": [4.25, 9.5, 5, 10], "texture": "#3"},
				"up": {"uv": [8.875, 8.5, 8.25, 7.75], "texture": "#3"},
				"down": {"uv": [9.125, 2.5, 8.5, 3.25], "texture": "#3"}
			}
		},
		{
			"from": [6.75, 6.5, 7],
			"to": [8.25, 8.5, 9],
			"rotation": {"angle": 0, "axis": "y", "origin": [7.5, 1.94936, 8]},
			"faces": {
				"north": {"uv": [11.25, 3.75, 11.625, 4.25], "texture": "#3"},
				"east": {"uv": [10, 10.5, 10.5, 11], "texture": "#3"},
				"south": {"uv": [4, 11.25, 4.375, 11.75], "texture": "#3"},
				"west": {"uv": [10.5, 10, 11, 10.5], "texture": "#3"},
				"up": {"uv": [4.875, 11.75, 4.5, 11.25], "texture": "#3"},
				"down": {"uv": [5.375, 11.25, 5, 11.75], "texture": "#3"}
			}
		},
		{
			"from": [6.25, 5.5, 6.5],
			"to": [8.75, 7.5, 9.5],
			"rotation": {"angle": 0, "axis": "y", "origin": [7.5, 1.94936, 8]},
			"faces": {
				"north": {"uv": [6.25, 10.25, 6.875, 10.75], "texture": "#3"},
				"east": {"uv": [9.5, 4.75, 10.25, 5.25], "texture": "#3"},
				"south": {"uv": [7, 10.25, 7.625, 10.75], "texture": "#3"},
				"west": {"uv": [5, 9.5, 5.75, 10], "texture": "#3"},
				"up": {"uv": [9.125, 3.25, 8.5, 2.5], "texture": "#3"},
				"down": {"uv": [9.125, 2.5, 8.5, 3.25], "texture": "#3"}
			}
		},
		{
			"from": [6.5, -9.5, 7],
			"to": [8.5, -7.5, 9],
			"rotation": {"angle": 0, "axis": "y", "origin": [7.5, 1.94936, 8]},
			"faces": {
				"north": {"uv": [10.5, 10.5, 11, 11], "texture": "#3"},
				"east": {"uv": [0.5, 10.75, 1, 11.25], "texture": "#3"},
				"south": {"uv": [1, 10.75, 1.5, 11.25], "texture": "#3"},
				"west": {"uv": [1.5, 10.75, 2, 11.25], "texture": "#3"},
				"up": {"uv": [11.25, 2.25, 10.75, 1.75], "texture": "#3"},
				"down": {"uv": [2, 11.125, 1.5, 11.25], "texture": "#3"}
			}
		},
		{
			"from": [6.5, -12.5, 7],
			"to": [8.5, -10.5, 9],
			"rotation": {"angle": 0, "axis": "y", "origin": [7.5, 1.94936, 8]},
			"faces": {
				"north": {"uv": [10.75, 2.25, 11.25, 2.75], "texture": "#3"},
				"east": {"uv": [10.75, 2.75, 11.25, 3.25], "texture": "#3"},
				"south": {"uv": [3.25, 10.75, 3.75, 11.25], "texture": "#3"},
				"west": {"uv": [10.75, 3.25, 11.25, 3.75], "texture": "#3"},
				"up": {"uv": [4.25, 11.25, 3.75, 10.75], "texture": "#3"},
				"down": {"uv": [11.25, 3.75, 10.75, 4.25], "texture": "#3"}
			}
		},
		{
			"from": [6.25, 16.6169, 8.99596],
			"to": [8.75, 18.6169, 10.99596],
			"rotation": {"angle": -45, "axis": "x", "origin": [7.5, 15.1169, 9.49596]},
			"faces": {
				"north": {"uv": [10.25, 7.75, 10.875, 8.25], "texture": "#3"},
				"east": {"uv": [4.25, 10.75, 4.75, 11.25], "texture": "#3"},
				"south": {"uv": [10.25, 8.25, 10.875, 8.75], "texture": "#3"},
				"west": {"uv": [4.75, 10.75, 5.25, 11.25], "texture": "#3"},
				"up": {"uv": [10.875, 9.25, 10.25, 8.75], "texture": "#3"},
				"down": {"uv": [10.875, 9.25, 10.25, 9.75], "texture": "#3"}
			}
		},
		{
			"from": [6.25, -13.47499, 6.07565],
			"to": [8.75, -11.47499, 8.07565],
			"rotation": {"angle": 45, "axis": "x", "origin": [7.5, -13.47499, 8.07565]},
			"faces": {
				"north": {"uv": [10.5, 0, 11.125, 0.5], "texture": "#3"},
				"east": {"uv": [5.25, 10.75, 5.75, 11.25], "texture": "#3"},
				"south": {"uv": [10.5, 1.25, 11.125, 1.75], "texture": "#3"},
				"west": {"uv": [6.25, 10.75, 6.75, 11.25], "texture": "#3"},
				"up": {"uv": [11.125, 5.75, 10.5, 5.25], "texture": "#3"},
				"down": {"uv": [11.125, 6.5, 10.5, 7], "texture": "#3"}
			}
		},
		{
			"from": [6.75, -11.5, 7.25],
			"to": [8.25, -6.5, 8.75],
			"rotation": {"angle": 0, "axis": "y", "origin": [7.5, 1.94936, 8]},
			"faces": {
				"north": {"uv": [7.5, 8.5, 7.875, 9.75], "texture": "#3"},
				"east": {"uv": [8, 8.5, 8.375, 9.75], "texture": "#3"},
				"south": {"uv": [8.5, 8.5, 8.875, 9.75], "texture": "#3"},
				"west": {"uv": [8.75, 0, 9.125, 1.25], "texture": "#3"},
				"up": {"uv": [9.625, 11.875, 9.25, 11.5], "texture": "#3"},
				"down": {"uv": [10.125, 11.5, 9.75, 11.875], "texture": "#3"}
			}
		},
		{
			"from": [6.75, -5.5, 7.25],
			"to": [8.25, -0.5, 8.75],
			"rotation": {"angle": 0, "axis": "y", "origin": [7.5, 1.94936, 8]},
			"faces": {
				"north": {"uv": [1.5, 8.75, 1.875, 10], "texture": "#3"},
				"east": {"uv": [2, 8.75, 2.375, 10], "texture": "#3"},
				"south": {"uv": [2.5, 8.75, 2.875, 10], "texture": "#3"},
				"west": {"uv": [3, 8.75, 3.375, 10], "texture": "#3"},
				"up": {"uv": [11.875, 10.375, 11.5, 10], "texture": "#3"},
				"down": {"uv": [10.625, 11.5, 10.25, 11.875], "texture": "#3"}
			}
		},
		{
			"from": [6.5, -6.5, 7],
			"to": [8.5, -4.5, 9],
			"rotation": {"angle": 0, "axis": "y", "origin": [7.5, 1.94936, 8]},
			"faces": {
				"north": {"uv": [6.75, 10.75, 7.25, 11.25], "texture": "#3"},
				"east": {"uv": [7.25, 10.75, 7.75, 11.25], "texture": "#3"},
				"south": {"uv": [11, 4.25, 11.5, 4.75], "texture": "#3"},
				"west": {"uv": [11, 4.75, 11.5, 5.25], "texture": "#3"},
				"up": {"uv": [6.25, 11.5, 5.75, 11], "texture": "#3"},
				"down": {"uv": [11.5, 5.125, 11, 5.25], "texture": "#3"}
			}
		},
		{
			"from": [6.5, -3.5, 7],
			"to": [8.5, -1.5, 9],
			"rotation": {"angle": 0, "axis": "y", "origin": [7.5, 1.94936, 8]},
			"faces": {
				"north": {"uv": [11, 7, 11.5, 7.5], "texture": "#3"},
				"east": {"uv": [11, 7.5, 11.5, 8], "texture": "#3"},
				"south": {"uv": [7.75, 11, 8.25, 11.5], "texture": "#3"},
				"west": {"uv": [11, 8, 11.5, 8.5], "texture": "#3"},
				"up": {"uv": [8.75, 11.5, 8.25, 11], "texture": "#3"},
				"down": {"uv": [11.5, 8.375, 11, 8.5], "texture": "#3"}
			}
		},
		{
			"from": [6.5, -0.5, 6.75],
			"to": [8.5, 1.5, 9.25],
			"rotation": {"angle": 0, "axis": "y", "origin": [7.5, 1.94936, 8]},
			"faces": {
				"north": {"uv": [8.75, 11, 9.25, 11.5], "texture": "#3"},
				"east": {"uv": [11, 9, 11.5, 9.5], "texture": "#3"},
				"south": {"uv": [9.25, 11, 9.75, 11.5], "texture": "#3"},
				"west": {"uv": [9.75, 11, 10.25, 11.5], "texture": "#3"},
				"up": {"uv": [11.5, 10.5, 11, 10], "texture": "#3"},
				"down": {"uv": [10.25, 11.40625, 9.75, 11.5], "texture": "#3"}
			}
		},
		{
			"from": [7.3, 6.43364, 14.41564],
			"to": [7.3, 16.43364, 22.41564],
			"rotation": {"angle": -22.5, "axis": "x", "origin": [7.5, 5.93364, 18.91564]},
			"faces": {
				"east": {"uv": [0, 0, 8, 10], "texture": "#2"},
				"west": {"uv": [8, 0, 0, 10], "texture": "#2"}
			}
		},
		{
			"from": [7.7, 6.43364, 14.41564],
			"to": [7.7, 16.43364, 22.41564],
			"rotation": {"angle": -22.5, "axis": "x", "origin": [7.5, 5.93364, 18.91564]},
			"faces": {
				"east": {"uv": [0, 0, 8, 10], "texture": "#2"},
				"west": {"uv": [8, 0, 0, 10], "texture": "#2"}
			}
		},
		{
			"from": [7.3, 6.43364, -6.41564],
			"to": [7.3, 16.43364, 1.58436],
			"rotation": {"angle": 22.5, "axis": "x", "origin": [7.5, 5.93364, -2.91564]},
			"faces": {
				"east": {"uv": [8, 0, 0, 10], "texture": "#2"},
				"west": {"uv": [0, 0, 8, 10], "texture": "#2"}
			}
		},
		{
			"from": [7.7, 6.43364, -6.41564],
			"to": [7.7, 16.43364, 1.58436],
			"rotation": {"angle": 22.5, "axis": "x", "origin": [7.5, 5.93364, -2.91564]},
			"faces": {
				"east": {"uv": [8, 0, 0, 10], "texture": "#2"},
				"west": {"uv": [0, 0, 8, 10], "texture": "#2"}
			}
		},
		{
			"from": [6.6, 13.5, 5.5],
			"to": [8.6, 14.5, 10.5],
			"rotation": {"angle": 0, "axis": "y", "origin": [7.5, 1.94936, 8]},
			"faces": {
				"north": {"uv": [8, 1.75, 8.5, 2], "texture": "#3"},
				"east": {"uv": [10.25, 9.75, 11.5, 10], "texture": "#3"},
				"south": {"uv": [9.25, 6.75, 9.75, 7], "texture": "#3"},
				"west": {"uv": [10.5, 0.5, 11.75, 0.75], "texture": "#3"},
				"up": {"uv": [8, 6.25, 7.5, 5], "texture": "#3"},
				"down": {"uv": [8, 6.25, 7.5, 7.5], "texture": "#3"}
			}
		},
		{
			"from": [6.1, 13.5, 6.5],
			"to": [9.1, 15.5, 9.5],
			"rotation": {"angle": 0, "axis": "y", "origin": [7.5, 1.94936, 8]},
			"faces": {
				"north": {"uv": [9.75, 1.25, 10.5, 1.75], "texture": "#3"},
				"east": {"uv": [9.75, 5.25, 10.5, 5.75], "texture": "#3"},
				"south": {"uv": [6.5, 9.75, 7.25, 10.25], "texture": "#3"},
				"west": {"uv": [9.75, 6.75, 10.5, 7.25], "texture": "#3"},
				"up": {"uv": [3, 8.75, 2.25, 8], "texture": "#3"},
				"down": {"uv": [3.75, 8, 3, 8.75], "texture": "#3"}
			}
		},
		{
			"from": [5.4, 9.5, 5.25],
			"to": [5.4, 13.5, 10.75],
			"rotation": {"angle": 0, "axis": "y", "origin": [7.5, 1.94936, 8]},
			"faces": {
				"east": {"uv": [0, 0, 11, 8], "texture": "#1"},
				"west": {"uv": [0, 0, 11, 8], "texture": "#1"}
			}
		},
		{
			"from": [5, 11, 7.75],
			"to": [5.5, 12.5, 8.25],
			"rotation": {"angle": 0, "axis": "y", "origin": [7.5, 1.94936, 8]},
			"faces": {
				"north": {"uv": [10.25, 12, 10.375, 12.375], "texture": "#3"},
				"east": {"uv": [10.5, 12, 10.625, 12.375], "texture": "#3"},
				"south": {"uv": [12, 10.5, 12.125, 10.875], "texture": "#3"},
				"west": {"uv": [10.75, 12, 10.875, 12.375], "texture": "#3"},
				"up": {"uv": [5.625, 12.625, 5.5, 12.5], "texture": "#3"},
				"down": {"uv": [12.625, 5.5, 12.5, 5.625], "texture": "#3"}
			}
		},
		{
			"from": [5, 10.5, 7.25],
			"to": [5.5, 11, 8.75],
			"rotation": {"angle": 0, "axis": "y", "origin": [7.5, 1.94936, 8]},
			"faces": {
				"north": {"uv": [5.75, 12.5, 5.875, 12.625], "texture": "#3"},
				"east": {"uv": [12, 6.25, 12.375, 6.375], "texture": "#3"},
				"south": {"uv": [12.5, 5.75, 12.625, 5.875], "texture": "#3"},
				"west": {"uv": [11, 12, 11.375, 12.125], "texture": "#3"},
				"up": {"uv": [12.125, 11.375, 12, 11], "texture": "#3"},
				"down": {"uv": [11.625, 12, 11.5, 12.375], "texture": "#3"}
			}
		},
		{
			"from": [5, 9.5, 5.25],
			"to": [5.5, 10.5, 10.75],
			"rotation": {"angle": 0, "axis": "y", "origin": [7.5, 1.94936, 8]},
			"faces": {
				"north": {"uv": [12.25, 10.25, 12.375, 10.5], "texture": "#3"},
				"east": {"uv": [9.75, 5.75, 11.125, 6], "texture": "#3"},
				"south": {"uv": [12.25, 10.5, 12.375, 10.75], "texture": "#3"},
				"west": {"uv": [10, 0.75, 11.375, 1], "texture": "#3"},
				"up": {"uv": [6.125, 12.875, 6, 11.5], "texture": "#3"},
				"down": {"uv": [11.625, 8.5, 11.5, 9.875], "texture": "#3"}
			}
		},
		{
			"from": [5, 10.5, 10.25],
			"to": [5.5, 12, 10.75],
			"rotation": {"angle": 0, "axis": "y", "origin": [7.5, 1.94936, 8]},
			"faces": {
				"north": {"uv": [12, 11.5, 12.125, 11.875], "texture": "#3"},
				"east": {"uv": [11.75, 12, 11.875, 12.375], "texture": "#3"},
				"south": {"uv": [12, 12, 12.125, 12.375], "texture": "#3"},
				"west": {"uv": [0, 12.25, 0.125, 12.625], "texture": "#3"},
				"up": {"uv": [12.625, 6.125, 12.5, 6], "texture": "#3"},
				"down": {"uv": [6.375, 12.5, 6.25, 12.625], "texture": "#3"}
			}
		},
		{
			"from": [5, 10.5, 5.25],
			"to": [5.5, 12, 5.75],
			"rotation": {"angle": 0, "axis": "y", "origin": [7.5, 1.94936, 8]},
			"faces": {
				"north": {"uv": [12.25, 0, 12.375, 0.375], "texture": "#3"},
				"east": {"uv": [0.25, 12.25, 0.375, 12.625], "texture": "#3"},
				"south": {"uv": [0.5, 12.25, 0.625, 12.625], "texture": "#3"},
				"west": {"uv": [12.25, 0.5, 12.375, 0.875], "texture": "#3"},
				"up": {"uv": [12.625, 6.375, 12.5, 6.25], "texture": "#3"},
				"down": {"uv": [6.625, 12.5, 6.5, 12.625], "texture": "#3"}
			}
		},
		{
			"from": [5.5, 9.5, 5.25],
			"to": [9.5, 13.5, 10.75],
			"rotation": {"angle": 0, "axis": "y", "origin": [7.5, 1.94936, 8]},
			"faces": {
				"north": {"uv": [6.5, 5, 7.5, 6], "texture": "#3"},
				"east": {"uv": [6.5, 0, 7.875, 1], "texture": "#3"},
				"south": {"uv": [6.5, 6, 7.5, 7], "texture": "#3"},
				"west": {"uv": [6.5, 1, 7.875, 2], "texture": "#3"},
				"up": {"uv": [7.5, 3.375, 6.5, 2], "texture": "#3"},
				"down": {"uv": [7.5, 2, 6.5, 3.375], "texture": "#3"}
			}
		},
		{
			"from": [9.5, 10.5, 10.25],
			"to": [10, 12, 10.75],
			"rotation": {"angle": 0, "axis": "y", "origin": [7.5, 1.94936, 8]},
			"faces": {
				"north": {"uv": [0.75, 12.25, 0.875, 12.625], "texture": "#3"},
				"east": {"uv": [1, 12.25, 1.125, 12.625], "texture": "#3"},
				"south": {"uv": [12.25, 1, 12.375, 1.375], "texture": "#3"},
				"west": {"uv": [1.25, 12.25, 1.375, 12.625], "texture": "#3"},
				"up": {"uv": [12.625, 6.625, 12.5, 6.5], "texture": "#3"},
				"down": {"uv": [6.875, 12.5, 6.75, 12.625], "texture": "#3"}
			}
		},
		{
			"from": [9.5, 9.5, 5.25],
			"to": [10, 10.5, 10.75],
			"rotation": {"angle": 0, "axis": "y", "origin": [7.5, 1.94936, 8]},
			"faces": {
				"north": {"uv": [12.25, 10.75, 12.375, 11], "texture": "#3"},
				"east": {"uv": [10, 1, 11.375, 1.25], "texture": "#3"},
				"south": {"uv": [11, 12.25, 11.125, 12.5], "texture": "#3"},
				"west": {"uv": [1.75, 10, 3.125, 10.25], "texture": "#3"},
				"up": {"uv": [8.875, 12.875, 8.75, 11.5], "texture": "#3"},
				"down": {"uv": [8.875, 11.5, 8.75, 12.875], "texture": "#3"}
			}
		},
		{
			"from": [9.5, 11, 7.75],
			"to": [10, 12.5, 8.25],
			"rotation": {"angle": 0, "axis": "y", "origin": [7.5, 1.94936, 8]},
			"faces": {
				"north": {"uv": [1.5, 12.25, 1.625, 12.625], "texture": "#3"},
				"east": {"uv": [12.25, 1.5, 12.375, 1.875], "texture": "#3"},
				"south": {"uv": [1.75, 12.25, 1.875, 12.625], "texture": "#3"},
				"west": {"uv": [2, 12.25, 2.125, 12.625], "texture": "#3"},
				"up": {"uv": [12.625, 6.875, 12.5, 6.75], "texture": "#3"},
				"down": {"uv": [7.125, 12.5, 7, 12.625], "texture": "#3"}
			}
		},
		{
			"from": [9.5, 10.5, 5.25],
			"to": [10, 12, 5.75],
			"rotation": {"angle": 0, "axis": "y", "origin": [7.5, 1.94936, 8]},
			"faces": {
				"north": {"uv": [12.25, 2, 12.375, 2.375], "texture": "#3"},
				"east": {"uv": [2.25, 12.25, 2.375, 12.625], "texture": "#3"},
				"south": {"uv": [2.5, 12.25, 2.625, 12.625], "texture": "#3"},
				"west": {"uv": [2.75, 12.25, 2.875, 12.625], "texture": "#3"},
				"up": {"uv": [12.625, 7.125, 12.5, 7], "texture": "#3"},
				"down": {"uv": [7.375, 12.5, 7.25, 12.625], "texture": "#3"}
			}
		},
		{
			"from": [9.5, 10.5, 7.25],
			"to": [10, 11, 8.75],
			"rotation": {"angle": 0, "axis": "y", "origin": [7.5, 1.94936, 8]},
			"faces": {
				"north": {"uv": [12.5, 7.25, 12.625, 7.375], "texture": "#3"},
				"east": {"uv": [12.25, 2.5, 12.625, 2.625], "texture": "#3"},
				"south": {"uv": [7.5, 12.5, 7.625, 12.625], "texture": "#3"},
				"west": {"uv": [3, 12.25, 3.375, 12.375], "texture": "#3"},
				"up": {"uv": [3.625, 12.625, 3.5, 12.25], "texture": "#3"},
				"down": {"uv": [3.875, 12.25, 3.75, 12.625], "texture": "#3"}
			}
		},
		{
			"from": [6.15, 8.5, 6.5],
			"to": [8.85, 10.5, 9.5],
			"rotation": {"angle": 0, "axis": "y", "origin": [7.5, 1.94936, 8]},
			"faces": {
				"north": {"uv": [10, 1.75, 10.6875, 2.25], "texture": "#3"},
				"east": {"uv": [7.25, 9.75, 8, 10.25], "texture": "#3"},
				"south": {"uv": [10, 2.25, 10.6875, 2.75], "texture": "#3"},
				"west": {"uv": [9.75, 7.25, 10.5, 7.75], "texture": "#3"},
				"up": {"uv": [7.4375, 8.75, 6.75, 8], "texture": "#3"},
				"down": {"uv": [7.4375, 8, 6.75, 8.75], "texture": "#3"}
			}
		},
		{
			"from": [9.6, 9.5, 5.25],
			"to": [9.6, 13.5, 10.75],
			"rotation": {"angle": 0, "axis": "y", "origin": [7.5, 1.94936, 8]},
			"faces": {
				"east": {"uv": [11, 0, 0, 8], "texture": "#1"},
				"west": {"uv": [11, 0, 0, 8], "texture": "#1"}
			}
		},
		{
			"from": [6.25, 10.13267, 3.63902],
			"to": [8.75, 13.63267, 7.63902],
			"rotation": {"angle": 0, "axis": "y", "origin": [7.5, 1.94936, 8]},
			"faces": {
				"north": {"uv": [8, 5, 8.625, 5.875], "texture": "#3"},
				"east": {"uv": [6.5, 7, 7.5, 7.875], "texture": "#3"},
				"south": {"uv": [5.25, 8, 5.875, 8.875], "texture": "#3"},
				"west": {"uv": [7.5, 2, 8.5, 2.875], "texture": "#3"},
				"up": {"uv": [8.125, 8.5, 7.5, 7.5], "texture": "#3"},
				"down": {"uv": [1.375, 8, 0.75, 9], "texture": "#3"}
			}
		},
		{
			"from": [6.85, 14.69079, -1.32914],
			"to": [8.15, 16.19079, -0.32914],
			"rotation": {"angle": 0, "axis": "y", "origin": [7.5, 1.94936, 8]},
			"faces": {
				"north": {"uv": [1.5, 11.75, 1.8125, 12.125], "texture": "#3"},
				"east": {"uv": [11.75, 3.75, 12, 4.125], "texture": "#3"},
				"south": {"uv": [11.75, 1.75, 12.0625, 2.125], "texture": "#3"},
				"west": {"uv": [4, 11.75, 4.25, 12.125], "texture": "#3"},
				"up": {"uv": [12.3125, 3, 12, 2.75], "texture": "#3"},
				"down": {"uv": [12.3125, 3, 12, 3.25], "texture": "#3"}
			}
		},
		{
			"from": [7, 10.5348, 2.03533],
			"to": [8, 12.0348, 4.03533],
			"rotation": {"angle": 0, "axis": "y", "origin": [7.5, 1.94936, 8]},
			"faces": {
				"north": {"uv": [4.25, 11.75, 4.5, 12.125], "texture": "#3"},
				"east": {"uv": [7.25, 11.25, 7.75, 11.625], "texture": "#3"},
				"south": {"uv": [4.5, 11.75, 4.75, 12.125], "texture": "#3"},
				"west": {"uv": [11.25, 11, 11.75, 11.375], "texture": "#3"},
				"up": {"uv": [1, 10, 0.75, 9.5], "texture": "#3"},
				"down": {"uv": [6, 9.5, 5.75, 10], "texture": "#3"}
			}
		},
		{
			"from": [7.1, 11.99901, 9.19961],
			"to": [7.9, 12.99901, 10.69961],
			"rotation": {"angle": 0, "axis": "y", "origin": [7.5, 1.94936, 8]},
			"faces": {
				"north": {"uv": [7.75, 10.25, 7.9375, 10.5], "texture": "#3"},
				"east": {"uv": [10, 6.5, 10.375, 6.75], "texture": "#3"},
				"south": {"uv": [5.5, 11.25, 5.6875, 11.5], "texture": "#3"},
				"west": {"uv": [10.5, 7.5, 10.875, 7.75], "texture": "#3"},
				"up": {"uv": [5.6875, 12.375, 5.5, 12], "texture": "#3"},
				"down": {"uv": [5.9375, 12, 5.75, 12.375], "texture": "#3"}
			}
		},
		{
			"from": [6.25, 10.13267, 8.36098],
			"to": [8.75, 13.63267, 12.36098],
			"rotation": {"angle": 0, "axis": "y", "origin": [7.5, 1.94936, 8]},
			"faces": {
				"north": {"uv": [6, 8, 6.625, 8.875], "texture": "#3"},
				"east": {"uv": [7.5, 3, 8.5, 3.875], "texture": "#3"},
				"south": {"uv": [8, 6, 8.625, 6.875], "texture": "#3"},
				"west": {"uv": [7.5, 4, 8.5, 4.875], "texture": "#3"},
				"up": {"uv": [9.8125, 1, 9.25, 0], "texture": "#3"},
				"down": {"uv": [1.375, 8, 0.75, 9], "texture": "#3"}
			}
		},
		{
			"from": [6.45, 12.47864, 1.67785],
			"to": [8.55, 15.47864, 4.17785],
			"rotation": {"angle": 0, "axis": "y", "origin": [7.5, 1.94936, 8]},
			"faces": {
				"north": {"uv": [3.96875, 9.5, 3.5, 10.25], "texture": "#3"},
				"east": {"uv": [4.875, 8.75, 4.25, 9.5], "texture": "#3"},
				"south": {"uv": [0.53125, 9.5, 0, 10.25], "texture": "#3"},
				"west": {"uv": [4.25, 8.75, 4.875, 9.5], "texture": "#3"},
				"up": {"uv": [4.78125, 10, 4.25, 10.625], "texture": "#3"},
				"down": {"uv": [5.5, 10.625, 5, 10], "texture": "#3"}
			}
		},
		{
			"from": [6.35, 10.94205, 10.96245],
			"to": [8.65, 13.94205, 13.96245],
			"rotation": {"angle": 0, "axis": "y", "origin": [7.5, 1.94936, 8]},
			"faces": {
				"north": {"uv": [9.5625, 9.125, 9, 8.5], "texture": "#3"},
				"east": {"uv": [8.75, 1, 8, 1.75], "texture": "#3"},
				"south": {"uv": [9.5625, 7, 9, 7.75], "texture": "#3"},
				"west": {"uv": [8.75, 1, 8, 1.75], "texture": "#3"},
				"up": {"uv": [9, 9.25, 9.5625, 8.5], "texture": "#3"},
				"down": {"uv": [9.8125, 0.75, 9.25, 0], "texture": "#3"}
			}
		},
		{
			"from": [6.45, 12.47864, 11.82215],
			"to": [8.55, 15.47864, 14.32215],
			"rotation": {"angle": 0, "axis": "y", "origin": [7.5, 1.94936, 8]},
			"faces": {
				"north": {"uv": [0, 9.5, 0.53125, 10.25], "texture": "#3"},
				"east": {"uv": [4.25, 8.75, 4.875, 9.5], "texture": "#3"},
				"south": {"uv": [3.5, 9.5, 3.96875, 10.25], "texture": "#3"},
				"west": {"uv": [4.875, 8.75, 4.25, 9.5], "texture": "#3"},
				"up": {"uv": [4.78125, 10.625, 4.25, 10], "texture": "#3"},
				"down": {"uv": [5.5, 10, 5, 10.625], "texture": "#3"}
			}
		},
		{
			"from": [6.35, 10.94205, 2.03755],
			"to": [8.65, 13.94205, 5.03755],
			"rotation": {"angle": 0, "axis": "y", "origin": [7.5, 1.94936, 8]},
			"faces": {
				"north": {"uv": [9, 7, 9.5625, 7.75], "texture": "#3"},
				"east": {"uv": [8, 1, 8.75, 1.75], "texture": "#3"},
				"south": {"uv": [9, 9.125, 9.5625, 8.5], "texture": "#3"},
				"west": {"uv": [8, 1, 8.75, 1.75], "texture": "#3"},
				"up": {"uv": [9, 8.5, 9.5625, 9.25], "texture": "#3"},
				"down": {"uv": [9.8125, 0, 9.25, 0.75], "texture": "#3"}
			}
		},
		{
			"from": [6.55, 14.16551, 12.72768],
			"to": [8.45, 17.16551, 14.72768],
			"rotation": {"angle": 45, "axis": "x", "origin": [7.5, 15.66551, 13.72768]},
			"faces": {
				"north": {"uv": [1.21875, 10, 0.75, 10.75], "rotation": 180, "texture": "#3"},
				"east": {"uv": [9, 9.75, 8.5, 10.5], "rotation": 180, "texture": "#3"},
				"south": {"uv": [1.71875, 10, 1.25, 10.75], "rotation": 180, "texture": "#3"},
				"west": {"uv": [8.5, 9.75, 9, 10.5], "rotation": 180, "texture": "#3"},
				"up": {"uv": [1.96875, 11.75, 1.5, 11.25], "texture": "#3"},
				"down": {"uv": [11.64063, 1.98438, 11.26563, 2.39063], "texture": "#3"}
			}
		},
		{
			"from": [6.75, 15.79079, 14.02914],
			"to": [8.25, 17.29079, 17.52914],
			"rotation": {"angle": 0, "axis": "y", "origin": [7.5, 1.94936, 8]},
			"faces": {
				"north": {"uv": [11.25, 11.5, 11.625, 11.875], "texture": "#3"},
				"east": {"uv": [9.5, 10, 10.375, 10.375], "texture": "#3"},
				"south": {"uv": [0, 11.75, 0.375, 12.125], "texture": "#3"},
				"west": {"uv": [1.75, 10.25, 2.625, 10.625], "texture": "#3"},
				"up": {"uv": [0.375, 11.125, 0, 10.25], "texture": "#3"},
				"down": {"uv": [0.375, 10.25, 0, 11.125], "texture": "#3"}
			}
		},
		{
			"from": [6.75, 15.79079, -1.52914],
			"to": [8.25, 17.29079, 1.97086],
			"rotation": {"angle": 0, "axis": "y", "origin": [7.5, 1.94936, 8]},
			"faces": {
				"north": {"uv": [0.375, 11.75, 0, 12.125], "texture": "#3"},
				"east": {"uv": [10.375, 10, 9.5, 10.375], "texture": "#3"},
				"south": {"uv": [11.625, 11.5, 11.25, 11.875], "texture": "#3"},
				"west": {"uv": [2.625, 10.25, 1.75, 10.625], "texture": "#3"},
				"up": {"uv": [0.375, 10.25, 0, 11.125], "texture": "#3"},
				"down": {"uv": [0.375, 11.125, 0, 10.25], "texture": "#3"}
			}
		},
		{
			"from": [6.85, 14.69079, 16.32914],
			"to": [8.15, 16.19079, 17.32914],
			"rotation": {"angle": 0, "axis": "y", "origin": [7.5, 1.94936, 8]},
			"faces": {
				"north": {"uv": [2, 11.75, 2.3125, 12.125], "texture": "#3"},
				"east": {"uv": [4.75, 11.75, 5, 12.125], "texture": "#3"},
				"south": {"uv": [11.75, 2.25, 12.0625, 2.625], "texture": "#3"},
				"west": {"uv": [5, 11.75, 5.25, 12.125], "texture": "#3"},
				"up": {"uv": [12.3125, 3.5, 12, 3.25], "texture": "#3"},
				"down": {"uv": [12.3125, 3.5, 12, 3.75], "texture": "#3"}
			}
		},
		{
			"from": [7, 10.5348, 11.96467],
			"to": [8, 12.0348, 13.96467],
			"rotation": {"angle": 0, "axis": "y", "origin": [7.5, 1.94936, 8]},
			"faces": {
				"north": {"uv": [5.25, 11.75, 5.5, 12.125], "texture": "#3"},
				"east": {"uv": [11.5, 0.75, 12, 1.125], "texture": "#3"},
				"south": {"uv": [11.75, 5.25, 12, 5.625], "texture": "#3"},
				"west": {"uv": [11.5, 4.25, 12, 4.625], "texture": "#3"},
				"up": {"uv": [0.75, 10.75, 0.5, 10.25], "texture": "#3"},
				"down": {"uv": [0.75, 10.25, 0.5, 10.75], "texture": "#3"}
			}
		},
		{
			"from": [7.1, 11.99901, 5.30039],
			"to": [7.9, 12.99901, 6.80039],
			"rotation": {"angle": 0, "axis": "y", "origin": [7.5, 1.94936, 8]},
			"faces": {
				"north": {"uv": [4, 12.25, 4.1875, 12.5], "texture": "#3"},
				"east": {"uv": [11, 9.5, 11.375, 9.75], "texture": "#3"},
				"south": {"uv": [12.25, 4, 12.4375, 4.25], "texture": "#3"},
				"west": {"uv": [11.5, 6.25, 11.875, 6.5], "texture": "#3"},
				"up": {"uv": [12.1875, 6.125, 12, 5.75], "texture": "#3"},
				"down": {"uv": [12.1875, 7, 12, 7.375], "texture": "#3"}
			}
		},
		{
			"from": [7.2, 9.2348, 1.43533],
			"to": [7.8, 10.2348, 1.93533],
			"rotation": {"angle": 0, "axis": "y", "origin": [7.5, 1.94936, 8]},
			"faces": {
				"north": {"uv": [12.40625, 7, 12.25, 7.25], "texture": "#3"},
				"east": {"uv": [12.625, 0, 12.5, 0.25], "texture": "#3"},
				"south": {"uv": [7.15625, 12.25, 7, 12.5], "texture": "#3"},
				"west": {"uv": [12.625, 0, 12.5, 0.25], "texture": "#3"},
				"up": {"uv": [4.40625, 12.5, 4.25, 12.625], "texture": "#3"},
				"down": {"uv": [12.65625, 4.375, 12.53125, 4.25], "texture": "#3"}
			}
		},
		{
			"from": [7.2, 9.2348, 14.06467],
			"to": [7.8, 10.2348, 14.56467],
			"rotation": {"angle": 0, "axis": "y", "origin": [7.5, 1.94936, 8]},
			"faces": {
				"north": {"uv": [7, 12.25, 7.15625, 12.5], "texture": "#3"},
				"east": {"uv": [12.5, 0, 12.625, 0.25], "texture": "#3"},
				"south": {"uv": [12.25, 7, 12.40625, 7.25], "texture": "#3"},
				"west": {"uv": [12.5, 0, 12.625, 0.25], "texture": "#3"},
				"up": {"uv": [4.40625, 12.625, 4.25, 12.5], "texture": "#3"},
				"down": {"uv": [12.65625, 4.25, 12.53125, 4.375], "texture": "#3"}
			}
		},
		{
			"from": [7, -12.4652, 7.96467],
			"to": [8, -10.9652, 9.96467],
			"rotation": {"angle": 0, "axis": "y", "origin": [7.5, 1.94936, 8]},
			"faces": {
				"north": {"uv": [6.25, 11.75, 6.5, 12.125], "texture": "#3"},
				"east": {"uv": [11.5, 4.75, 12, 5.125], "texture": "#3"},
				"south": {"uv": [6.5, 11.75, 6.75, 12.125], "texture": "#3"},
				"west": {"uv": [5.5, 11.5, 6, 11.875], "texture": "#3"},
				"up": {"uv": [9, 11, 8.75, 10.5], "texture": "#3"},
				"down": {"uv": [2.75, 10.75, 2.5, 11.25], "texture": "#3"}
			}
		},
		{
			"from": [7.2, -13.7652, 5.43533],
			"to": [7.8, -12.7652, 5.93533],
			"rotation": {"angle": 0, "axis": "y", "origin": [7.5, 1.94936, 8]},
			"faces": {
				"north": {"uv": [12.40625, 7.5, 12.25, 7.75], "texture": "#3"},
				"east": {"uv": [12.625, 0, 12.5, 0.25], "texture": "#3"},
				"south": {"uv": [12.40625, 7.25, 12.25, 7.5], "texture": "#3"},
				"west": {"uv": [12.625, 0.5, 12.5, 0.75], "texture": "#3"},
				"up": {"uv": [4.65625, 12.5, 4.5, 12.625], "texture": "#3"},
				"down": {"uv": [12.65625, 4.625, 12.53125, 4.5], "texture": "#3"}
			}
		},
		{
			"from": [7.1, -13.34287, 5.01458],
			"to": [7.9, -11.84287, 6.01458],
			"rotation": {"angle": 45, "axis": "x", "origin": [7.5, -13.09287, 6.01458]},
			"faces": {
				"north": {"uv": [7.4375, 12, 7.25, 12.375], "rotation": 180, "texture": "#3"},
				"east": {"uv": [12.125, 0.5, 11.75, 0.75], "rotation": 90, "texture": "#3"},
				"south": {"uv": [7.4375, 12.375, 7.25, 12], "texture": "#3"},
				"west": {"uv": [12.125, 6.5, 11.75, 6.75], "rotation": 270, "texture": "#3"},
				"up": {"uv": [4.4375, 12.25, 4.25, 12.5], "texture": "#3"},
				"down": {"uv": [12.4375, 4.25, 12.25, 4.5], "rotation": 180, "texture": "#3"}
			}
		},
		{
			"from": [7.1, -13.34287, 9.98542],
			"to": [7.9, -11.84287, 10.98542],
			"rotation": {"angle": -45, "axis": "x", "origin": [7.5, -13.09287, 9.98542]},
			"faces": {
				"north": {"uv": [7.25, 12.375, 7.4375, 12], "texture": "#3"},
				"east": {"uv": [12.125, 0.75, 11.75, 0.5], "rotation": 90, "texture": "#3"},
				"south": {"uv": [7.25, 12, 7.4375, 12.375], "rotation": 180, "texture": "#3"},
				"west": {"uv": [12.125, 6.75, 11.75, 6.5], "rotation": 270, "texture": "#3"},
				"up": {"uv": [4.4375, 12.5, 4.25, 12.25], "texture": "#3"},
				"down": {"uv": [12.4375, 4.5, 12.25, 4.25], "rotation": 180, "texture": "#3"}
			}
		},
		{
			"from": [7.2, -13.7652, 10.06467],
			"to": [7.8, -12.7652, 10.56467],
			"rotation": {"angle": 0, "axis": "y", "origin": [7.5, 1.94936, 8]},
			"faces": {
				"north": {"uv": [12.25, 7.25, 12.40625, 7.5], "texture": "#3"},
				"east": {"uv": [12.5, 0, 12.625, 0.25], "texture": "#3"},
				"south": {"uv": [12.25, 7.5, 12.40625, 7.75], "texture": "#3"},
				"west": {"uv": [12.5, 0.5, 12.625, 0.75], "texture": "#3"},
				"up": {"uv": [4.65625, 12.625, 4.5, 12.5], "texture": "#3"},
				"down": {"uv": [12.65625, 4.5, 12.53125, 4.625], "texture": "#3"}
			}
		},
		{
			"from": [7, -12.4652, 6.03533],
			"to": [8, -10.9652, 8.03533],
			"rotation": {"angle": 0, "axis": "y", "origin": [7.5, 1.94936, 8]},
			"faces": {
				"north": {"uv": [6.75, 11.75, 7, 12.125], "texture": "#3"},
				"east": {"uv": [11.5, 5.75, 12, 6.125], "texture": "#3"},
				"south": {"uv": [7, 11.75, 7.25, 12.125], "texture": "#3"},
				"west": {"uv": [11.5, 7, 12, 7.375], "texture": "#3"},
				"up": {"uv": [12.25, 0.375, 12, 0], "texture": "#3"},
				"down": {"uv": [0.75, 11.75, 0.5, 12.25], "texture": "#3"}
			}
		},
		{
			"from": [7.1, 13.25473, 15.37797],
			"to": [7.9, 14.75473, 16.37797],
			"rotation": {"angle": -22.5, "axis": "x", "origin": [7.5, 1.94936, 8]},
			"faces": {
				"north": {"uv": [11.875, 8.375, 11.75, 8], "texture": "#3"},
				"east": {"uv": [12, 9.5, 11.75, 9.875], "texture": "#3"},
				"south": {"uv": [7.9375, 12, 7.75, 12.375], "texture": "#3"},
				"west": {"uv": [12, 9.5, 11.75, 9.875], "texture": "#3"},
				"up": {"uv": [4.9375, 12.25, 4.75, 12.5], "texture": "#3"},
				"down": {"uv": [12.4375, 5, 12.25, 4.75], "texture": "#3"}
			}
		},
		{
			"from": [7, 14.79723, 5.16261],
			"to": [8, 16.29723, 7.16261],
			"rotation": {"angle": 22.5, "axis": "x", "origin": [7.5, 1.94936, 8]},
			"faces": {
				"north": {"uv": [12, 0.75, 12.25, 1.125], "texture": "#3"},
				"east": {"uv": [11.5, 8, 12, 8.375], "texture": "#3"},
				"south": {"uv": [12, 1.25, 12.25, 1.625], "texture": "#3"},
				"west": {"uv": [8.25, 11.5, 8.75, 11.875], "texture": "#3"},
				"up": {"uv": [1.5, 12.25, 1.25, 11.75], "texture": "#3"},
				"down": {"uv": [12, 1.25, 11.75, 1.75], "texture": "#3"}
			}
		},
		{
			"from": [7.2, 16.59723, 4.56261],
			"to": [7.8, 17.59723, 5.06261],
			"rotation": {"angle": 22.5, "axis": "x", "origin": [7.5, 1.94936, 8]},
			"faces": {
				"north": {"uv": [12.625, 1.25, 12.5, 1.5], "texture": "#3"},
				"east": {"uv": [12.625, 1.25, 12.5, 1.5], "texture": "#3"},
				"south": {"uv": [12.625, 1.25, 12.5, 1.5], "texture": "#3"},
				"west": {"uv": [12.625, 1.25, 12.5, 1.5], "texture": "#3"},
				"up": {"uv": [5.15625, 12.5, 5.03125, 12.625], "texture": "#3"},
				"down": {"uv": [12.625, 5.125, 12.5, 5], "texture": "#3"}
			}
		},
		{
			"from": [7.2, 16.59723, 10.93739],
			"to": [7.8, 17.59723, 11.43739],
			"rotation": {"angle": -22.5, "axis": "x", "origin": [7.5, 1.94936, 8]},
			"faces": {
				"north": {"uv": [12.5, 1.25, 12.625, 1.5], "texture": "#3"},
				"east": {"uv": [12.5, 1.25, 12.625, 1.5], "texture": "#3"},
				"south": {"uv": [12.5, 1.25, 12.625, 1.5], "texture": "#3"},
				"west": {"uv": [12.5, 1.25, 12.625, 1.5], "texture": "#3"},
				"up": {"uv": [5.15625, 12.625, 5.03125, 12.5], "texture": "#3"},
				"down": {"uv": [12.625, 5, 12.5, 5.125], "texture": "#3"}
			}
		},
		{
			"from": [7.1, 13.25473, -0.37797],
			"to": [7.9, 14.75473, 0.62203],
			"rotation": {"angle": 22.5, "axis": "x", "origin": [7.5, 1.94936, 8]},
			"faces": {
				"north": {"uv": [7.75, 12, 7.9375, 12.375], "texture": "#3"},
				"east": {"uv": [11.75, 9.5, 12, 9.875], "texture": "#3"},
				"south": {"uv": [11.75, 8.375, 11.875, 8], "texture": "#3"},
				"west": {"uv": [11.75, 9.5, 12, 9.875], "texture": "#3"},
				"up": {"uv": [4.9375, 12.5, 4.75, 12.25], "texture": "#3"},
				"down": {"uv": [12.4375, 4.75, 12.25, 5], "texture": "#3"}
			}
		},
		{
			"from": [7, 14.79723, 8.83739],
			"to": [8, 16.29723, 10.83739],
			"rotation": {"angle": -22.5, "axis": "x", "origin": [7.5, 1.94936, 8]},
			"faces": {
				"north": {"uv": [11.75, 8.5, 12, 8.875], "texture": "#3"},
				"east": {"uv": [11.5, 7.5, 12, 7.875], "texture": "#3"},
				"south": {"uv": [11.75, 9, 12, 9.375], "texture": "#3"},
				"west": {"uv": [7.75, 11.5, 8.25, 11.875], "texture": "#3"},
				"up": {"uv": [1.25, 11.75, 1, 12.25], "texture": "#3"},
				"down": {"uv": [1.25, 11.75, 1, 12.25], "texture": "#3"}
			}
		},
		{
			"from": [7.1, 13.25473, -0.37797],
			"to": [7.9, 14.75473, 0.62203],
			"rotation": {"angle": 0, "axis": "y", "origin": [7.5, 1.94936, 8]},
			"faces": {
				"north": {"uv": [7.75, 12, 7.9375, 12.375], "texture": "#3"},
				"east": {"uv": [11.75, 9.5, 12, 9.875], "texture": "#3"},
				"south": {"uv": [11.75, 8.375, 11.875, 8], "texture": "#3"},
				"west": {"uv": [11.75, 9.5, 12, 9.875], "texture": "#3"},
				"up": {"uv": [4.9375, 12.5, 4.75, 12.25], "texture": "#3"},
				"down": {"uv": [12.4375, 4.75, 12.25, 5], "texture": "#3"}
			}
		},
		{
			"from": [7.1, 13.25473, 15.37797],
			"to": [7.9, 14.75473, 16.37797],
			"rotation": {"angle": 0, "axis": "y", "origin": [7.5, 1.94936, 8]},
			"faces": {
				"north": {"uv": [11.875, 8.375, 11.75, 8], "texture": "#3"},
				"east": {"uv": [12, 9.5, 11.75, 9.875], "texture": "#3"},
				"south": {"uv": [7.9375, 12, 7.75, 12.375], "texture": "#3"},
				"west": {"uv": [12, 9.5, 11.75, 9.875], "texture": "#3"},
				"up": {"uv": [4.9375, 12.25, 4.75, 12.5], "texture": "#3"},
				"down": {"uv": [12.4375, 5, 12.25, 4.75], "texture": "#3"}
			}
		},
		{
			"from": [7.5, 0.5, 8.5],
			"to": [7.5, 16.5, 21.5],
			"rotation": {"angle": 0, "axis": "y", "origin": [7.5, 1.94936, 8]},
			"faces": {
				"east": {"uv": [0, 4, 3.25, 8], "texture": "#3"},
				"west": {"uv": [3.25, 4, 6.5, 8], "texture": "#3"}
			}
		},
		{
			"from": [7.2, 7.75085, 9.3554],
			"to": [7.8, 8.75085, 9.8554],
			"rotation": {"angle": -45, "axis": "x", "origin": [7.5, 1.94936, 8]},
			"faces": {
				"north": {"uv": [6.40625, 12.25, 6.25, 12.5], "texture": "#3"},
				"east": {"uv": [12.375, 9.25, 12.25, 9.5], "texture": "#3"},
				"south": {"uv": [12.40625, 6, 12.25, 6.25], "texture": "#3"},
				"west": {"uv": [12.375, 9.5, 12.25, 9.75], "texture": "#3"},
				"up": {"uv": [3.40625, 12.5, 3.25, 12.625], "texture": "#3"},
				"down": {"uv": [12.65625, 3.375, 12.5, 3.25], "texture": "#3"}
			}
		},
		{
			"from": [7.1, 7.7, 3.6],
			"to": [7.9, 9.2, 4.6],
			"rotation": {"angle": 0, "axis": "y", "origin": [7.5, 1.94936, 8]},
			"faces": {
				"north": {"uv": [12, 3.75, 12.1875, 4.125], "texture": "#3"},
				"east": {"uv": [3.5, 11.75, 3.75, 12.125], "texture": "#3"},
				"south": {"uv": [12, 4.25, 12.1875, 4.625], "texture": "#3"},
				"west": {"uv": [3.5, 11.75, 3.75, 12.125], "texture": "#3"},
				"up": {"uv": [9.6875, 5.5, 9.5, 5.25], "texture": "#3"},
				"down": {"uv": [6.6875, 9.5, 6.5, 9.75], "texture": "#3"}
			}
		},
		{
			"from": [7, 9.05085, 9.9554],
			"to": [8, 10.55085, 11.9554],
			"rotation": {"angle": -45, "axis": "x", "origin": [7.5, 1.94936, 8]},
			"faces": {
				"north": {"uv": [3.25, 11.75, 3.5, 12.125], "texture": "#3"},
				"east": {"uv": [11.25, 6.5, 11.75, 6.875], "texture": "#3"},
				"south": {"uv": [11.75, 3.25, 12, 3.625], "texture": "#3"},
				"west": {"uv": [6.75, 11.25, 7.25, 11.625], "texture": "#3"},
				"up": {"uv": [6.75, 9.5, 6.5, 9], "texture": "#3"},
				"down": {"uv": [7.5, 9.25, 7.25, 9.75], "texture": "#3"}
			}
		},
		{
			"from": [6.5, 9, 4.7],
			"to": [8.5, 11, 8.2],
			"rotation": {"angle": 0, "axis": "y", "origin": [7.5, 1.94936, 8]},
			"faces": {
				"north": {"uv": [0, 11.25, 0.5, 11.75], "texture": "#3"},
				"east": {"uv": [0, 9, 0.875, 9.5], "texture": "#3"},
				"south": {"uv": [11.25, 0, 11.75, 0.5], "texture": "#3"},
				"west": {"uv": [5, 9, 5.875, 9.5], "texture": "#3"},
				"up": {"uv": [1.5, 9.875, 1, 9], "texture": "#3"},
				"down": {"uv": [6.5, 9, 6, 9.875], "texture": "#3"}
			}
		},
		{
			"from": [6.5, 9, 7.8],
			"to": [8.5, 11, 11.3],
			"rotation": {"angle": 0, "axis": "y", "origin": [7.5, 1.94936, 8]},
			"faces": {
				"north": {"uv": [11.75, 0, 11.25, 0.5], "texture": "#3"},
				"east": {"uv": [0.875, 9, 0, 9.5], "texture": "#3"},
				"south": {"uv": [0.5, 11.25, 0, 11.75], "texture": "#3"},
				"west": {"uv": [5.875, 9, 5, 9.5], "texture": "#3"},
				"up": {"uv": [1.5, 9, 1, 9.875], "texture": "#3"},
				"down": {"uv": [6.5, 9.875, 6, 9], "texture": "#3"}
			}
		},
		{
			"from": [7, 9.05085, 4.0446],
			"to": [8, 10.55085, 6.0446],
			"rotation": {"angle": 45, "axis": "x", "origin": [7.5, 1.94936, 8]},
			"faces": {
				"north": {"uv": [12, 3.25, 11.75, 3.625], "texture": "#3"},
				"east": {"uv": [11.75, 6.5, 11.25, 6.875], "texture": "#3"},
				"south": {"uv": [3.5, 11.75, 3.25, 12.125], "texture": "#3"},
				"west": {"uv": [7.25, 11.25, 6.75, 11.625], "texture": "#3"},
				"up": {"uv": [6.75, 9, 6.5, 9.5], "texture": "#3"},
				"down": {"uv": [7.5, 9.75, 7.25, 9.25], "texture": "#3"}
			}
		},
		{
			"from": [7.1, 7.7, 11.4],
			"to": [7.9, 9.2, 12.4],
			"rotation": {"angle": 0, "axis": "y", "origin": [7.5, 1.94936, 8]},
			"faces": {
				"north": {"uv": [12.1875, 4.25, 12, 4.625], "texture": "#3"},
				"east": {"uv": [3.75, 11.75, 3.5, 12.125], "texture": "#3"},
				"south": {"uv": [12.1875, 3.75, 12, 4.125], "texture": "#3"},
				"west": {"uv": [3.75, 11.75, 3.5, 12.125], "texture": "#3"},
				"up": {"uv": [9.6875, 5.25, 9.5, 5.5], "texture": "#3"},
				"down": {"uv": [6.6875, 9.75, 6.5, 9.5], "texture": "#3"}
			}
		},
		{
			"from": [7.2, 7.75085, 6.1446],
			"to": [7.8, 8.75085, 6.6446],
			"rotation": {"angle": 45, "axis": "x", "origin": [7.5, 1.94936, 8]},
			"faces": {
				"north": {"uv": [12.25, 6, 12.40625, 6.25], "texture": "#3"},
				"east": {"uv": [12.25, 9.25, 12.375, 9.5], "texture": "#3"},
				"south": {"uv": [6.25, 12.25, 6.40625, 12.5], "texture": "#3"},
				"west": {"uv": [12.25, 9.5, 12.375, 9.75], "texture": "#3"},
				"up": {"uv": [3.40625, 12.625, 3.25, 12.5], "texture": "#3"},
				"down": {"uv": [12.65625, 3.25, 12.5, 3.375], "texture": "#3"}
			}
		},
		{
			"from": [7.2, 7.75085, 9.3554],
			"to": [7.8, 8.75085, 9.8554],
			"rotation": {"angle": -45, "axis": "x", "origin": [7.5, 1.94936, 8]},
			"faces": {
				"north": {"uv": [6.40625, 12.25, 6.25, 12.5], "texture": "#3"},
				"east": {"uv": [12.375, 9.25, 12.25, 9.5], "texture": "#3"},
				"south": {"uv": [12.40625, 6, 12.25, 6.25], "texture": "#3"},
				"west": {"uv": [12.375, 9.5, 12.25, 9.75], "texture": "#3"},
				"up": {"uv": [3.40625, 12.5, 3.25, 12.625], "texture": "#3"},
				"down": {"uv": [12.65625, 3.375, 12.5, 3.25], "texture": "#3"}
			}
		},
		{
			"from": [7.1, 7.7, 3.6],
			"to": [7.9, 9.2, 4.6],
			"rotation": {"angle": 0, "axis": "y", "origin": [7.5, 1.94936, 8]},
			"faces": {
				"north": {"uv": [12, 3.75, 12.1875, 4.125], "texture": "#3"},
				"east": {"uv": [3.5, 11.75, 3.75, 12.125], "texture": "#3"},
				"south": {"uv": [12, 4.25, 12.1875, 4.625], "texture": "#3"},
				"west": {"uv": [3.5, 11.75, 3.75, 12.125], "texture": "#3"},
				"up": {"uv": [9.6875, 5.5, 9.5, 5.25], "texture": "#3"},
				"down": {"uv": [6.6875, 9.5, 6.5, 9.75], "texture": "#3"}
			}
		},
		{
			"from": [7, 9.05085, 9.9554],
			"to": [8, 10.55085, 11.9554],
			"rotation": {"angle": -45, "axis": "x", "origin": [7.5, 1.94936, 8]},
			"faces": {
				"north": {"uv": [3.25, 11.75, 3.5, 12.125], "texture": "#3"},
				"east": {"uv": [11.25, 6.5, 11.75, 6.875], "texture": "#3"},
				"south": {"uv": [11.75, 3.25, 12, 3.625], "texture": "#3"},
				"west": {"uv": [6.75, 11.25, 7.25, 11.625], "texture": "#3"},
				"up": {"uv": [6.75, 9.5, 6.5, 9], "texture": "#3"},
				"down": {"uv": [7.5, 9.25, 7.25, 9.75], "texture": "#3"}
			}
		},
		{
			"from": [6.5, 9, 4.7],
			"to": [8.5, 11, 8.2],
			"rotation": {"angle": 0, "axis": "y", "origin": [7.5, 1.94936, 8]},
			"faces": {
				"north": {"uv": [0, 11.25, 0.5, 11.75], "texture": "#3"},
				"east": {"uv": [0, 9, 0.875, 9.5], "texture": "#3"},
				"south": {"uv": [11.25, 0, 11.75, 0.5], "texture": "#3"},
				"west": {"uv": [5, 9, 5.875, 9.5], "texture": "#3"},
				"up": {"uv": [1.5, 9.875, 1, 9], "texture": "#3"},
				"down": {"uv": [6.5, 9, 6, 9.875], "texture": "#3"}
			}
		},
		{
			"from": [6.5, 9, 7.8],
			"to": [8.5, 11, 11.3],
			"rotation": {"angle": 0, "axis": "y", "origin": [7.5, 1.94936, 8]},
			"faces": {
				"north": {"uv": [11.75, 0, 11.25, 0.5], "texture": "#3"},
				"east": {"uv": [0.875, 9, 0, 9.5], "texture": "#3"},
				"south": {"uv": [0.5, 11.25, 0, 11.75], "texture": "#3"},
				"west": {"uv": [5.875, 9, 5, 9.5], "texture": "#3"},
				"up": {"uv": [1.5, 9, 1, 9.875], "texture": "#3"},
				"down": {"uv": [6.5, 9.875, 6, 9], "texture": "#3"}
			}
		},
		{
			"from": [7, 9.05085, 4.0446],
			"to": [8, 10.55085, 6.0446],
			"rotation": {"angle": 45, "axis": "x", "origin": [7.5, 1.94936, 8]},
			"faces": {
				"north": {"uv": [12, 3.25, 11.75, 3.625], "texture": "#3"},
				"east": {"uv": [11.75, 6.5, 11.25, 6.875], "texture": "#3"},
				"south": {"uv": [3.5, 11.75, 3.25, 12.125], "texture": "#3"},
				"west": {"uv": [7.25, 11.25, 6.75, 11.625], "texture": "#3"},
				"up": {"uv": [6.75, 9, 6.5, 9.5], "texture": "#3"},
				"down": {"uv": [7.5, 9.75, 7.25, 9.25], "texture": "#3"}
			}
		},
		{
			"from": [7.1, 7.7, 11.4],
			"to": [7.9, 9.2, 12.4],
			"rotation": {"angle": 0, "axis": "y", "origin": [7.5, 1.94936, 8]},
			"faces": {
				"north": {"uv": [12.1875, 4.25, 12, 4.625], "texture": "#3"},
				"east": {"uv": [3.75, 11.75, 3.5, 12.125], "texture": "#3"},
				"south": {"uv": [12.1875, 3.75, 12, 4.125], "texture": "#3"},
				"west": {"uv": [3.75, 11.75, 3.5, 12.125], "texture": "#3"},
				"up": {"uv": [9.6875, 5.25, 9.5, 5.5], "texture": "#3"},
				"down": {"uv": [6.6875, 9.75, 6.5, 9.5], "texture": "#3"}
			}
		},
		{
			"from": [7.2, 7.75085, 6.1446],
			"to": [7.8, 8.75085, 6.6446],
			"rotation": {"angle": 45, "axis": "x", "origin": [7.5, 1.94936, 8]},
			"faces": {
				"north": {"uv": [12.25, 6, 12.40625, 6.25], "texture": "#3"},
				"east": {"uv": [12.25, 9.25, 12.375, 9.5], "texture": "#3"},
				"south": {"uv": [6.25, 12.25, 6.40625, 12.5], "texture": "#3"},
				"west": {"uv": [12.25, 9.5, 12.375, 9.75], "texture": "#3"},
				"up": {"uv": [3.40625, 12.625, 3.25, 12.5], "texture": "#3"},
				"down": {"uv": [12.65625, 3.25, 12.5, 3.375], "texture": "#3"}
			}
		}
	],
	"gui_light": "front",
	"display": {
		"thirdperson_righthand": {
			"translation": [0.4, 17.5, 1.75],
			"scale": [1.20234, 1.20234, 1.20234]
		},
		"thirdperson_lefthand": {
			"rotation": [157.5, -42.25, -88.5],
			"translation": [-2.75, -9.5, 7.5],
			"scale": [1.20234, 1.20234, 1.20234]
		},
		"firstperson_righthand": {
			"rotation": [-16, 4, 0],
			"translation": [-1.25, 9, 3.5],
			"scale": [0.45, 0.45938, 0.45938]
		},
		"firstperson_lefthand": {
			"rotation": [-15, 0, 0],
			"translation": [-0.75, 8.25, 2.5],
			"scale": [0.45938, 0.45938, 0.45938]
		},
		"ground": {
			"rotation": [-45, 0, 0],
			"translation": [0, 11, 0],
			"scale": [0.6, 0.6, 0.6]
		},
		"gui": {
			"rotation": [-90, -45, -90],
			"translation": [0.5, 0.5, -0.25],
			"scale": [0.47266, 0.47266, 0.47266]
		},
		"head": {
			"rotation": [38, -31, -180],
			"translation": [29, -20, -16],
			"scale": [2.46, 2.21, 1.58]
		},
		"fixed": {
			"rotation": [-180, -37.25, 90],
			"translation": [-2.5, -1, -25.25],
			"scale": [2.5043, 2.5043, 2.5043]
		}
	},
	"groups": [
		{
			"name": "doombringer_axe",
			"origin": [8, 8, 8],
			"color": 0,
			"children": [
				{
					"name": "group",
					"origin": [7.5, 2.44936, 8],
					"color": 0,
					"children": [
						0,
						1,
						2,
						3,
						4,
						5,
						6,
						7,
						8,
						9,
						10,
						11,
						12,
						13,
						14,
						15,
						16,
						17,
						18,
						19,
						20,
						21,
						22,
						23,
						24,
						25,
						26,
						27,
						28,
						29,
						30,
						31,
						32,
						33,
						34,
						35,
						36,
						37,
						38,
						39,
						40,
						41,
						42,
						43,
						44,
						45,
						46,
						47,
						48,
						49,
						50,
						51,
						52,
						53,
						54,
						55,
						56,
						57,
						58,
						59,
						60,
						61,
						62,
						63,
						64,
						65,
						66,
						67,
						68,
						69,
						70,
						71,
						72,
						73,
						74,
						75,
						76,
						77,
						78,
						79,
						80,
						81,
						82,
						83,
						84,
						85,
						86,
						87,
						88,
						89,
						90,
						91,
						92,
						93,
						94,
						95,
						96,
						97,
						98,
						99,
						100,
						101,
						102,
						103,
						104,
						105,
						106,
						107,
						108,
						109,
						110,
						111,
						112,
						113,
						114,
						115,
						116,
						117,
						118,
						119,
						120,
						121,
						122,
						123,
						124,
						125,
						126,
						127,
						128,
						129,
						130,
						131,
						132
					]
				},
				133,
				134,
				135,
				136,
				137,
				138,
				139,
				140,
				141,
				142,
				143,
				144,
				145,
				146,
				147,
				148
			]
		}
	]
}