{
	"credit": "MadewithBlockbench",
	"textures": {
		"1": "./scythe"
	},
	"elements": [
		{
			"from": [7.93981, 18.27841, 8.16652],
			"to": [8.05981, 18.63841, 8.76652],
			"rotation": {"angle": -22.5, "axis": "x", "origin": [7.99981, 18.91334, 8.59224]},
			"faces": {
				"north": {"uv": [7, 15, 7.0625, 15.1875], "texture": "#1"},
				"east": {"uv": [14, 8.5, 14.3125, 8.6875], "texture": "#1"},
				"south": {"uv": [15, 7, 15.0625, 7.1875], "texture": "#1"},
				"west": {"uv": [9, 14, 9.3125, 14.1875], "texture": "#1"},
				"up": {"uv": [2.0625, 15.3125, 2, 15], "texture": "#1"},
				"down": {"uv": [15.0625, 2, 15, 2.3125], "texture": "#1"}
			}
		},
		{
			"from": [7.54677, -10.18228, 7.397],
			"to": [8.45277, -9.72628, 8.603],
			"rotation": {"angle": 0, "axis": "y", "origin": [7.99977, -6.11099, 8]},
			"faces": {
				"north": {"uv": [3.5, 13.5, 3.9375, 13.75], "texture": "#1"},
				"east": {"uv": [4.5, 13, 5.125, 13.25], "texture": "#1"},
				"south": {"uv": [13.5, 4, 13.9375, 4.25], "texture": "#1"},
				"west": {"uv": [13, 4.5, 13.625, 4.75], "texture": "#1"},
				"up": {"uv": [12.4375, 1.625, 12, 1], "texture": "#1"},
				"down": {"uv": [12.4375, 2, 12, 2.625], "texture": "#1"}
			}
		},
		{
			"from": [7.62477, -11.17205, 8.88774],
			"to": [8.37477, -9.82205, 9.48774],
			"rotation": {"angle": 22.5, "axis": "x", "origin": [7.99977, -6.11099, 8]},
			"faces": {
				"north": {"uv": [12, 5, 12.375, 5.6875], "texture": "#1"},
				"east": {"uv": [12.5, 6.5, 12.8125, 7.1875], "texture": "#1"},
				"south": {"uv": [12, 6, 12.375, 6.6875], "texture": "#1"},
				"west": {"uv": [12.5, 7.5, 12.8125, 8.1875], "texture": "#1"},
				"up": {"uv": [13.875, 0.8125, 13.5, 0.5], "texture": "#1"},
				"down": {"uv": [13.875, 1, 13.5, 1.3125], "texture": "#1"}
			}
		},
		{
			"from": [7.77477, -11.8927, 6.96885],
			"to": [8.22477, -11.1427, 7.41885],
			"rotation": {"angle": 0, "axis": "x", "origin": [7.99977, -6.11099, 8]},
			"faces": {
				"north": {"uv": [11.5, 13.5, 11.75, 13.875], "texture": "#1"},
				"east": {"uv": [12, 13.5, 12.25, 13.875], "texture": "#1"},
				"south": {"uv": [13.5, 12, 13.75, 12.375], "texture": "#1"},
				"west": {"uv": [12.5, 13.5, 12.75, 13.875], "texture": "#1"},
				"up": {"uv": [14.25, 6.75, 14, 6.5], "texture": "#1"},
				"down": {"uv": [7.25, 14, 7, 14.25], "texture": "#1"}
			}
		},
		{
			"from": [7.77477, -12.4927, 6.96885],
			"to": [8.22477, -11.8927, 7.20885],
			"rotation": {"angle": 0, "axis": "x", "origin": [7.99977, -6.11099, 8]},
			"faces": {
				"north": {"uv": [14, 4, 14.25, 4.3125], "texture": "#1"},
				"east": {"uv": [14.5, 7, 14.625, 7.3125], "texture": "#1"},
				"south": {"uv": [4.5, 14, 4.75, 14.3125], "texture": "#1"},
				"west": {"uv": [7.5, 14.5, 7.625, 14.8125], "texture": "#1"},
				"up": {"uv": [14.75, 10.625, 14.5, 10.5], "texture": "#1"},
				"down": {"uv": [11.25, 14.5, 11, 14.625], "texture": "#1"}
			}
		},
		{
			"from": [7.77477, -10.39316, 10.00933],
			"to": [8.22477, -9.64316, 10.45933],
			"rotation": {"angle": 45, "axis": "x", "origin": [7.99977, -6.11099, 8]},
			"faces": {
				"north": {"uv": [13.5, 12.5, 13.75, 12.875], "texture": "#1"},
				"east": {"uv": [13, 13.5, 13.25, 13.875], "texture": "#1"},
				"south": {"uv": [13.5, 13, 13.75, 13.375], "texture": "#1"},
				"west": {"uv": [13.5, 13.5, 13.75, 13.875], "texture": "#1"},
				"up": {"uv": [14.25, 7.25, 14, 7], "texture": "#1"},
				"down": {"uv": [7.75, 14, 7.5, 14.25], "texture": "#1"}
			}
		},
		{
			"from": [7.77477, -10.99316, 10.00933],
			"to": [8.22477, -10.39316, 10.24933],
			"rotation": {"angle": 45, "axis": "x", "origin": [7.99977, -6.11099, 8]},
			"faces": {
				"north": {"uv": [14, 4.5, 14.25, 4.8125], "texture": "#1"},
				"east": {"uv": [14.5, 7.5, 14.625, 7.8125], "texture": "#1"},
				"south": {"uv": [5, 14, 5.25, 14.3125], "texture": "#1"},
				"west": {"uv": [8, 14.5, 8.125, 14.8125], "texture": "#1"},
				"up": {"uv": [14.75, 11.125, 14.5, 11], "texture": "#1"},
				"down": {"uv": [11.75, 14.5, 11.5, 14.625], "texture": "#1"}
			}
		},
		{
			"from": [7.77477, -10.39316, 5.54067],
			"to": [8.22477, -9.64316, 5.99067],
			"rotation": {"angle": -45, "axis": "x", "origin": [7.99977, -6.11099, 8]},
			"faces": {
				"north": {"uv": [0.5, 14, 0.75, 14.375], "texture": "#1"},
				"east": {"uv": [14, 0.5, 14.25, 0.875], "texture": "#1"},
				"south": {"uv": [1, 14, 1.25, 14.375], "texture": "#1"},
				"west": {"uv": [14, 1, 14.25, 1.375], "texture": "#1"},
				"up": {"uv": [14.25, 7.75, 14, 7.5], "texture": "#1"},
				"down": {"uv": [8.25, 14, 8, 14.25], "texture": "#1"}
			}
		},
		{
			"from": [7.77477, -10.99316, 5.75067],
			"to": [8.22477, -10.39316, 5.99067],
			"rotation": {"angle": -45, "axis": "x", "origin": [7.99977, -6.11099, 8]},
			"faces": {
				"north": {"uv": [14, 5, 14.25, 5.3125], "texture": "#1"},
				"east": {"uv": [14.5, 8, 14.625, 8.3125], "texture": "#1"},
				"south": {"uv": [5.5, 14, 5.75, 14.3125], "texture": "#1"},
				"west": {"uv": [8.5, 14.5, 8.625, 14.8125], "texture": "#1"},
				"up": {"uv": [14.75, 11.625, 14.5, 11.5], "texture": "#1"},
				"down": {"uv": [12.25, 14.5, 12, 14.625], "texture": "#1"}
			}
		},
		{
			"from": [7.62477, -11.17205, 6.51226],
			"to": [8.37477, -9.82205, 7.11226],
			"rotation": {"angle": -22.5, "axis": "x", "origin": [7.99977, -6.11099, 8]},
			"faces": {
				"north": {"uv": [12, 8, 12.375, 8.6875], "texture": "#1"},
				"east": {"uv": [12.5, 8.5, 12.8125, 9.1875], "texture": "#1"},
				"south": {"uv": [12, 9, 12.375, 9.6875], "texture": "#1"},
				"west": {"uv": [11.5, 12.5, 11.8125, 13.1875], "texture": "#1"},
				"up": {"uv": [1.875, 13.8125, 1.5, 13.5], "texture": "#1"},
				"down": {"uv": [13.875, 1.5, 13.5, 1.8125], "texture": "#1"}
			}
		},
		{
			"from": [7.77477, -11.8927, 8.58115],
			"to": [8.22477, -11.1427, 9.03115],
			"rotation": {"angle": 0, "axis": "x", "origin": [7.99977, -6.11099, 8]},
			"faces": {
				"north": {"uv": [1.5, 14, 1.75, 14.375], "texture": "#1"},
				"east": {"uv": [14, 1.5, 14.25, 1.875], "texture": "#1"},
				"south": {"uv": [2, 14, 2.25, 14.375], "texture": "#1"},
				"west": {"uv": [14, 2, 14.25, 2.375], "texture": "#1"},
				"up": {"uv": [14.25, 8.25, 14, 8], "texture": "#1"},
				"down": {"uv": [8.75, 14, 8.5, 14.25], "texture": "#1"}
			}
		},
		{
			"from": [7.77477, -12.4927, 8.79115],
			"to": [8.22477, -11.8927, 9.03115],
			"rotation": {"angle": 0, "axis": "x", "origin": [7.99977, -6.11099, 8]},
			"faces": {
				"north": {"uv": [14, 5.5, 14.25, 5.8125], "texture": "#1"},
				"east": {"uv": [14.5, 8.5, 14.625, 8.8125], "texture": "#1"},
				"south": {"uv": [6, 14, 6.25, 14.3125], "texture": "#1"},
				"west": {"uv": [9, 14.5, 9.125, 14.8125], "texture": "#1"},
				"up": {"uv": [14.75, 12.125, 14.5, 12], "texture": "#1"},
				"down": {"uv": [12.75, 14.5, 12.5, 14.625], "texture": "#1"}
			}
		},
		{
			"from": [7.30977, -9.71907, 4.39376],
			"to": [8.68977, -8.93907, 5.17376],
			"rotation": {"angle": -45, "axis": "x", "origin": [7.99977, -6.11099, 8]},
			"faces": {
				"north": {"uv": [12, 10, 12.6875, 10.375], "texture": "#1"},
				"east": {"uv": [13, 8, 13.375, 8.375], "texture": "#1"},
				"south": {"uv": [12, 10.5, 12.6875, 10.875], "texture": "#1"},
				"west": {"uv": [13, 8.5, 13.375, 8.875], "texture": "#1"},
				"up": {"uv": [12.6875, 11.375, 12, 11], "texture": "#1"},
				"down": {"uv": [12.1875, 12, 11.5, 12.375], "texture": "#1"}
			}
		},
		{
			"from": [7.93981, 18.44641, 8.76652],
			"to": [8.05981, 18.63841, 9.24652],
			"rotation": {"angle": -22.5, "axis": "x", "origin": [7.99981, 18.91334, 8.59224]},
			"faces": {
				"north": {"uv": [9, 15, 9.0625, 15.125], "texture": "#1"},
				"east": {"uv": [14.5, 12.5, 14.75, 12.625], "texture": "#1"},
				"south": {"uv": [15, 9, 15.0625, 9.125], "texture": "#1"},
				"west": {"uv": [13, 14.5, 13.25, 14.625], "texture": "#1"},
				"up": {"uv": [4.0625, 15.25, 4, 15], "texture": "#1"},
				"down": {"uv": [15.0625, 4, 15, 4.25], "texture": "#1"}
			}
		},
		{
			"from": [7.89, 15.19905, -1.14645],
			"to": [8.11, 15.55905, -0.54645],
			"rotation": {"angle": -45, "axis": "x", "origin": [7.95, 15.33705, -1.11645]},
			"faces": {
				"north": {"uv": [1.5, 15, 1.625, 15.1875], "texture": "#1"},
				"east": {"uv": [14, 9, 14.3125, 9.1875], "texture": "#1"},
				"south": {"uv": [15, 1.5, 15.125, 1.6875], "texture": "#1"},
				"west": {"uv": [9.5, 14, 9.8125, 14.1875], "texture": "#1"},
				"up": {"uv": [14.625, 9.3125, 14.5, 9], "texture": "#1"},
				"down": {"uv": [9.625, 14.5, 9.5, 14.8125], "texture": "#1"}
			}
		},
		{
			"from": [7.89, 15.19905, -1.62645],
			"to": [8.11, 15.39105, -1.14645],
			"rotation": {"angle": -45, "axis": "x", "origin": [7.95, 15.33705, -1.11645]},
			"faces": {
				"north": {"uv": [4.5, 15, 4.625, 15.125], "texture": "#1"},
				"east": {"uv": [14.5, 13, 14.75, 13.125], "texture": "#1"},
				"south": {"uv": [15, 4.5, 15.125, 4.625], "texture": "#1"},
				"west": {"uv": [13.5, 14.5, 13.75, 14.625], "texture": "#1"},
				"up": {"uv": [14.625, 13.75, 14.5, 13.5], "texture": "#1"},
				"down": {"uv": [14.125, 14.5, 14, 14.75], "texture": "#1"}
			}
		},
		{
			"from": [7.93981, 17.76759, 8.76652],
			"to": [8.05981, 17.95959, 9.24652],
			"rotation": {"angle": -22.5, "axis": "x", "origin": [7.99981, 18.91334, 8.59224]},
			"faces": {
				"north": {"uv": [9.5, 15, 9.5625, 15.125], "texture": "#1"},
				"east": {"uv": [14.5, 14, 14.75, 14.125], "texture": "#1"},
				"south": {"uv": [15, 9.5, 15.0625, 9.625], "texture": "#1"},
				"west": {"uv": [14.5, 14.5, 14.75, 14.625], "texture": "#1"},
				"up": {"uv": [5.0625, 15.25, 5, 15], "texture": "#1"},
				"down": {"uv": [15.0625, 5, 15, 5.25], "texture": "#1"}
			}
		},
		{
			"from": [7.93981, 19.05383, 7.94991],
			"to": [8.05981, 19.41383, 8.54991],
			"rotation": {"angle": 0, "axis": "x", "origin": [7.99981, 18.91334, 8.59224]},
			"faces": {
				"north": {"uv": [7.5, 15, 7.5625, 15.1875], "texture": "#1"},
				"east": {"uv": [14, 9.5, 14.3125, 9.6875], "texture": "#1"},
				"south": {"uv": [15, 7.5, 15.0625, 7.6875], "texture": "#1"},
				"west": {"uv": [10, 14, 10.3125, 14.1875], "texture": "#1"},
				"up": {"uv": [2.5625, 15.3125, 2.5, 15], "texture": "#1"},
				"down": {"uv": [15.0625, 2.5, 15, 2.8125], "texture": "#1"}
			}
		},
		{
			"from": [7.81981, 19.20967, 7.12454],
			"to": [8.17981, 19.68967, 8.20454],
			"rotation": {"angle": -22.5, "axis": "x", "origin": [7.99981, 18.91334, 8.59224]},
			"faces": {
				"north": {"uv": [14.5, 1.5, 14.6875, 1.75], "texture": "#1"},
				"east": {"uv": [13, 9, 13.5625, 9.25], "texture": "#1"},
				"south": {"uv": [2, 14.5, 2.1875, 14.75], "texture": "#1"},
				"west": {"uv": [13, 9.5, 13.5625, 9.75], "texture": "#1"},
				"up": {"uv": [13.6875, 6.5625, 13.5, 6], "texture": "#1"},
				"down": {"uv": [13.6875, 7, 13.5, 7.5625], "texture": "#1"}
			}
		},
		{
			"from": [7.93981, 19.22183, 8.54991],
			"to": [8.05981, 19.41383, 9.02991],
			"rotation": {"angle": 0, "axis": "x", "origin": [7.99981, 18.91334, 8.59224]},
			"faces": {
				"north": {"uv": [10, 15, 10.0625, 15.125], "texture": "#1"},
				"east": {"uv": [0, 15, 0.25, 15.125], "texture": "#1"},
				"south": {"uv": [15, 10, 15.0625, 10.125], "texture": "#1"},
				"west": {"uv": [15, 0, 15.25, 0.125], "texture": "#1"},
				"up": {"uv": [5.5625, 15.25, 5.5, 15], "texture": "#1"},
				"down": {"uv": [15.0625, 5.5, 15, 5.75], "texture": "#1"}
			}
		},
		{
			"from": [7.99981, 13.11562, -2.80651],
			"to": [7.99981, 18.92074, 11.15861],
			"rotation": {"angle": 0, "axis": "x", "origin": [7.99981, 16.01818, 4.17605]},
			"faces": {
				"north": {"uv": [0, 0, 0, 2.875], "texture": "#1"},
				"east": {"uv": [0, 0, 7, 2.875], "texture": "#1"},
				"south": {"uv": [0, 0, 0, 2.875], "texture": "#1"},
				"west": {"uv": [0, 3, 7, 5.875], "texture": "#1"},
				"up": {"uv": [0, 7, 0, 0], "texture": "#1"},
				"down": {"uv": [0, 0, 0, 7], "texture": "#1"}
			}
		},
		{
			"from": [7.99977, -13.65401, 5.6],
			"to": [7.99977, -8.85401, 10.4],
			"rotation": {"angle": 0, "axis": "x", "origin": [7.99977, -6.11099, 8]},
			"faces": {
				"north": {"uv": [0, 0, 0, 2.375], "texture": "#1"},
				"east": {"uv": [6, 8, 8.375, 10.375], "texture": "#1"},
				"south": {"uv": [0, 0, 0, 2.375], "texture": "#1"},
				"west": {"uv": [8.5, 8, 10.875, 10.375], "texture": "#1"},
				"up": {"uv": [0, 2.375, 0, 0], "texture": "#1"},
				"down": {"uv": [0, 0, 0, 2.375], "texture": "#1"}
			}
		},
		{
			"from": [7.63977, -3.44928, 7.64],
			"to": [8.35977, 3.39072, 8.36],
			"rotation": {"angle": 0, "axis": "y", "origin": [7.99977, -6.11099, 8]},
			"faces": {
				"north": {"uv": [9, 0, 9.375, 3.4375], "texture": "#1"},
				"east": {"uv": [9.5, 0, 9.875, 3.4375], "texture": "#1"},
				"south": {"uv": [10, 0, 10.375, 3.4375], "texture": "#1"},
				"west": {"uv": [10.5, 0, 10.875, 3.4375], "texture": "#1"},
				"up": {"uv": [13.375, 10.375, 13, 10], "texture": "#1"},
				"down": {"uv": [13.375, 10.5, 13, 10.875], "texture": "#1"}
			}
		},
		{
			"from": [7.63977, -10.19928, 7.64],
			"to": [8.35977, -3.35928, 8.36],
			"rotation": {"angle": 0, "axis": "y", "origin": [7.99977, -6.11099, 8]},
			"faces": {
				"north": {"uv": [6, 10.5, 6.375, 13.9375], "texture": "#1"},
				"east": {"uv": [6.5, 10.5, 6.875, 13.9375], "texture": "#1"},
				"south": {"uv": [7, 10.5, 7.375, 13.9375], "texture": "#1"},
				"west": {"uv": [7.5, 10.5, 7.875, 13.9375], "texture": "#1"},
				"up": {"uv": [11.375, 13.375, 11, 13], "texture": "#1"},
				"down": {"uv": [13.375, 11, 13, 11.375], "texture": "#1"}
			}
		},
		{
			"from": [7.53177, -4.74728, 7.532],
			"to": [8.46777, -3.81128, 8.468],
			"rotation": {"angle": 0, "axis": "y", "origin": [7.99977, -6.11099, 8]},
			"faces": {
				"north": {"uv": [12.5, 9.5, 12.9375, 9.9375], "texture": "#1"},
				"east": {"uv": [12.5, 11.5, 12.9375, 11.9375], "texture": "#1"},
				"south": {"uv": [12, 12.5, 12.4375, 12.9375], "texture": "#1"},
				"west": {"uv": [12.5, 12, 12.9375, 12.4375], "texture": "#1"},
				"up": {"uv": [12.9375, 12.9375, 12.5, 12.5], "texture": "#1"},
				"down": {"uv": [0.4375, 13, 0, 13.4375], "texture": "#1"}
			}
		},
		{
			"from": [7.54977, -5.56928, 7.55],
			"to": [8.44977, -5.26928, 8.45],
			"rotation": {"angle": 0, "axis": "y", "origin": [7.99977, -6.11099, 8]},
			"faces": {
				"north": {"uv": [12, 14, 12.4375, 14.125], "texture": "#1"},
				"east": {"uv": [14, 12, 14.4375, 12.125], "texture": "#1"},
				"south": {"uv": [12.5, 14, 12.9375, 14.125], "texture": "#1"},
				"west": {"uv": [14, 12.5, 14.4375, 12.625], "texture": "#1"},
				"up": {"uv": [13.4375, 0.4375, 13, 0], "texture": "#1"},
				"down": {"uv": [0.9375, 13, 0.5, 13.4375], "texture": "#1"}
			}
		},
		{
			"from": [7.54977, -6.16928, 7.55],
			"to": [8.44977, -5.86928, 8.45],
			"rotation": {"angle": 0, "axis": "y", "origin": [7.99977, -6.11099, 8]},
			"faces": {
				"north": {"uv": [13, 14, 13.4375, 14.125], "texture": "#1"},
				"east": {"uv": [14, 13, 14.4375, 13.125], "texture": "#1"},
				"south": {"uv": [13.5, 14, 13.9375, 14.125], "texture": "#1"},
				"west": {"uv": [14, 13.5, 14.4375, 13.625], "texture": "#1"},
				"up": {"uv": [13.4375, 0.9375, 13, 0.5], "texture": "#1"},
				"down": {"uv": [1.4375, 13, 1, 13.4375], "texture": "#1"}
			}
		},
		{
			"from": [7.53177, -7.74728, 7.532],
			"to": [8.46777, -6.81128, 8.468],
			"rotation": {"angle": 0, "axis": "y", "origin": [7.99977, -6.11099, 8]},
			"faces": {
				"north": {"uv": [13, 1, 13.4375, 1.4375], "texture": "#1"},
				"east": {"uv": [1.5, 13, 1.9375, 13.4375], "texture": "#1"},
				"south": {"uv": [13, 1.5, 13.4375, 1.9375], "texture": "#1"},
				"west": {"uv": [2, 13, 2.4375, 13.4375], "texture": "#1"},
				"up": {"uv": [13.4375, 2.4375, 13, 2], "texture": "#1"},
				"down": {"uv": [2.9375, 13, 2.5, 13.4375], "texture": "#1"}
			}
		},
		{
			"from": [7.63977, 9.45072, 10.24],
			"to": [8.35977, 16.29072, 10.96],
			"rotation": {"angle": 0, "axis": "y", "origin": [8.00059, 12.18092, 8.30262]},
			"faces": {
				"north": {"uv": [8, 10.5, 8.375, 13.9375], "texture": "#1"},
				"east": {"uv": [8.5, 10.5, 8.875, 13.9375], "texture": "#1"},
				"south": {"uv": [9, 10.5, 9.375, 13.9375], "texture": "#1"},
				"west": {"uv": [9.5, 10.5, 9.875, 13.9375], "texture": "#1"},
				"up": {"uv": [13.375, 11.875, 13, 11.5], "texture": "#1"},
				"down": {"uv": [12.375, 13, 12, 13.375], "texture": "#1"}
			}
		},
		{
			"from": [7.63977, 2.99262, 8.92137],
			"to": [8.35977, 9.83262, 9.64137],
			"rotation": {"angle": 22.5, "axis": "x", "origin": [7.99977, 6.41262, 9.28137]},
			"faces": {
				"north": {"uv": [10, 10.5, 10.375, 13.9375], "texture": "#1"},
				"east": {"uv": [10.5, 10.5, 10.875, 13.9375], "texture": "#1"},
				"south": {"uv": [11, 0, 11.375, 3.4375], "texture": "#1"},
				"west": {"uv": [11, 3.5, 11.375, 6.9375], "texture": "#1"},
				"up": {"uv": [13.375, 12.375, 13, 12], "texture": "#1"},
				"down": {"uv": [12.875, 13, 12.5, 13.375], "texture": "#1"}
			}
		},
		{
			"from": [7.52577, 11.79672, 10.126],
			"to": [8.47377, 12.74472, 11.074],
			"rotation": {"angle": 0, "axis": "y", "origin": [8.00059, 12.18092, 8.30262]},
			"faces": {
				"north": {"uv": [12, 11.5, 12.5, 12], "texture": "#1"},
				"east": {"uv": [12.5, 0, 13, 0.5], "texture": "#1"},
				"south": {"uv": [12.5, 0.5, 13, 1], "texture": "#1"},
				"west": {"uv": [12.5, 1, 13, 1.5], "texture": "#1"},
				"up": {"uv": [13, 2, 12.5, 1.5], "texture": "#1"},
				"down": {"uv": [13, 2, 12.5, 2.5], "texture": "#1"}
			}
		},
		{
			"from": [7.54977, 13.38072, 10.15],
			"to": [8.44977, 13.68072, 11.05],
			"rotation": {"angle": 0, "axis": "y", "origin": [8.00059, 12.18092, 8.30262]},
			"faces": {
				"north": {"uv": [14, 14, 14.4375, 14.125], "texture": "#1"},
				"east": {"uv": [0, 14.5, 0.4375, 14.625], "texture": "#1"},
				"south": {"uv": [14.5, 0, 14.9375, 0.125], "texture": "#1"},
				"west": {"uv": [0.5, 14.5, 0.9375, 14.625], "texture": "#1"},
				"up": {"uv": [13.4375, 2.9375, 13, 2.5], "texture": "#1"},
				"down": {"uv": [3.4375, 13, 3, 13.4375], "texture": "#1"}
			}
		},
		{
			"from": [7.54977, 13.98072, 10.15],
			"to": [8.44977, 14.28072, 11.05],
			"rotation": {"angle": 0, "axis": "y", "origin": [8.00059, 12.18092, 8.30262]},
			"faces": {
				"north": {"uv": [14.5, 0.5, 14.9375, 0.625], "texture": "#1"},
				"east": {"uv": [1, 14.5, 1.4375, 14.625], "texture": "#1"},
				"south": {"uv": [14.5, 1, 14.9375, 1.125], "texture": "#1"},
				"west": {"uv": [1.5, 14.5, 1.9375, 14.625], "texture": "#1"},
				"up": {"uv": [13.4375, 3.4375, 13, 3], "texture": "#1"},
				"down": {"uv": [3.9375, 13, 3.5, 13.4375], "texture": "#1"}
			}
		},
		{
			"from": [7.52577, 14.79672, 10.126],
			"to": [8.47377, 15.74472, 11.074],
			"rotation": {"angle": 0, "axis": "y", "origin": [8.00059, 12.18092, 8.30262]},
			"faces": {
				"north": {"uv": [12.5, 2.5, 13, 3], "texture": "#1"},
				"east": {"uv": [12.5, 3, 13, 3.5], "texture": "#1"},
				"south": {"uv": [12.5, 3.5, 13, 4], "texture": "#1"},
				"west": {"uv": [12.5, 4, 13, 4.5], "texture": "#1"},
				"up": {"uv": [13, 5, 12.5, 4.5], "texture": "#1"},
				"down": {"uv": [13, 5, 12.5, 5.5], "texture": "#1"}
			}
		},
		{
			"from": [7.61101, 16.5459, 5.6225],
			"to": [8.38861, 18.1155, 7.1921],
			"rotation": {"angle": 45, "axis": "x", "origin": [8.00059, 12.18092, 8.30262]},
			"faces": {
				"north": {"uv": [11.5, 4, 11.875, 4.8125], "texture": "#1"},
				"east": {"uv": [9, 3.5, 9.8125, 4.3125], "texture": "#1"},
				"south": {"uv": [11.5, 5, 11.875, 5.8125], "texture": "#1"},
				"west": {"uv": [10, 3.5, 10.8125, 4.3125], "texture": "#1"},
				"up": {"uv": [11.875, 6.8125, 11.5, 6], "texture": "#1"},
				"down": {"uv": [12.375, 0, 12, 0.8125], "texture": "#1"}
			}
		},
		{
			"from": [7.3766, 13.58715, 12.98148],
			"to": [8.6246, 14.54715, 13.94148],
			"rotation": {"angle": -45, "axis": "x", "origin": [8.00059, 12.18092, 8.30262]},
			"faces": {
				"north": {"uv": [9, 4.5, 9.625, 5], "texture": "#1"},
				"east": {"uv": [12.5, 5.5, 13, 6], "texture": "#1"},
				"south": {"uv": [10, 4.5, 10.625, 5], "texture": "#1"},
				"west": {"uv": [12.5, 6, 13, 6.5], "texture": "#1"},
				"up": {"uv": [10.625, 6.5, 10, 6], "texture": "#1"},
				"down": {"uv": [10.625, 6.5, 10, 7], "texture": "#1"}
			}
		},
		{
			"from": [7.76676, 18.32429, 9.90846],
			"to": [8.23324, 18.63957, 10.22373],
			"rotation": {"angle": 22.5, "axis": "x", "origin": [8.00059, 12.18092, 8.30262]},
			"faces": {
				"north": {"uv": [14.5, 2, 14.75, 2.1875], "texture": "#1"},
				"east": {"uv": [14.5, 9.5, 14.6875, 9.6875], "texture": "#1"},
				"south": {"uv": [2.5, 14.5, 2.75, 14.6875], "texture": "#1"},
				"west": {"uv": [10, 14.5, 10.1875, 14.6875], "texture": "#1"},
				"up": {"uv": [14.75, 2.6875, 14.5, 2.5], "texture": "#1"},
				"down": {"uv": [3.25, 14.5, 3, 14.6875], "texture": "#1"}
			}
		},
		{
			"from": [7.82, 12.66283, 13.34307],
			"to": [8.18, 13.74283, 13.82307],
			"rotation": {"angle": -45, "axis": "x", "origin": [8.00059, 12.18092, 8.30262]},
			"faces": {
				"north": {"uv": [13.5, 8, 13.6875, 8.5625], "texture": "#1"},
				"east": {"uv": [13, 12.5, 13.25, 13.0625], "texture": "#1"},
				"south": {"uv": [13.5, 10, 13.6875, 10.5625], "texture": "#1"},
				"west": {"uv": [0, 13.5, 0.25, 14.0625], "texture": "#1"},
				"up": {"uv": [14.6875, 3.25, 14.5, 3], "texture": "#1"},
				"down": {"uv": [3.6875, 14.5, 3.5, 14.75], "texture": "#1"}
			}
		},
		{
			"from": [7.94, 14.12578, 12.79006],
			"to": [8.06, 14.72578, 13.15006],
			"rotation": {"angle": -22.5, "axis": "x", "origin": [8.00059, 12.18092, 8.30262]},
			"faces": {
				"north": {"uv": [3, 15, 3.0625, 15.3125], "texture": "#1"},
				"east": {"uv": [14, 10, 14.1875, 10.3125], "texture": "#1"},
				"south": {"uv": [15, 3, 15.0625, 3.3125], "texture": "#1"},
				"west": {"uv": [10.5, 14, 10.6875, 14.3125], "texture": "#1"},
				"up": {"uv": [8.0625, 15.1875, 8, 15], "texture": "#1"},
				"down": {"uv": [15.0625, 8, 15, 8.1875], "texture": "#1"}
			}
		},
		{
			"from": [7.94, 13.64578, 12.95806],
			"to": [8.06, 14.12578, 13.15006],
			"rotation": {"angle": -22.5, "axis": "x", "origin": [8.00059, 12.18092, 8.30262]},
			"faces": {
				"north": {"uv": [6, 15, 6.0625, 15.25], "texture": "#1"},
				"east": {"uv": [0.5, 15, 0.625, 15.25], "texture": "#1"},
				"south": {"uv": [15, 6, 15.0625, 6.25], "texture": "#1"},
				"west": {"uv": [15, 0.5, 15.125, 0.75], "texture": "#1"},
				"up": {"uv": [10.5625, 15.125, 10.5, 15], "texture": "#1"},
				"down": {"uv": [15.0625, 10.5, 15, 10.625], "texture": "#1"}
			}
		},
		{
			"from": [7.99981, 13.34679, 6.04],
			"to": [7.99981, 17.18679, 15.16],
			"rotation": {"angle": 0, "axis": "x", "origin": [8.00059, 12.18092, 8.30262]},
			"faces": {
				"north": {"uv": [0, 0, 0, 1.9375], "texture": "#1"},
				"east": {"uv": [0, 6, 4.5625, 7.9375], "texture": "#1"},
				"south": {"uv": [0, 0, 0, 1.9375], "texture": "#1"},
				"west": {"uv": [5, 6, 9.5625, 7.9375], "texture": "#1"},
				"up": {"uv": [0, 4.5625, 0, 0], "texture": "#1"},
				"down": {"uv": [0, 0, 0, 4.5625], "texture": "#1"}
			}
		},
		{
			"from": [7.99981, 10.70679, 6.68],
			"to": [7.99981, 19.82679, 10.52],
			"rotation": {"angle": 0, "axis": "x", "origin": [7.99981, 15.26679, 8.6]},
			"faces": {
				"north": {"uv": [0, 0, 0, 4.5625], "texture": "#1"},
				"east": {"uv": [7, 0, 8.9375, 4.5625], "texture": "#1"},
				"south": {"uv": [0, 0, 0, 4.5625], "texture": "#1"},
				"west": {"uv": [0, 8, 1.9375, 12.5625], "texture": "#1"},
				"up": {"uv": [0, 1.9375, 0, 0], "texture": "#1"},
				"down": {"uv": [0, 0, 0, 1.9375], "texture": "#1"}
			}
		},
		{
			"from": [7.99981, 6.70679, 7.68],
			"to": [7.99981, 15.82679, 11.52],
			"rotation": {"angle": 22.5, "axis": "x", "origin": [7.99981, 11.26679, 9.6]},
			"faces": {
				"north": {"uv": [0, 0, 0, 4.5625], "texture": "#1"},
				"east": {"uv": [2, 8, 3.9375, 12.5625], "texture": "#1"},
				"south": {"uv": [0, 0, 0, 4.5625], "texture": "#1"},
				"west": {"uv": [4, 8, 5.9375, 12.5625], "texture": "#1"},
				"up": {"uv": [0, 1.9375, 0, 0], "texture": "#1"},
				"down": {"uv": [0, 0, 0, 1.9375], "texture": "#1"}
			}
		},
		{
			"from": [7.82, 16.94497, 12.42436],
			"to": [8.18, 17.42497, 13.50436],
			"rotation": {"angle": 0, "axis": "x", "origin": [8.00059, 12.18092, 8.30262]},
			"faces": {
				"north": {"uv": [14.5, 3.5, 14.6875, 3.75], "texture": "#1"},
				"east": {"uv": [13.5, 0, 14.0625, 0.25], "texture": "#1"},
				"south": {"uv": [4, 14.5, 4.1875, 14.75], "texture": "#1"},
				"west": {"uv": [0.5, 13.5, 1.0625, 13.75], "texture": "#1"},
				"up": {"uv": [11.1875, 14.0625, 11, 13.5], "texture": "#1"},
				"down": {"uv": [13.6875, 11, 13.5, 11.5625], "texture": "#1"}
			}
		},
		{
			"from": [7.94, 18.58804, 11.11453],
			"to": [8.06, 18.94804, 11.71453],
			"rotation": {"angle": 22.5, "axis": "x", "origin": [8.00059, 12.18092, 8.30262]},
			"faces": {
				"north": {"uv": [8.5, 15, 8.5625, 15.1875], "texture": "#1"},
				"east": {"uv": [14, 10.5, 14.3125, 10.6875], "texture": "#1"},
				"south": {"uv": [15, 8.5, 15.0625, 8.6875], "texture": "#1"},
				"west": {"uv": [14, 11, 14.3125, 11.1875], "texture": "#1"},
				"up": {"uv": [3.5625, 15.3125, 3.5, 15], "texture": "#1"},
				"down": {"uv": [15.0625, 3.5, 15, 3.8125], "texture": "#1"}
			}
		},
		{
			"from": [7.94, 18.75604, 11.71453],
			"to": [8.06, 18.94804, 12.19453],
			"rotation": {"angle": 22.5, "axis": "x", "origin": [8.00059, 12.18092, 8.30262]},
			"faces": {
				"north": {"uv": [11, 15, 11.0625, 15.125], "texture": "#1"},
				"east": {"uv": [1, 15, 1.25, 15.125], "texture": "#1"},
				"south": {"uv": [15, 11, 15.0625, 11.125], "texture": "#1"},
				"west": {"uv": [15, 1, 15.25, 1.125], "texture": "#1"},
				"up": {"uv": [6.5625, 15.25, 6.5, 15], "texture": "#1"},
				"down": {"uv": [15.0625, 6.5, 15, 6.75], "texture": "#1"}
			}
		},
		{
			"from": [7.78544, 17.98962, 6.04619],
			"to": [8.21456, 19.78674, 6.69131],
			"rotation": {"angle": 45, "axis": "x", "origin": [8.00059, 12.18092, 8.30262]},
			"faces": {
				"north": {"uv": [13, 3.5, 13.1875, 4.375], "texture": "#1"},
				"east": {"uv": [12, 3, 12.3125, 3.875], "texture": "#1"},
				"south": {"uv": [4, 13, 4.1875, 13.875], "texture": "#1"},
				"west": {"uv": [12, 4, 12.3125, 4.875], "texture": "#1"},
				"up": {"uv": [11.6875, 14.3125, 11.5, 14], "texture": "#1"},
				"down": {"uv": [14.1875, 11.5, 14, 11.8125], "texture": "#1"}
			}
		},
		{
			"from": [7.76676, 16.56595, 10.62651],
			"to": [8.23324, 16.88123, 10.94178],
			"rotation": {"angle": -22.5, "axis": "x", "origin": [8.00059, 12.18092, 8.30262]},
			"faces": {
				"north": {"uv": [14.5, 4, 14.75, 4.1875], "texture": "#1"},
				"east": {"uv": [14.5, 10, 14.6875, 10.1875], "texture": "#1"},
				"south": {"uv": [4.5, 14.5, 4.75, 14.6875], "texture": "#1"},
				"west": {"uv": [10.5, 14.5, 10.6875, 14.6875], "texture": "#1"},
				"up": {"uv": [14.75, 4.6875, 14.5, 4.5], "texture": "#1"},
				"down": {"uv": [5.25, 14.5, 5, 14.6875], "texture": "#1"}
			}
		},
		{
			"from": [7.71084, 17.2581, 3.75123],
			"to": [8.29196, 18.00322, 8.81235],
			"rotation": {"angle": 22.5, "axis": "x", "origin": [8.00059, 12.18092, 8.30262]},
			"faces": {
				"north": {"uv": [2, 13.5, 2.3125, 13.875], "texture": "#1"},
				"east": {"uv": [10, 7, 12.5, 7.375], "texture": "#1"},
				"south": {"uv": [13.5, 2, 13.8125, 2.375], "texture": "#1"},
				"west": {"uv": [10, 7.5, 12.5, 7.875], "texture": "#1"},
				"up": {"uv": [11.3125, 10.5, 11, 8], "texture": "#1"},
				"down": {"uv": [11.3125, 10.5, 11, 13], "texture": "#1"}
			}
		},
		{
			"from": [7.81084, 16.55989, -1.06912],
			"to": [8.19196, 17.30501, 6.992],
			"rotation": {"angle": -22.5, "axis": "x", "origin": [8.0014, 16.93245, 1.96144]},
			"faces": {
				"north": {"uv": [14, 6, 14.1875, 6.375], "texture": "#1"},
				"east": {"uv": [7, 5, 11, 5.375], "texture": "#1"},
				"south": {"uv": [6.5, 14, 6.6875, 14.375], "texture": "#1"},
				"west": {"uv": [7, 5.5, 11, 5.875], "texture": "#1"},
				"up": {"uv": [11.6875, 4, 11.5, 0], "texture": "#1"},
				"down": {"uv": [11.6875, 8, 11.5, 12], "texture": "#1"}
			}
		},
		{
			"from": [7.76672, 17.09292, 11.40347],
			"to": [8.23328, 17.51628, 12.25883],
			"rotation": {"angle": 0, "axis": "x", "origin": [8.00059, 12.18092, 8.30262]},
			"faces": {
				"north": {"uv": [14.5, 5, 14.75, 5.1875], "texture": "#1"},
				"east": {"uv": [2.5, 14, 2.9375, 14.1875], "texture": "#1"},
				"south": {"uv": [5.5, 14.5, 5.75, 14.6875], "texture": "#1"},
				"west": {"uv": [3, 14, 3.4375, 14.1875], "texture": "#1"},
				"up": {"uv": [4.75, 13.9375, 4.5, 13.5], "texture": "#1"},
				"down": {"uv": [5.25, 13.5, 5, 13.9375], "texture": "#1"}
			}
		},
		{
			"from": [7.7624, 15.16651, 12.70907],
			"to": [8.2376, 15.59851, 14.00507],
			"rotation": {"angle": -22.5, "axis": "x", "origin": [8.00059, 12.18092, 8.30262]},
			"faces": {
				"north": {"uv": [14.5, 5.5, 14.75, 5.6875], "texture": "#1"},
				"east": {"uv": [2.5, 13.5, 3.125, 13.6875], "texture": "#1"},
				"south": {"uv": [6, 14.5, 6.25, 14.6875], "texture": "#1"},
				"west": {"uv": [13.5, 2.5, 14.125, 2.6875], "texture": "#1"},
				"up": {"uv": [13.25, 5.625, 13, 5], "texture": "#1"},
				"down": {"uv": [5.75, 13, 5.5, 13.625], "texture": "#1"}
			}
		},
		{
			"from": [7.76672, 17.09292, 8.94117],
			"to": [8.23328, 17.51628, 9.79653],
			"rotation": {"angle": 0, "axis": "x", "origin": [8.00059, 12.18092, 8.30262]},
			"faces": {
				"north": {"uv": [14.5, 6, 14.75, 6.1875], "texture": "#1"},
				"east": {"uv": [3.5, 14, 3.9375, 14.1875], "texture": "#1"},
				"south": {"uv": [6.5, 14.5, 6.75, 14.6875], "texture": "#1"},
				"west": {"uv": [4, 14, 4.4375, 14.1875], "texture": "#1"},
				"up": {"uv": [13.75, 5.4375, 13.5, 5], "texture": "#1"},
				"down": {"uv": [13.75, 5.5, 13.5, 5.9375], "texture": "#1"}
			}
		},
		{
			"from": [7.7624, 16.92485, 6.84517],
			"to": [8.2376, 17.35685, 8.14117],
			"rotation": {"angle": 22.5, "axis": "x", "origin": [8.00059, 12.18092, 8.30262]},
			"faces": {
				"north": {"uv": [14.5, 6.5, 14.75, 6.6875], "texture": "#1"},
				"east": {"uv": [13.5, 3, 14.125, 3.1875], "texture": "#1"},
				"south": {"uv": [7, 14.5, 7.25, 14.6875], "texture": "#1"},
				"west": {"uv": [13.5, 3.5, 14.125, 3.6875], "texture": "#1"},
				"up": {"uv": [13.25, 6.625, 13, 6], "texture": "#1"},
				"down": {"uv": [13.25, 7, 13, 7.625], "texture": "#1"}
			}
		}
	],
	"gui_light": "front",
	"display": {
		"thirdperson_righthand": {
			"translation": [0, 16.75, 1.25],
			"scale": [1.40234, 1.40234, 1.40234]
		},
		"thirdperson_lefthand": {
			"rotation": [-23.69, 41.75, 89.95],
			"translation": [-13.75, -3.5, 13.5],
			"scale": [1.40234, 1.40234, 1.40234]
		},
		"firstperson_righthand": {
			"rotation": [-23.25, 0, 0],
			"translation": [4.25, 1.25, -1.5],
			"scale": [1.05, 1.05, 1.05]
		},
		"firstperson_lefthand": {
			"rotation": [180, 0, 0],
			"translation": [4.25, -16, -1.5],
			"scale": [1.05, 1.05, 1.05]
		},
		"ground": {
			"rotation": [-51, 0, 0],
			"translation": [0, 7.5, -0.75],
			"scale": [0.6, 0.6, 0.6]
		},
		"gui": {
			"rotation": [81, 44, -75],
			"translation": [1.2, 1, 0],
			"scale": [0.5, 0.5, 0.5]
		},
		"head": {
			"rotation": [-118.3, 34.58, -10.2],
			"translation": [24, -24.25, -3.25],
			"scale": [2.8418, 2.34375, 2.29102]
		},
		"fixed": {
			"rotation": [161.25, 0, 180],
			"translation": [-0.25, 9, -27.25],
			"scale": [3.11523, 2.57812, 2.66601]
		}
	},
	"groups": [
		{
			"name": "cucucu",
			"origin": [8, 8, 8],
			"color": 0,
			"children": [
				{
					"name": "group",
					"origin": [8.00059, 12.18092, 8.30262],
					"color": 0,
					"children": [
						0,
						1,
						2,
						3,
						4,
						5,
						6,
						7,
						8,
						9,
						10,
						11,
						12,
						13,
						14,
						15,
						16,
						17,
						18,
						19,
						20,
						21,
						22,
						23,
						24,
						25,
						26,
						27,
						28,
						29,
						30,
						31,
						32,
						33,
						34,
						35,
						36,
						37,
						38,
						39,
						40,
						41,
						42,
						43,
						44,
						45,
						46,
						47,
						48,
						49,
						50,
						51,
						52,
						53
					]
				}
			]
		}
	]
}