{
	"credit": "Made with Blockbench",
	"texture_size": [32, 32],
	"textures": {
		"0": "./omend",
		"particle": "./omend"
	},
	"elements": [
		{
			"from": [4, 7, 7],
			"to": [12, 15, 15],
			"faces": {
				"north": {"uv": [0, 0, 4, 4], "texture": "#0"},
				"east": {"uv": [0, 12, 4, 16], "texture": "#0"},
				"south": {"uv": [4, 0, 8, 4], "texture": "#0"},
				"west": {"uv": [4, 4, 0, 8], "texture": "#0"},
				"up": {"uv": [4, 12, 0, 8], "texture": "#0"},
				"down": {"uv": [12, 0, 8, 4], "texture": "#0"}
			}
		},
		{
			"from": [5, 15, 9],
			"to": [7, 17, 11],
			"faces": {
				"north": {"uv": [4, 8, 5, 9], "texture": "#0"},
				"east": {"uv": [8, 4, 9, 5], "texture": "#0"},
				"south": {"uv": [5, 8, 6, 9], "texture": "#0"},
				"west": {"uv": [8, 5, 9, 6], "texture": "#0"},
				"up": {"uv": [7, 9, 6, 8], "texture": "#0"},
				"down": {"uv": [9, 6, 8, 7], "texture": "#0"}
			}
		},
		{
			"from": [9, 15, 9],
			"to": [11, 17, 11],
			"faces": {
				"north": {"uv": [7, 8, 8, 9], "texture": "#0"},
				"east": {"uv": [8, 7, 9, 8], "texture": "#0"},
				"south": {"uv": [8, 8, 9, 9], "texture": "#0"},
				"west": {"uv": [4, 9, 5, 10], "texture": "#0"},
				"up": {"uv": [10, 5, 9, 4], "texture": "#0"},
				"down": {"uv": [6, 9, 5, 10], "texture": "#0"}
			}
		},
		{
			"from": [14.05, 11, -4],
			"to": [18.05, 13, -2],
			"rotation": {"angle": -45, "axis": "y", "origin": [0, 0, 0]},
			"faces": {
				"north": {"uv": [0, 0, 2, 1], "texture": "#0"},
				"east": {"uv": [0, 0, 1, 1], "texture": "#0"},
				"south": {"uv": [0, 0, 2, 1], "texture": "#0"},
				"west": {"uv": [0, 0, 1, 1], "texture": "#0"},
				"up": {"uv": [0, 0, 2, 1], "texture": "#0"},
				"down": {"uv": [0, 0, 2, 1], "texture": "#0"}
			}
		},
		{
			"from": [-6.8, 11, 7],
			"to": [-2.8, 13, 9],
			"rotation": {"angle": 45, "axis": "y", "origin": [0, 0, 0]},
			"faces": {
				"north": {"uv": [0, 0, 2, 1], "texture": "#0"},
				"east": {"uv": [0, 0, 1, 1], "texture": "#0"},
				"south": {"uv": [0, 0, 2, 1], "texture": "#0"},
				"west": {"uv": [0, 0, 1, 1], "texture": "#0"},
				"up": {"uv": [0, 0, 2, 1], "texture": "#0"},
				"down": {"uv": [0, 0, 2, 1], "texture": "#0"}
			}
		},
		{
			"from": [-3.5, 9, -4],
			"to": [-1.5, 11, -2],
			"rotation": {"angle": 45, "axis": "y", "origin": [14, -4, -4]},
			"faces": {
				"north": {"uv": [8, 5, 9, 4], "texture": "#0"},
				"east": {"uv": [8, 5, 9, 4], "texture": "#0"},
				"south": {"uv": [8, 5, 9, 4], "texture": "#0"},
				"west": {"uv": [8, 5, 9, 4], "texture": "#0"},
				"up": {"uv": [8, 5, 9, 4], "texture": "#0"},
				"down": {"uv": [8, 5, 9, 4], "texture": "#0"}
			}
		},
		{
			"from": [21, 9, 5],
			"to": [23, 11, 7],
			"rotation": {"angle": -45, "axis": "y", "origin": [14, -4, -4]},
			"faces": {
				"north": {"uv": [8, 5, 9, 4], "texture": "#0"},
				"east": {"uv": [8, 5, 9, 4], "texture": "#0"},
				"south": {"uv": [8, 5, 9, 4], "texture": "#0"},
				"west": {"uv": [8, 5, 9, 4], "texture": "#0"},
				"up": {"uv": [8, 5, 9, 4], "texture": "#0"},
				"down": {"uv": [8, 5, 9, 4], "texture": "#0"}
			}
		},
		{
			"from": [8.3, -9.85, 5],
			"to": [12.3, -1.85, 9],
			"rotation": {"angle": 22.5, "axis": "x", "origin": [9, -5, 11]},
			"faces": {
				"north": {"uv": [8, 10, 10, 16], "texture": "#0"},
				"east": {"uv": [10, 7, 12, 13], "texture": "#0"},
				"south": {"uv": [8, 10, 10, 16], "texture": "#0"},
				"west": {"uv": [8, 10, 10, 16], "texture": "#0"},
				"up": {"uv": [14, 0.5, 16, 2.5], "texture": "#0"},
				"down": {"uv": [8, 14.5, 10, 16], "texture": "#0"}
			}
		},
		{
			"from": [3.7, -9.85, 5],
			"to": [7.7, -1.85, 9],
			"rotation": {"angle": 22.5, "axis": "x", "origin": [5, -5, 11]},
			"faces": {
				"north": {"uv": [8, 10, 10, 16], "texture": "#0"},
				"east": {"uv": [8, 10, 10, 16], "texture": "#0"},
				"south": {"uv": [8, 10, 10, 16], "texture": "#0"},
				"west": {"uv": [10, 7, 12, 13], "texture": "#0"},
				"up": {"uv": [14, 0.5, 16, 2.5], "texture": "#0"},
				"down": {"uv": [8, 14.5, 10, 16], "texture": "#0"}
			}
		},
		{
			"from": [4, 1, 5],
			"to": [12, 9, 9],
			"rotation": {"angle": 22.5, "axis": "x", "origin": [0, -4, 4]},
			"faces": {
				"north": {"uv": [12, 7.5, 16, 11.5], "texture": "#0"},
				"east": {"uv": [6, 4, 4, 8], "texture": "#0"},
				"south": {"uv": [0.25, 8, 4, 12], "texture": "#0"},
				"west": {"uv": [4, 4, 6, 8], "texture": "#0"},
				"up": {"uv": [12, 6.5, 16, 8.5], "rotation": 180, "texture": "#0"},
				"down": {"uv": [0, 8, 4, 12], "texture": "#0"}
			}
		},
		{
			"from": [-0.18296, -0.4, 7.9],
			"to": [3.81704, 7.6, 11.4],
			"rotation": {"angle": 22.5, "axis": "x", "origin": [-1.18296, 1.52552, 8]},
			"faces": {
				"north": {"uv": [1, 8, 0, 12], "texture": "#0"},
				"east": {"uv": [1, 8, 0, 12], "texture": "#0"},
				"south": {"uv": [1, 8, 0, 12], "texture": "#0"},
				"west": {"uv": [1, 8, 0, 12], "texture": "#0"},
				"up": {"uv": [1, 8, 0, 12], "texture": "#0"},
				"down": {"uv": [1, 3, 2, 4], "texture": "#0"}
			}
		},
		{
			"from": [11.81704, -0.6, 7.1],
			"to": [15.81704, 7.4, 10.6],
			"rotation": {"angle": 22.5, "axis": "x", "origin": [11.81704, -0.47448, 8]},
			"faces": {
				"north": {"uv": [12, 11.5, 13, 15.5], "texture": "#0"},
				"east": {"uv": [12, 11.5, 13, 15.5], "texture": "#0"},
				"south": {"uv": [12, 11.5, 13, 15.5], "texture": "#0"},
				"west": {"uv": [12, 11.5, 13, 15.5], "texture": "#0"},
				"up": {"uv": [12, 11.5, 13, 12.5], "texture": "#0"},
				"down": {"uv": [12, 14.5, 13, 15.5], "texture": "#0"}
			}
		}
	],
	"display": {
		"thirdperson_righthand": {
			"rotation": [54.25, 0, 0],
			"translation": [0, 2, 1.5],
			"scale": [0.5, 0.5, 0.5]
		},
		"thirdperson_lefthand": {
			"rotation": [54.25, 0, 0],
			"translation": [0, 2, 1.5],
			"scale": [0.5, 0.5, 0.5]
		},
		"firstperson_righthand": {
			"rotation": [180, 51.5, 180],
			"translation": [-0.75, 9.5, 0],
			"scale": [0.5, 0.5, 0.5]
		},
		"firstperson_lefthand": {
			"rotation": [180, 51.5, 180],
			"translation": [-0.75, 9.5, 0],
			"scale": [0.5, 0.5, 0.5]
		},
		"ground": {
			"rotation": [70.75, 0, 0],
			"translation": [0, 3, 6.5]
		},
		"gui": {
			"rotation": [-141.69, 38.52, 160.05],
			"translation": [-1, 0.25, 0],
			"scale": [0.5, 0.5, 0.5]
		},
		"head": {
			"rotation": [70.75, 0, 0],
			"translation": [0, 11.75, 6.5]
		},
		"fixed": {
			"translation": [0, 3.25, -7.5]
		}
	},
	"groups": [
		{
			"name": "kepala",
			"origin": [0, 0, 0],
			"color": 0,
			"children": [0, 1, 2]
		},
		{
			"name": "telinga",
			"origin": [14, -4, -4],
			"color": 0,
			"children": [3, 4, 5, 6]
		},
		{
			"name": "group",
			"origin": [4, -5, 11],
			"color": 0,
			"children": [7, 8, 9, 10, 11]
		}
	]
}