{
	"credit": "num",
	"texture_size": [32, 32],
	"textures": {
		"0": "./boobs",
		"particle": "./boobs"
	},
	"elements": [
		{
			"from": [0, 0, 0],
			"to": [16, 8, 8],
			"faces": {
				"north": {"uv": [0, 0, 8, 4], "texture": "#0"},
				"east": {"uv": [8, 7, 11, 11], "texture": "#0"},
				"south": {"uv": [8, 7, 11, 11], "texture": "#0"},
				"west": {"uv": [8, 7, 11, 11], "texture": "#0"},
				"up": {"uv": [8, 11, 0, 7], "texture": "#0"},
				"down": {"uv": [11, 7, 8, 11], "texture": "#0"}
			}
		}
	],
	"display": {
		"thirdperson_righthand": {
			"rotation": [-28.5, 0, 0],
			"translation": [0, 1.75, 0.25],
			"scale": [0.51563, 0.38867, 0.45313]
		},
		"thirdperson_lefthand": {
			"rotation": [-28.5, 0, 0],
			"translation": [0, 3, -1],
			"scale": [0.63477, 0.42773, 0.48438]
		},
		"firstperson_righthand": {
			"translation": [0, -2.5, 0]
		},
		"firstperson_lefthand": {
			"translation": [0, -3.5, 0]
		},
		"ground": {
			"rotation": [-38.5, 0, 0],
			"translation": [0, 8.75, 5]
		},
		"gui": {
			"rotation": [-92.73, 33.54, 155.27],
			"translation": [0.75, 2.75, 0],
			"scale": [0.65, 0.65, 0.65]
		},
		"head": {
			"rotation": [-28.5, 0, 0],
			"translation": [0, -7.25, -2.25],
			"scale": [0.84766, 1, 1]
		},
		"fixed": {
			"rotation": [-49.25, 0, 0],
			"translation": [0, 3.5, 2.75]
		}
	}
}