{
	"credit": "Made with Blockbench",
	"textures": {
		"0": "./idung",
		"1": "./telinga",
		"particle": "./idung"
	},
	"elements": [
		{
			"from": [4, 0, 6],
			"to": [12, 4, 10],
			"rotation": {"angle": 0, "axis": "y", "origin": [8, 2, 8]},
			"faces": {
				"north": {"uv": [0, 0, 4, 2], "texture": "#0"},
				"east": {"uv": [0, 6, 2, 8], "texture": "#0"},
				"south": {"uv": [0, 2, 4, 4], "texture": "#0"},
				"west": {"uv": [2, 6, 4, 8], "texture": "#0"},
				"up": {"uv": [4, 6, 0, 4], "texture": "#0"},
				"down": {"uv": [8, 0, 4, 2], "texture": "#0"}
			}
		},
		{
			"from": [0, 6.5, 12],
			"to": [6, 12.5, 14],
			"rotation": {"angle": -45, "axis": "z", "origin": [6, 13.5, 13]},
			"faces": {
				"north": {"uv": [0, 0, 6, 6], "rotation": 90, "texture": "#1"},
				"east": {"uv": [14, 2, 8, 4], "rotation": 270, "texture": "#1"},
				"south": {"uv": [0, 6, 6, 12], "rotation": 270, "texture": "#1"},
				"west": {"uv": [14, 2, 8, 0], "rotation": 270, "texture": "#1"},
				"up": {"uv": [6, 0, 8, 6], "rotation": 270, "texture": "#1"},
				"down": {"uv": [6, 6, 8, 12], "rotation": 270, "texture": "#1"}
			}
		},
		{
			"from": [8.5, 4, 12],
			"to": [14.5, 10, 14],
			"rotation": {"angle": 45, "axis": "z", "origin": [6, 13.5, 13]},
			"faces": {
				"north": {"uv": [0, 6, 6, 0], "rotation": 90, "texture": "#1"},
				"east": {"uv": [14, 0, 8, 2], "rotation": 270, "texture": "#1"},
				"south": {"uv": [0, 12, 6, 6], "rotation": 270, "texture": "#1"},
				"west": {"uv": [14, 4, 8, 2], "rotation": 270, "texture": "#1"},
				"up": {"uv": [6, 6, 8, 0], "rotation": 270, "texture": "#1"},
				"down": {"uv": [6, 12, 8, 6], "rotation": 270, "texture": "#1"}
			}
		}
	],
	"display": {
		"thirdperson_righthand": {
			"rotation": [0, 180, 0],
			"translation": [0, 3.75, 2],
			"scale": [0.4, 0.4, 0.4]
		},
		"thirdperson_lefthand": {
			"rotation": [0, 180, 0],
			"translation": [0, 3.75, 2],
			"scale": [0.4, 0.4, 0.4]
		},
		"firstperson_righthand": {
			"rotation": [-8, 133, 0],
			"translation": [0, 5, -1.25],
			"scale": [0.4, 0.4, 0.4]
		},
		"firstperson_lefthand": {
			"rotation": [-8, 133, 0],
			"translation": [0, 5, -1.25],
			"scale": [0.4, 0.4, 0.4]
		},
		"gui": {
			"rotation": [35, 119, 0],
			"translation": [-1.25, -1.25, 0],
			"scale": [0.7, 0.7, 0.7]
		},
		"head": {
			"translation": [0, 0.75, -6.5]
		}
	}
}