{
	"credit": "EnumXyZB",
	"texture_size": [32, 32],
	"textures": {
		"0": "./main"
	},
	"elements": [
		{
			"from": [5, 8, 3],
			"to": [11, 9, 4],
			"faces": {
				"north": {"uv": [5, 4.5, 8, 5], "texture": "#0"},
				"east": {"uv": [10, 10, 10.5, 10.5], "texture": "#0"},
				"south": {"uv": [5, 5, 8, 5.5], "texture": "#0"},
				"west": {"uv": [0, 10.5, 0.5, 11], "texture": "#0"},
				"up": {"uv": [8.5, 3, 5.5, 2.5], "texture": "#0"},
				"down": {"uv": [8.5, 3, 5.5, 3.5], "texture": "#0"}
			}
		},
		{
			"from": [5, 0, 3],
			"to": [11, 1, 4],
			"faces": {
				"north": {"uv": [5.5, 3.5, 8.5, 4], "texture": "#0"},
				"east": {"uv": [0.5, 10.5, 1, 11], "texture": "#0"},
				"south": {"uv": [5, 5.5, 8, 6], "texture": "#0"},
				"west": {"uv": [10.5, 0.5, 11, 1], "texture": "#0"},
				"up": {"uv": [4, 6.5, 1, 6], "texture": "#0"},
				"down": {"uv": [7, 6, 4, 6.5], "texture": "#0"}
			}
		},
		{
			"from": [10, 1, 3],
			"to": [11, 2, 4],
			"faces": {
				"north": {"uv": [1, 10.5, 1.5, 11], "texture": "#0"},
				"east": {"uv": [10.5, 1, 11, 1.5], "texture": "#0"},
				"south": {"uv": [1.5, 10.5, 2, 11], "texture": "#0"},
				"west": {"uv": [2, 10.5, 2.5, 11], "texture": "#0"},
				"up": {"uv": [11, 2.5, 10.5, 2], "texture": "#0"},
				"down": {"uv": [3, 10.5, 2.5, 11], "texture": "#0"}
			}
		},
		{
			"from": [5, 1, 3],
			"to": [6, 2, 4],
			"faces": {
				"north": {"uv": [10.5, 2.5, 11, 3], "texture": "#0"},
				"east": {"uv": [3, 10.5, 3.5, 11], "texture": "#0"},
				"south": {"uv": [10.5, 3, 11, 3.5], "texture": "#0"},
				"west": {"uv": [3.5, 10.5, 4, 11], "texture": "#0"},
				"up": {"uv": [11, 4, 10.5, 3.5], "texture": "#0"},
				"down": {"uv": [5, 10.5, 4.5, 11], "texture": "#0"}
			}
		},
		{
			"from": [4.025, -0.3, 2.75],
			"to": [6, 1.7, 3.75],
			"rotation": {"angle": -22.5, "axis": "x", "origin": [2, 1, -0.5]},
			"faces": {
				"north": {"uv": [7, 7.5, 8, 8.5], "texture": "#0"},
				"east": {"uv": [9, 0, 9.5, 1], "texture": "#0"},
				"south": {"uv": [0, 8, 1, 9], "texture": "#0"},
				"west": {"uv": [4, 9, 4.5, 10], "texture": "#0"},
				"up": {"uv": [9.5, 4, 8.5, 3.5], "texture": "#0"},
				"down": {"uv": [5.5, 9, 4.5, 9.5], "texture": "#0"}
			}
		},
		{
			"from": [10, -0.3, 2.75],
			"to": [11.975, 1.7, 3.75],
			"rotation": {"angle": -22.5, "axis": "x", "origin": [14, 1, -0.5]},
			"faces": {
				"north": {"uv": [8, 0, 9, 1], "texture": "#0"},
				"east": {"uv": [9, 4.5, 9.5, 5.5], "texture": "#0"},
				"south": {"uv": [1, 8, 2, 9], "texture": "#0"},
				"west": {"uv": [5.5, 9, 6, 10], "texture": "#0"},
				"up": {"uv": [10, 6, 9, 5.5], "texture": "#0"},
				"down": {"uv": [7, 9, 6, 9.5], "texture": "#0"}
			}
		},
		{
			"from": [4.025, 1.7, 2.75],
			"to": [5, 2.7, 3.75],
			"rotation": {"angle": -22.5, "axis": "x", "origin": [2, 1, -0.5]},
			"faces": {
				"north": {"uv": [5, 10.5, 5.5, 11], "texture": "#0"},
				"east": {"uv": [5.5, 10.5, 6, 11], "texture": "#0"},
				"south": {"uv": [6, 10.5, 6.5, 11], "texture": "#0"},
				"west": {"uv": [6.5, 10.5, 7, 11], "texture": "#0"},
				"up": {"uv": [7.5, 11, 7, 10.5], "texture": "#0"},
				"down": {"uv": [8, 10.5, 7.5, 11], "texture": "#0"}
			}
		},
		{
			"from": [6.5, -0.35, 2.775],
			"to": [7.5, 0.65, 3.775],
			"rotation": {"angle": -22.5, "axis": "x", "origin": [2, 1, -0.5]},
			"faces": {
				"north": {"uv": [8, 10.5, 8.5, 11], "texture": "#0"},
				"east": {"uv": [8.5, 10.5, 9, 11], "texture": "#0"},
				"south": {"uv": [9, 10.5, 9.5, 11], "texture": "#0"},
				"west": {"uv": [9.5, 10.5, 10, 11], "texture": "#0"},
				"up": {"uv": [11, 10, 10.5, 9.5], "texture": "#0"},
				"down": {"uv": [10.5, 10.5, 10, 11], "texture": "#0"}
			}
		},
		{
			"from": [8.5, -0.35, 2.775],
			"to": [9.5, 0.65, 3.775],
			"rotation": {"angle": -22.5, "axis": "x", "origin": [14, 1, -0.5]},
			"faces": {
				"north": {"uv": [10.5, 10, 11, 10.5], "texture": "#0"},
				"east": {"uv": [10.5, 10.5, 11, 11], "texture": "#0"},
				"south": {"uv": [0, 11, 0.5, 11.5], "texture": "#0"},
				"west": {"uv": [11, 0, 11.5, 0.5], "texture": "#0"},
				"up": {"uv": [1, 11.5, 0.5, 11], "texture": "#0"},
				"down": {"uv": [11.5, 0.5, 11, 1], "texture": "#0"}
			}
		},
		{
			"from": [11, 1.7, 2.75],
			"to": [11.975, 2.7, 3.75],
			"rotation": {"angle": -22.5, "axis": "x", "origin": [14, 1, -0.5]},
			"faces": {
				"north": {"uv": [1, 11, 1.5, 11.5], "texture": "#0"},
				"east": {"uv": [11, 1, 11.5, 1.5], "texture": "#0"},
				"south": {"uv": [1.5, 11, 2, 11.5], "texture": "#0"},
				"west": {"uv": [11, 1.5, 11.5, 2], "texture": "#0"},
				"up": {"uv": [2.5, 11.5, 2, 11], "texture": "#0"},
				"down": {"uv": [11.5, 2, 11, 2.5], "texture": "#0"}
			}
		},
		{
			"from": [3.8, 6.8, 2.35],
			"to": [5.8, 9.8, 4.35],
			"rotation": {"angle": -22.5, "axis": "x", "origin": [4.8, 8.3, 3.35]},
			"faces": {
				"north": {"uv": [4.5, 2.5, 5.5, 4], "texture": "#0"},
				"east": {"uv": [3, 4.5, 4, 6], "texture": "#0"},
				"south": {"uv": [4, 4.5, 5, 6], "texture": "#0"},
				"west": {"uv": [0, 5, 1, 6.5], "texture": "#0"},
				"up": {"uv": [2, 6, 1, 5], "texture": "#0"},
				"down": {"uv": [3, 5, 2, 6], "texture": "#0"}
			}
		},
		{
			"from": [10.2, 6.8, 2.35],
			"to": [12.2, 9.8, 4.35],
			"rotation": {"angle": -22.5, "axis": "x", "origin": [11.2, 8.3, 3.35]},
			"faces": {
				"north": {"uv": [0, 6.5, 1, 8], "texture": "#0"},
				"east": {"uv": [1, 6.5, 2, 8], "texture": "#0"},
				"south": {"uv": [2, 6.5, 3, 8], "texture": "#0"},
				"west": {"uv": [3, 6.5, 4, 8], "texture": "#0"},
				"up": {"uv": [3, 9, 2, 8], "texture": "#0"},
				"down": {"uv": [4, 8, 3, 9], "texture": "#0"}
			}
		},
		{
			"from": [4.3, 9.4, 2.25],
			"to": [5.3, 12.4, 3.25],
			"rotation": {"angle": 0, "axis": "y", "origin": [2.8, -2.2, 3.35]},
			"faces": {
				"north": {"uv": [7, 8.5, 7.5, 10], "texture": "#0"},
				"east": {"uv": [7.5, 8.5, 8, 10], "texture": "#0"},
				"south": {"uv": [8, 8.5, 8.5, 10], "texture": "#0"},
				"west": {"uv": [8.5, 8.5, 9, 10], "texture": "#0"},
				"up": {"uv": [3, 11.5, 2.5, 11], "texture": "#0"},
				"down": {"uv": [11.5, 2.5, 11, 3], "texture": "#0"}
			}
		},
		{
			"from": [10.7, 9.4, 2.25],
			"to": [11.7, 12.4, 3.25],
			"rotation": {"angle": 0, "axis": "y", "origin": [13.2, -2.2, 3.35]},
			"faces": {
				"north": {"uv": [0, 9, 0.5, 10.5], "texture": "#0"},
				"east": {"uv": [0.5, 9, 1, 10.5], "texture": "#0"},
				"south": {"uv": [1, 9, 1.5, 10.5], "texture": "#0"},
				"west": {"uv": [1.5, 9, 2, 10.5], "texture": "#0"},
				"up": {"uv": [3.5, 11.5, 3, 11], "texture": "#0"},
				"down": {"uv": [11.5, 3, 11, 3.5], "texture": "#0"}
			}
		},
		{
			"from": [4, 1, 3],
			"to": [5, 3, 4],
			"faces": {
				"north": {"uv": [9, 8.5, 9.5, 9.5], "texture": "#0"},
				"east": {"uv": [9.5, 0, 10, 1], "texture": "#0"},
				"south": {"uv": [4.5, 9.5, 5, 10.5], "texture": "#0"},
				"west": {"uv": [9.5, 4.5, 10, 5.5], "texture": "#0"},
				"up": {"uv": [4, 11.5, 3.5, 11], "texture": "#0"},
				"down": {"uv": [11.5, 3.5, 11, 4], "texture": "#0"}
			}
		},
		{
			"from": [11, 1, 3],
			"to": [12, 3, 4],
			"faces": {
				"north": {"uv": [5, 9.5, 5.5, 10.5], "texture": "#0"},
				"east": {"uv": [6, 9.5, 6.5, 10.5], "texture": "#0"},
				"south": {"uv": [6.5, 9.5, 7, 10.5], "texture": "#0"},
				"west": {"uv": [9.5, 8.5, 10, 9.5], "texture": "#0"},
				"up": {"uv": [4.5, 11.5, 4, 11], "texture": "#0"},
				"down": {"uv": [11.5, 4, 11, 4.5], "texture": "#0"}
			}
		},
		{
			"from": [4, 6, 3],
			"to": [12, 8, 4],
			"faces": {
				"north": {"uv": [0, 0, 4, 1], "texture": "#0"},
				"east": {"uv": [9, 9.5, 9.5, 10.5], "texture": "#0"},
				"south": {"uv": [0, 1, 4, 2], "texture": "#0"},
				"west": {"uv": [9.5, 9.5, 10, 10.5], "texture": "#0"},
				"up": {"uv": [4, 4.5, 0, 4], "texture": "#0"},
				"down": {"uv": [8, 0, 4, 0.5], "texture": "#0"}
			}
		},
		{
			"from": [5, 5, 3],
			"to": [11, 6, 4],
			"faces": {
				"north": {"uv": [4, 6.5, 7, 7], "texture": "#0"},
				"east": {"uv": [4.5, 11, 5, 11.5], "texture": "#0"},
				"south": {"uv": [7, 1.5, 10, 2], "texture": "#0"},
				"west": {"uv": [11, 4.5, 11.5, 5], "texture": "#0"},
				"up": {"uv": [7, 7.5, 4, 7], "texture": "#0"},
				"down": {"uv": [10, 4, 7, 4.5], "texture": "#0"}
			}
		},
		{
			"from": [7, 4, 3],
			"to": [9, 5, 4],
			"faces": {
				"north": {"uv": [9, 6, 10, 6.5], "texture": "#0"},
				"east": {"uv": [5, 11, 5.5, 11.5], "texture": "#0"},
				"south": {"uv": [9.5, 2, 10.5, 2.5], "texture": "#0"},
				"west": {"uv": [11, 5, 11.5, 5.5], "texture": "#0"},
				"up": {"uv": [10.5, 4, 9.5, 3.5], "texture": "#0"},
				"down": {"uv": [11, 0, 10, 0.5], "texture": "#0"}
			}
		},
		{
			"from": [7, 2.90552, 2.58482],
			"to": [9, 4.90552, 3.58482],
			"rotation": {"angle": 22.5, "axis": "x", "origin": [8, 3.90552, 3.05982]},
			"faces": {
				"north": {"uv": [8, 4.5, 9, 5.5], "texture": "#0"},
				"east": {"uv": [10, 0.5, 10.5, 1.5], "texture": "#0"},
				"south": {"uv": [8, 5.5, 9, 6.5], "texture": "#0"},
				"west": {"uv": [4, 10, 4.5, 11], "texture": "#0"},
				"up": {"uv": [11, 2, 10, 1.5], "texture": "#0"},
				"down": {"uv": [11, 4, 10, 4.5], "texture": "#0"}
			}
		},
		{
			"from": [5, 3, 3],
			"to": [11, 4, 4],
			"faces": {
				"north": {"uv": [4, 1.5, 7, 2], "texture": "#0"},
				"east": {"uv": [5.5, 10, 6, 10.5], "texture": "#0"},
				"south": {"uv": [4, 4, 7, 4.5], "texture": "#0"},
				"west": {"uv": [10, 9.5, 10.5, 10], "texture": "#0"},
				"up": {"uv": [3, 5, 0, 4.5], "texture": "#0"},
				"down": {"uv": [7.5, 2, 4.5, 2.5], "texture": "#0"}
			}
		},
		{
			"from": [6, 2, 3],
			"to": [10, 3, 4],
			"faces": {
				"north": {"uv": [7.5, 2, 9.5, 2.5], "texture": "#0"},
				"east": {"uv": [5.5, 11, 6, 11.5], "texture": "#0"},
				"south": {"uv": [8, 1, 10, 1.5], "texture": "#0"},
				"west": {"uv": [11, 5.5, 11.5, 6], "texture": "#0"},
				"up": {"uv": [10, 7, 8, 6.5], "texture": "#0"},
				"down": {"uv": [10, 7, 8, 7.5], "texture": "#0"}
			}
		},
		{
			"from": [6, 1, 3.05],
			"to": [10, 2, 4],
			"faces": {
				"north": {"uv": [8, 7.5, 10, 8], "texture": "#0"},
				"east": {"uv": [6, 11, 6.5, 11.5], "texture": "#0"},
				"south": {"uv": [8, 8, 10, 8.5], "texture": "#0"},
				"west": {"uv": [11, 6, 11.5, 6.5], "texture": "#0"},
				"up": {"uv": [10.5, 3, 8.5, 2.5], "texture": "#0"},
				"down": {"uv": [10.5, 3, 8.5, 3.5], "texture": "#0"}
			}
		},
		{
			"from": [9, 4, 3.05],
			"to": [11, 5, 4],
			"faces": {
				"north": {"uv": [10, 4.5, 11, 5], "texture": "#0"},
				"east": {"uv": [6.5, 11, 7, 11.5], "texture": "#0"},
				"south": {"uv": [10, 5, 11, 5.5], "texture": "#0"},
				"west": {"uv": [11, 6.5, 11.5, 7], "texture": "#0"},
				"up": {"uv": [11, 6, 10, 5.5], "texture": "#0"},
				"down": {"uv": [11, 6, 10, 6.5], "texture": "#0"}
			}
		},
		{
			"from": [5, 4, 3.05],
			"to": [7, 5, 4],
			"faces": {
				"north": {"uv": [10, 6.5, 11, 7], "texture": "#0"},
				"east": {"uv": [7, 11, 7.5, 11.5], "texture": "#0"},
				"south": {"uv": [7, 10, 8, 10.5], "texture": "#0"},
				"west": {"uv": [11, 7, 11.5, 7.5], "texture": "#0"},
				"up": {"uv": [11, 7.5, 10, 7], "texture": "#0"},
				"down": {"uv": [11, 7.5, 10, 8], "texture": "#0"}
			}
		},
		{
			"from": [5, 2, 3.05],
			"to": [6, 3, 4],
			"faces": {
				"north": {"uv": [9, 11, 9.5, 11.5], "texture": "#0"},
				"east": {"uv": [11, 9, 11.5, 9.5], "texture": "#0"},
				"south": {"uv": [9.5, 11, 10, 11.5], "texture": "#0"},
				"west": {"uv": [11, 9.5, 11.5, 10], "texture": "#0"},
				"up": {"uv": [10.5, 11.5, 10, 11], "texture": "#0"},
				"down": {"uv": [11.5, 10, 11, 10.5], "texture": "#0"}
			}
		},
		{
			"from": [10, 2, 3.05],
			"to": [11, 3, 4],
			"faces": {
				"north": {"uv": [10.5, 11, 11, 11.5], "texture": "#0"},
				"east": {"uv": [11, 10.5, 11.5, 11], "texture": "#0"},
				"south": {"uv": [11, 11, 11.5, 11.5], "texture": "#0"},
				"west": {"uv": [0, 11.5, 0.5, 12], "texture": "#0"},
				"up": {"uv": [12, 0.5, 11.5, 0], "texture": "#0"},
				"down": {"uv": [1, 11.5, 0.5, 12], "texture": "#0"}
			}
		},
		{
			"from": [11, 3, 3],
			"to": [13, 6, 4],
			"faces": {
				"north": {"uv": [7, 6, 8, 7.5], "texture": "#0"},
				"east": {"uv": [2, 9, 2.5, 10.5], "texture": "#0"},
				"south": {"uv": [4, 7.5, 5, 9], "texture": "#0"},
				"west": {"uv": [2.5, 9, 3, 10.5], "texture": "#0"},
				"up": {"uv": [9, 10.5, 8, 10], "texture": "#0"},
				"down": {"uv": [11, 8, 10, 8.5], "texture": "#0"}
			}
		},
		{
			"from": [3, 3, 3],
			"to": [5, 6, 4],
			"faces": {
				"north": {"uv": [5, 7.5, 6, 9], "texture": "#0"},
				"east": {"uv": [3, 9, 3.5, 10.5], "texture": "#0"},
				"south": {"uv": [6, 7.5, 7, 9], "texture": "#0"},
				"west": {"uv": [3.5, 9, 4, 10.5], "texture": "#0"},
				"up": {"uv": [11, 9, 10, 8.5], "texture": "#0"},
				"down": {"uv": [11, 9, 10, 9.5], "texture": "#0"}
			}
		},
		{
			"from": [3.9, 4, 4],
			"to": [3.9, 5, 12.1],
			"faces": {
				"north": {"uv": [0, 0, 0, 0.5], "texture": "#0"},
				"east": {"uv": [0, 2, 4.5, 2.5], "texture": "#0"},
				"south": {"uv": [0, 0, 0, 0.5], "texture": "#0"},
				"west": {"uv": [0, 2.5, 4.5, 3], "texture": "#0"},
				"up": {"uv": [0, 4.5, 0, 0], "texture": "#0"},
				"down": {"uv": [0, 0, 0, 4.5], "texture": "#0"}
			}
		},
		{
			"from": [3.9, 4, 12.1],
			"to": [12.1, 5, 12.1],
			"rotation": {"angle": 0, "axis": "y", "origin": [3.9, 4.5, 7.55]},
			"faces": {
				"north": {"uv": [4, 0.5, 8, 1], "texture": "#0"},
				"east": {"uv": [0, 0, 0, 0.5], "texture": "#0"},
				"south": {"uv": [4, 1, 8, 1.5], "texture": "#0"},
				"west": {"uv": [0, 0, 0, 0.5], "texture": "#0"},
				"up": {"uv": [4, 0, 0, 0], "texture": "#0"},
				"down": {"uv": [4, 0, 0, 0], "texture": "#0"}
			}
		},
		{
			"from": [12.1, 4, 4],
			"to": [12.1, 5, 12.1],
			"rotation": {"angle": 0, "axis": "y", "origin": [16, 0, 0]},
			"faces": {
				"north": {"uv": [0, 0, 0, 0.5], "texture": "#0"},
				"east": {"uv": [0, 3, 4.5, 3.5], "texture": "#0"},
				"south": {"uv": [0, 0, 0, 0.5], "texture": "#0"},
				"west": {"uv": [0, 3.5, 4.5, 4], "texture": "#0"},
				"up": {"uv": [0, 4.5, 0, 0], "texture": "#0"},
				"down": {"uv": [0, 0, 0, 4.5], "texture": "#0"}
			}
		}
	],
	"display": {
		"thirdperson_righthand": {
			"rotation": [90, 0, 0],
			"translation": [0, -2.45, 4.75],
			"scale": [0.7, 0.7, 0.7]
		},
		"thirdperson_lefthand": {
			"rotation": [90, 0, 0],
			"translation": [0, -2.45, 4.75],
			"scale": [0.7, 0.7, 0.7]
		},
		"firstperson_righthand": {
			"rotation": [0, 105, 0],
			"translation": [1.75, 6.5, 0.25],
			"scale": [0.7, 0.7, 0.7]
		},
		"firstperson_lefthand": {
			"rotation": [0, 105, 0],
			"translation": [1.75, 6.5, 0.25],
			"scale": [0.7, 0.7, 0.7]
		},
		"ground": {
			"translation": [0, 4, 0]
		},
		"gui": {
			"rotation": [0, 180, 0],
			"translation": [0, 2, 0],
			"scale": [1.1, 1.1, 1.1]
		},
		"head": {
			"translation": [0, 6.25, 0],
			"scale": [1.80859, 1.80859, 1.80859]
		},
		"fixed": {
			"translation": [0, 2.75, 7],
			"scale": [1.5, 1.5, 1.5]
		}
	},
	"groups": [
		{
			"name": "group",
			"origin": [0, 0, 0],
			"color": 0,
			"children": [0, 1, 2, 3, 4, 5, 6, 7, 8, 9, 10, 11, 12, 13, 14, 15, 16, 17, 18, 19, 20, 21, 22, 23, 24, 25, 26, 27, 28, 29, 30, 31]
		}
	]
}