{
	"credit": "Made with Blockbench",
	"texture_size": [64, 64],
	"textures": {
		"0": "./main",
		"particle": "./main"
	},
	"elements": [
		{
			"from": [3.75, 4.25, 11.5],
			"to": [12.25, 5.25, 12],
			"rotation": {"angle": 0, "axis": "y", "origin": [3, 4, 2]},
			"faces": {
				"north": {"uv": [4.75, 5.75, 6.875, 6], "texture": "#0"},
				"east": {"uv": [4.75, 5.75, 6.875, 6], "texture": "#0"},
				"south": {"uv": [4.75, 5.75, 6.875, 6], "texture": "#0"},
				"west": {"uv": [4.75, 5.75, 6.875, 6], "texture": "#0"},
				"up": {"uv": [4.75, 5.75, 6.875, 6], "texture": "#0"},
				"down": {"uv": [4.75, 5.75, 6.875, 6], "texture": "#0"}
			}
		},
		{
			"from": [12.25, 4.25, 9],
			"to": [12.75, 5.25, 12],
			"rotation": {"angle": 0, "axis": "y", "origin": [3, 4, 2]},
			"faces": {
				"north": {"uv": [0, 6.25, 0.75, 6.5], "texture": "#0"},
				"east": {"uv": [0, 6.25, 0.75, 6.5], "texture": "#0"},
				"south": {"uv": [0, 6.25, 0.75, 6.5], "texture": "#0"},
				"west": {"uv": [0, 6.25, 0.75, 6.5], "texture": "#0"},
				"up": {"uv": [0, 6.25, 0.75, 6.5], "texture": "#0"},
				"down": {"uv": [0, 6.25, 0.75, 6.5], "texture": "#0"}
			}
		},
		{
			"from": [3.25, 4.25, 9],
			"to": [3.75, 5.25, 12],
			"rotation": {"angle": 0, "axis": "y", "origin": [3, 4, 2]},
			"faces": {
				"north": {"uv": [3.75, 7.5, 4.5, 7.75], "texture": "#0"},
				"east": {"uv": [3.75, 7.5, 4.5, 7.75], "texture": "#0"},
				"south": {"uv": [3.75, 7.5, 4.5, 7.75], "texture": "#0"},
				"west": {"uv": [3.75, 7.5, 4.5, 7.75], "texture": "#0"},
				"up": {"uv": [3.75, 7.5, 4.5, 7.75], "texture": "#0"},
				"down": {"uv": [3.75, 7.5, 4.5, 7.75], "texture": "#0"}
			}
		},
		{
			"from": [11.999, -1, 6.92893],
			"to": [12.999, 0.4, 9.92893],
			"rotation": {"angle": -45, "axis": "x", "origin": [13, 4, 1.92893]},
			"faces": {
				"north": {"uv": [7.75, 6.75, 7, 7.125], "texture": "#0"},
				"east": {"uv": [7.75, 6.75, 7, 7.125], "texture": "#0"},
				"south": {"uv": [7.75, 6.75, 7, 7.125], "texture": "#0"},
				"west": {"uv": [7.75, 6.75, 7, 7.125], "texture": "#0"},
				"up": {"uv": [7.75, 6.75, 7, 7.125], "texture": "#0"},
				"down": {"uv": [7.75, 6.75, 7, 7.125], "texture": "#0"}
			}
		},
		{
			"from": [3.725, 15.01116, 2.005],
			"to": [5.125, 16.01116, 11.995],
			"rotation": {"angle": -45, "axis": "z", "origin": [3.01621, 4.00616, 1.995]},
			"faces": {
				"north": {"uv": [8, 2.75, 8.375, 3], "texture": "#0"},
				"east": {"uv": [5.5, 4, 8, 4.25], "texture": "#0"},
				"south": {"uv": [8, 3, 8.375, 3.25], "texture": "#0"},
				"west": {"uv": [5.5, 4.25, 8, 4.5], "texture": "#0"},
				"up": {"uv": [4, 2.125, 6.5, 1.8125], "rotation": 90, "texture": "#0"},
				"down": {"uv": [4, 2.125, 6.5, 1.8125], "rotation": 270, "texture": "#0"}
			}
		},
		{
			"from": [3.001, -1, 6.92893],
			"to": [4.001, 0.4, 9.92893],
			"rotation": {"angle": -45, "axis": "x", "origin": [3, 4, 1.92893]},
			"faces": {
				"north": {"uv": [7, 6.75, 7.75, 7.125], "texture": "#0"},
				"east": {"uv": [7, 6.75, 7.75, 7.125], "texture": "#0"},
				"south": {"uv": [7, 6.75, 7.75, 7.125], "texture": "#0"},
				"west": {"uv": [7, 6.75, 7.75, 7.125], "texture": "#0"},
				"up": {"uv": [7, 6.75, 7.75, 7.125], "texture": "#0"},
				"down": {"uv": [7, 6.75, 7.75, 7.125], "texture": "#0"}
			}
		},
		{
			"from": [5, 2, 2],
			"to": [11, 4, 3],
			"rotation": {"angle": 0, "axis": "y", "origin": [3, 4, 2]},
			"faces": {
				"north": {"uv": [5.25, 3.5, 6.75, 4], "texture": "#0"},
				"east": {"uv": [7.5, 6, 7.75, 6.5], "texture": "#0"},
				"south": {"uv": [6.75, 3.5, 5.25, 4], "texture": "#0"},
				"west": {"uv": [7.75, 4.5, 8, 5], "texture": "#0"},
				"up": {"uv": [1.5, 6, 0, 5.75], "texture": "#0"},
				"down": {"uv": [1.5, 6.0625, 0, 6.25], "texture": "#0"}
			}
		},
		{
			"from": [7, 5, 2],
			"to": [9, 8, 3],
			"rotation": {"angle": 0, "axis": "y", "origin": [3, 4, 2]},
			"faces": {
				"north": {"uv": [6.5, 6.75, 7, 7.5], "texture": "#0"},
				"east": {"uv": [6.5, 6.75, 7, 7.5], "texture": "#0"},
				"south": {"uv": [6.5, 6.75, 7, 7.5], "texture": "#0"},
				"west": {"uv": [6.5, 6.75, 7, 7.5], "texture": "#0"},
				"up": {"uv": [6.5, 6.75, 7, 7.5], "texture": "#0"},
				"down": {"uv": [6.5, 6.75, 7, 7.5], "texture": "#0"}
			}
		},
		{
			"from": [4.23463, 1.84776, 2.01],
			"to": [5.23463, 4.09776, 3.01],
			"rotation": {"angle": 22.5, "axis": "z", "origin": [4.23463, 3.84776, 2]},
			"faces": {
				"north": {"uv": [3.25, 7.8125, 3.5, 8.3125], "texture": "#0"},
				"east": {"uv": [3.25, 7.8125, 3.5, 8.3125], "texture": "#0"},
				"south": {"uv": [3.25, 7.8125, 3.5, 8.3125], "texture": "#0"},
				"west": {"uv": [3.25, 7.8125, 3.5, 8.3125], "texture": "#0"},
				"up": {"uv": [3.25, 7.8125, 3.5, 8.3125], "texture": "#0"},
				"down": {"uv": [3.25, 7.8125, 3.5, 8.3125], "texture": "#0"}
			}
		},
		{
			"from": [10.03494, 5.17565, 2.01],
			"to": [11.03494, 7.42565, 3.01],
			"rotation": {"angle": -22.5, "axis": "z", "origin": [3.03494, 3.67565, 2]},
			"faces": {
				"north": {"uv": [3.5, 7.75, 3.75, 8.3125], "texture": "#0"},
				"east": {"uv": [3.5, 7.75, 3.75, 8.3125], "texture": "#0"},
				"south": {"uv": [3.5, 7.75, 3.75, 8.3125], "texture": "#0"},
				"west": {"uv": [3.5, 7.75, 3.75, 8.3125], "texture": "#0"},
				"up": {"uv": [3.5, 7.75, 3.75, 8.3125], "texture": "#0"},
				"down": {"uv": [3.5, 7.75, 3.75, 8.3125], "texture": "#0"}
			}
		},
		{
			"from": [4, 10, 2],
			"to": [12, 11, 3],
			"rotation": {"angle": 0, "axis": "y", "origin": [3, 4, 2]},
			"faces": {
				"north": {"uv": [6, 0, 8, 0.25], "texture": "#0"},
				"east": {"uv": [8, 6.75, 8.25, 7], "texture": "#0"},
				"south": {"uv": [6, 0, 8, 0.25], "texture": "#0"},
				"west": {"uv": [8, 7, 8.25, 7.25], "texture": "#0"},
				"up": {"uv": [8, 0.75, 6, 0.5], "texture": "#0"},
				"down": {"uv": [8, 0.75, 6, 1], "texture": "#0"}
			}
		},
		{
			"from": [4, 11, 3],
			"to": [12, 12, 12],
			"rotation": {"angle": 0, "axis": "y", "origin": [3, 4, 2]},
			"faces": {
				"north": {"uv": [6, 1, 8, 1.25], "texture": "#0"},
				"east": {"uv": [5.5, 4.5, 7.75, 4.75], "texture": "#0"},
				"south": {"uv": [6, 2.25, 8, 2.5], "texture": "#0"},
				"west": {"uv": [5.5, 4.75, 7.75, 5], "texture": "#0"},
				"up": {"uv": [2, 5.75, 0, 3.5], "texture": "#0"},
				"down": {"uv": [2, 3.5, 0, 5.75], "texture": "#0"}
			}
		},
		{
			"from": [12, 6, 9],
			"to": [13, 11, 12],
			"rotation": {"angle": 0, "axis": "y", "origin": [3, 4, 2]},
			"faces": {
				"north": {"uv": [0.5, 7, 0.75, 8.25], "texture": "#0"},
				"east": {"uv": [3.25, 5.25, 2.5, 6.5], "texture": "#0"},
				"south": {"uv": [0.75, 7, 1, 8.25], "texture": "#0"},
				"west": {"uv": [3.25, 5.25, 2.5, 6.5], "texture": "#0"},
				"up": {"uv": [6.75, 8.25, 6.5, 7.5], "texture": "#0"},
				"down": {"uv": [7.5, 7.5, 7.25, 8.25], "texture": "#0"}
			}
		},
		{
			"from": [4, 9, 2],
			"to": [12, 10, 3],
			"rotation": {"angle": 0, "axis": "y", "origin": [3, 4, 2]},
			"faces": {
				"north": {"uv": [6, 2.5, 8, 2.75], "texture": "#0"},
				"east": {"uv": [8, 7.25, 8.25, 7.5], "texture": "#0"},
				"south": {"uv": [6, 2.5, 8, 2.75], "texture": "#0"},
				"west": {"uv": [8, 7.5, 8.25, 7.75], "texture": "#0"},
				"up": {"uv": [8, 3.25, 6, 3], "texture": "#0"},
				"down": {"uv": [8, 3.25, 6, 3.5], "texture": "#0"}
			}
		},
		{
			"from": [4, 11, 2],
			"to": [12, 12, 3],
			"rotation": {"angle": 0, "axis": "y", "origin": [3, 4, 2]},
			"faces": {
				"north": {"uv": [4.75, 6, 6.75, 6.25], "texture": "#0"},
				"east": {"uv": [8, 7.75, 8.25, 8], "texture": "#0"},
				"south": {"uv": [7.5625, 8.0625, 9.5625, 8.3125], "texture": "#0"},
				"west": {"uv": [8, 8, 8.25, 8.25], "texture": "#0"},
				"up": {"uv": [8.25, 5.5, 6.25, 5.3125], "texture": "#0"},
				"down": {"uv": [8.25, 5.5, 6.25, 5.75], "texture": "#0"}
			}
		},
		{
			"from": [4, 8, 2],
			"to": [12, 9, 3],
			"rotation": {"angle": 0, "axis": "y", "origin": [3, 4, 2]},
			"faces": {
				"north": {"uv": [0, 6.5, 2, 6.75], "texture": "#0"},
				"east": {"uv": [8.25, 0, 8.5, 0.25], "texture": "#0"},
				"south": {"uv": [0, 6.5, 2, 6.75], "texture": "#0"},
				"west": {"uv": [8.25, 0.25, 8.5, 0.5], "texture": "#0"},
				"up": {"uv": [8.5, 1.75, 6.5, 1.5], "texture": "#0"},
				"down": {"uv": [8.5, 1.875, 6.5, 2], "texture": "#0"}
			}
		},
		{
			"from": [4, 4, 2],
			"to": [12, 5, 3],
			"rotation": {"angle": 0, "axis": "y", "origin": [3, 4, 2]},
			"faces": {
				"north": {"uv": [6.5, 2, 8.5, 2.25], "texture": "#0"},
				"east": {"uv": [6.5, 2, 8.5, 2.25], "texture": "#0"},
				"south": {"uv": [8.5, 2, 6.5, 2.25], "texture": "#0"},
				"west": {"uv": [6.5, 2, 8.5, 2.25], "texture": "#0"},
				"up": {"uv": [6.5, 1.25, 8.5, 1.5], "texture": "#0"},
				"down": {"uv": [6.5, 2, 8.5, 2.25], "texture": "#0"}
			}
		},
		{
			"from": [12, 4, 2],
			"to": [13, 11, 9],
			"rotation": {"angle": 0, "axis": "y", "origin": [3, 4, 2]},
			"faces": {
				"north": {"uv": [3.25, 6.5, 3, 8.25], "texture": "#0"},
				"east": {"uv": [1.75, 4, 0, 5.75], "texture": "#0"},
				"south": {"uv": [2.25, 6.5, 2.5, 8.25], "texture": "#0"},
				"west": {"uv": [1.75, 4, 0, 5.75], "texture": "#0"},
				"up": {"uv": [2.75, 8.25, 2.5, 6.5], "texture": "#0"},
				"down": {"uv": [6.25, 6.75, 6.5, 8.5], "texture": "#0"}
			}
		},
		{
			"from": [3, 4, 2],
			"to": [4, 11, 9],
			"rotation": {"angle": 0, "axis": "y", "origin": [3, 4, 2]},
			"faces": {
				"north": {"uv": [3, 6.5, 3.25, 8.25], "texture": "#0"},
				"east": {"uv": [1.75, 4, 0, 5.75], "texture": "#0"},
				"south": {"uv": [5.75, 6.75, 6, 8.5], "texture": "#0"},
				"west": {"uv": [0, 4, 1.75, 5.75], "texture": "#0"},
				"up": {"uv": [6.25, 8.5, 6, 6.75], "texture": "#0"},
				"down": {"uv": [6.5, 6.75, 6.25, 8.5], "texture": "#0"}
			}
		},
		{
			"from": [3, 6, 9],
			"to": [4, 11, 12],
			"rotation": {"angle": 0, "axis": "y", "origin": [3, 4, 2]},
			"faces": {
				"north": {"uv": [1, 7, 1.25, 8.25], "texture": "#0"},
				"east": {"uv": [3.25, 5.25, 2.5, 6.5], "texture": "#0"},
				"south": {"uv": [1.25, 7, 1.5, 8.25], "texture": "#0"},
				"west": {"uv": [2.5, 5.25, 3.25, 6.5], "texture": "#0"},
				"up": {"uv": [7.25, 8.25, 7, 7.5], "texture": "#0"},
				"down": {"uv": [7.5, 7.5, 7.25, 8.25], "texture": "#0"}
			}
		},
		{
			"from": [4, 6, 11],
			"to": [12, 11, 12],
			"rotation": {"angle": 0, "axis": "y", "origin": [3, 4, 2]},
			"faces": {
				"north": {"uv": [0, 4, 2, 5.25], "texture": "#0"},
				"east": {"uv": [1.5, 7, 1.75, 8.25], "texture": "#0"},
				"south": {"uv": [0, 4, 2, 5.25], "texture": "#0"},
				"west": {"uv": [1.75, 7, 2, 8.25], "texture": "#0"},
				"up": {"uv": [8.75, 3.75, 6.75, 3.5], "texture": "#0"},
				"down": {"uv": [5.75, 6.8125, 3.75, 7], "texture": "#0"}
			}
		},
		{
			"from": [4, 5, 2.5],
			"to": [7, 8, 2.5],
			"faces": {
				"north": {"uv": [0, 16, 0.75, 15.25], "texture": "#0"},
				"east": {"uv": [0, 16, 0.75, 15.25], "texture": "#0"},
				"south": {"uv": [0, 16, 0.75, 15.25], "texture": "#0"},
				"west": {"uv": [0, 16, 0.75, 15.25], "texture": "#0"},
				"up": {"uv": [0, 16, 0.75, 15.25], "texture": "#0"},
				"down": {"uv": [0, 16, 0.75, 15.25], "texture": "#0"}
			}
		},
		{
			"from": [9, 5, 2.5],
			"to": [12, 8, 2.5],
			"faces": {
				"north": {"uv": [0, 15.25, 0.75, 16], "texture": "#0"},
				"east": {"uv": [0, 15.25, 0.75, 16], "texture": "#0"},
				"south": {"uv": [0, 15.25, 0.75, 16], "texture": "#0"},
				"west": {"uv": [0, 15.25, 0.75, 16], "texture": "#0"},
				"up": {"uv": [0, 15.25, 0.75, 16], "texture": "#0"},
				"down": {"uv": [0, 15.25, 0.75, 16], "texture": "#0"}
			}
		},
		{
			"from": [10.875, 15.01116, 2.005],
			"to": [12.275, 16.01116, 11.995],
			"rotation": {"angle": 45, "axis": "z", "origin": [12.98379, 4.00616, 1.995]},
			"faces": {
				"north": {"uv": [8.375, 2.75, 8, 3], "texture": "#0"},
				"east": {"uv": [8, 4.25, 5.5, 4.5], "texture": "#0"},
				"south": {"uv": [8.375, 3, 8, 3.25], "texture": "#0"},
				"west": {"uv": [9.75, 5.125, 7.25, 5.375], "texture": "#0"},
				"up": {"uv": [4, 1.8125, 6.5, 2.125], "rotation": 90, "texture": "#0"},
				"down": {"uv": [4, 1.8125, 6.5, 2.125], "rotation": 270, "texture": "#0"}
			}
		}
	],
	"display": {
		"thirdperson_righthand": {
			"translation": [0, 2.25, 3.25],
			"scale": [0.5, 0.5, 0.5]
		},
		"thirdperson_lefthand": {
			"translation": [0, 2.25, 3.25],
			"scale": [0.5, 0.5, 0.5]
		},
		"firstperson_righthand": {
			"rotation": [0, 149, 0],
			"translation": [4, 5.75, -8]
		},
		"firstperson_lefthand": {
			"rotation": [0, 149, 0],
			"translation": [4, 5.75, -8]
		},
		"ground": {
			"translation": [0, 3.25, 0]
		},
		"gui": {
			"rotation": [-154.82, 47.29, 179.22],
			"translation": [0.75, 0.75, 0],
			"scale": [0.85, 0.85, 0.85]
		},
		"head": {
			"translation": [0, 0.75, 1.25],
			"scale": [1.5, 1.5, 1.5]
		},
		"fixed": {
			"translation": [0, 0, -2.75]
		}
	},
	"groups": [
		{
			"name": "all",
			"origin": [8, 8, 8],
			"color": 0,
			"children": [0, 1, 2, 3, 4, 5, 6, 7, 8, 9, 10, 11, 12, 13, 14, 15, 16, 17, 18, 19, 20, 21, 22, 23]
		}
	]
}