{
	"credit": "Enum",
	"textures": {
		"0": "./shadow_mask",
		"particle": "./shadow_mask"
	},
	"elements": [
		{
			"from": [9, 4, 3],
			"to": [11, 8, 4],
			"faces": {
				"north": {"uv": [0, 0, 2, 4], "texture": "#0"},
				"east": {"uv": [5, 8, 6, 12], "texture": "#0"},
				"south": {"uv": [2, 0, 4, 4], "texture": "#0"},
				"west": {"uv": [6, 8, 7, 12], "texture": "#0"},
				"up": {"uv": [9, 13, 7, 12], "texture": "#0"},
				"down": {"uv": [14, 7, 12, 8], "texture": "#0"}
			}
		},
		{
			"from": [8, 4, 3],
			"to": [9, 7, 4],
			"faces": {
				"north": {"uv": [4, 12, 5, 15], "texture": "#0"},
				"east": {"uv": [12, 4, 13, 7], "texture": "#0"},
				"south": {"uv": [5, 12, 6, 15], "texture": "#0"},
				"west": {"uv": [6, 12, 7, 15], "texture": "#0"},
				"up": {"uv": [4, 15, 3, 14], "texture": "#0"},
				"down": {"uv": [15, 5, 14, 6], "texture": "#0"}
			}
		},
		{
			"from": [7, 4, 3],
			"to": [8, 8, 4],
			"faces": {
				"north": {"uv": [7, 8, 8, 12], "texture": "#0"},
				"east": {"uv": [8, 8, 9, 12], "texture": "#0"},
				"south": {"uv": [9, 8, 10, 12], "texture": "#0"},
				"west": {"uv": [0, 10, 1, 14], "texture": "#0"},
				"up": {"uv": [15, 7, 14, 6], "texture": "#0"},
				"down": {"uv": [8, 14, 7, 15], "texture": "#0"}
			}
		},
		{
			"from": [7, 8.5, -0.3],
			"to": [8, 10.5, 0.7],
			"rotation": {"angle": 22.5, "axis": "x", "origin": [0, 0, 0]},
			"faces": {
				"north": {"uv": [12, 8, 13, 10], "texture": "#0"},
				"east": {"uv": [9, 12, 10, 14], "texture": "#0"},
				"south": {"uv": [10, 12, 11, 14], "texture": "#0"},
				"west": {"uv": [12, 10, 13, 12], "texture": "#0"},
				"up": {"uv": [15, 8, 14, 7], "texture": "#0"},
				"down": {"uv": [9, 14, 8, 15], "texture": "#0"}
			}
		},
		{
			"from": [6, 8.5, -0.3],
			"to": [7, 9.5, 0.7],
			"rotation": {"angle": 22.5, "axis": "x", "origin": [0, 0, 0]},
			"faces": {
				"north": {"uv": [9, 14, 10, 15], "texture": "#0"},
				"east": {"uv": [14, 9, 15, 10], "texture": "#0"},
				"south": {"uv": [10, 14, 11, 15], "texture": "#0"},
				"west": {"uv": [14, 10, 15, 11], "texture": "#0"},
				"up": {"uv": [15, 12, 14, 11], "texture": "#0"},
				"down": {"uv": [15, 12, 14, 13], "texture": "#0"}
			}
		},
		{
			"from": [9, 8.5, -0.3],
			"to": [11, 9.5, 0.7],
			"rotation": {"angle": 22.5, "axis": "x", "origin": [0, 0, 0]},
			"faces": {
				"north": {"uv": [11, 12, 13, 13], "texture": "#0"},
				"east": {"uv": [14, 13, 15, 14], "texture": "#0"},
				"south": {"uv": [13, 0, 15, 1], "texture": "#0"},
				"west": {"uv": [14, 14, 15, 15], "texture": "#0"},
				"up": {"uv": [15, 2, 13, 1], "texture": "#0"},
				"down": {"uv": [15, 2, 13, 3], "texture": "#0"}
			}
		},
		{
			"from": [9, 2, 3.5],
			"to": [11, 4, 4],
			"faces": {
				"north": {"uv": [1, 10, 3, 12], "texture": "#0"},
				"east": {"uv": [13, 3, 14, 5], "texture": "#0"},
				"south": {"uv": [10, 6, 12, 8], "texture": "#0"},
				"west": {"uv": [13, 5, 14, 7], "texture": "#0"},
				"up": {"uv": [9, 14, 7, 13], "texture": "#0"},
				"down": {"uv": [15, 8, 13, 9], "texture": "#0"}
			}
		},
		{
			"from": [7.89197, 2.93764, 3.01],
			"to": [8.89197, 4.73764, 3.99],
			"rotation": {"angle": -45, "axis": "z", "origin": [8.89197, 3.33764, 3.5]},
			"faces": {
				"north": {"uv": [13, 9, 14, 11], "texture": "#0"},
				"east": {"uv": [11, 13, 12, 15], "texture": "#0"},
				"south": {"uv": [13, 11, 14, 13], "texture": "#0"},
				"west": {"uv": [12, 13, 13, 15], "texture": "#0"},
				"up": {"uv": [16, 1, 15, 0], "texture": "#0"},
				"down": {"uv": [16, 1, 15, 2], "texture": "#0"}
			}
		},
		{
			"from": [7, 2, 3],
			"to": [9, 4, 4],
			"faces": {
				"north": {"uv": [10, 8, 12, 10], "texture": "#0"},
				"east": {"uv": [13, 13, 14, 15], "texture": "#0"},
				"south": {"uv": [10, 10, 12, 12], "texture": "#0"},
				"west": {"uv": [0, 14, 1, 16], "texture": "#0"},
				"up": {"uv": [16, 4, 14, 3], "texture": "#0"},
				"down": {"uv": [16, 4, 14, 5], "texture": "#0"}
			}
		},
		{
			"from": [11, 2, 3],
			"to": [12, 8, 4],
			"faces": {
				"north": {"uv": [0, 4, 1, 10], "texture": "#0"},
				"east": {"uv": [4, 0, 5, 6], "texture": "#0"},
				"south": {"uv": [1, 4, 2, 10], "texture": "#0"},
				"west": {"uv": [2, 4, 3, 10], "texture": "#0"},
				"up": {"uv": [16, 3, 15, 2], "texture": "#0"},
				"down": {"uv": [4, 15, 3, 16], "texture": "#0"}
			}
		},
		{
			"from": [12.2, 1, -1.8],
			"to": [13.2, 7, -0.8],
			"rotation": {"angle": -22.5, "axis": "y", "origin": [0, 0, 0]},
			"faces": {
				"north": {"uv": [3, 4, 4, 10], "texture": "#0"},
				"east": {"uv": [5, 0, 6, 6], "texture": "#0"},
				"south": {"uv": [6, 0, 7, 6], "texture": "#0"},
				"west": {"uv": [4, 6, 5, 12], "texture": "#0"},
				"up": {"uv": [5, 16, 4, 15], "texture": "#0"},
				"down": {"uv": [6, 15, 5, 16], "texture": "#0"}
			}
		},
		{
			"from": [7, 1, 3],
			"to": [12, 2, 4],
			"faces": {
				"north": {"uv": [5, 6, 10, 7], "texture": "#0"},
				"east": {"uv": [15, 5, 16, 6], "texture": "#0"},
				"south": {"uv": [7, 0, 12, 1], "texture": "#0"},
				"west": {"uv": [6, 15, 7, 16], "texture": "#0"},
				"up": {"uv": [12, 2, 7, 1], "texture": "#0"},
				"down": {"uv": [12, 2, 7, 3], "texture": "#0"}
			}
		},
		{
			"from": [7, -1.1, 3.2],
			"to": [12, -0.1, 4.2],
			"rotation": {"angle": -22.5, "axis": "x", "origin": [0, 0, 0]},
			"faces": {
				"north": {"uv": [7, 3, 12, 4], "texture": "#0"},
				"east": {"uv": [15, 6, 16, 7], "texture": "#0"},
				"south": {"uv": [7, 4, 12, 5], "texture": "#0"},
				"west": {"uv": [7, 15, 8, 16], "texture": "#0"},
				"up": {"uv": [10, 8, 5, 7], "texture": "#0"},
				"down": {"uv": [12, 5, 7, 6], "texture": "#0"}
			}
		},
		{
			"from": [6, 4, 3],
			"to": [7, 8, 4],
			"faces": {
				"north": {"uv": [3, 10, 4, 14], "texture": "#0"},
				"east": {"uv": [12, 0, 13, 4], "texture": "#0"},
				"south": {"uv": [1, 12, 2, 16], "texture": "#0"},
				"west": {"uv": [2, 12, 3, 16], "texture": "#0"},
				"up": {"uv": [16, 8, 15, 7], "texture": "#0"},
				"down": {"uv": [9, 15, 8, 16], "texture": "#0"}
			}
		}
	],
	"display": {
		"thirdperson_righthand": {
			"rotation": [90, 0, 0],
			"translation": [0, -2.45, 4.25],
			"scale": [0.7, 0.7, 0.7]
		},
		"thirdperson_lefthand": {
			"rotation": [90, 0, 0],
			"translation": [0, -2.45, 4.25],
			"scale": [0.7, 0.7, 0.7]
		},
		"firstperson_righthand": {
			"rotation": [0, 105, 0],
			"translation": [1.75, 7, 0.25],
			"scale": [0.7, 0.7, 0.7]
		},
		"firstperson_lefthand": {
			"rotation": [0, 105, 0],
			"translation": [1.75, 7, 0.25],
			"scale": [0.7, 0.7, 0.7]
		},
		"ground": {
			"translation": [0, 7.25, 0]
		},
		"gui": {
			"rotation": [0, 180, 0],
			"translation": [0, 4.5, 0],
			"scale": [1.1, 1.1, 1.1]
		},
		"head": {
			"translation": [-0.25, 5.6, -1],
			"scale": [1.69141, 1.72852, 1.57813]
		},
		"fixed": {
			"translation": [-1.25, 6.75, 7.5],
			"scale": [1.7, 1.7, 1.7]
		}
	},
	"groups": [
		{
			"name": "group",
			"origin": [0, 0, 0],
			"color": 0,
			"children": [0, 1, 2, 3, 4, 5, 6, 7, 8, 9, 10, 11, 12, 13]
		}
	]
}