{
	"credit": "Made with Blockbench",
	"textures": {
		"0": "./gagang",
		"1": "./pedang",
		"particle": "./gagang"
	},
	"elements": [
		{
			"from": [7.1, 0, 8.1],
			"to": [8.9, 5, 9.8],
			"rotation": {"angle": 0, "axis": "y", "origin": [7, 0, 8]},
			"faces": {
				"north": {"uv": [0, 0, 1.675, 5], "texture": "#0"},
				"east": {"uv": [0, 0, 1.7, 5], "texture": "#0"},
				"south": {"uv": [0, 0, 1.675, 5], "texture": "#0"},
				"west": {"uv": [0.125, 0, 1.75, 5], "texture": "#0"},
				"up": {"uv": [0, 0, 1.8, 1.7], "texture": "#0"},
				"down": {"uv": [0.2875, 2.2, 1.675, 3.1], "texture": "#0"}
			}
		},
		{
			"from": [7, 0.5, 8],
			"to": [9, 1.9, 10],
			"rotation": {"angle": 0, "axis": "y", "origin": [7, 0.5, 8]},
			"faces": {
				"north": {"uv": [7.375, 0, 9.25, 1.4], "texture": "#0"},
				"east": {"uv": [7.25, 0, 9.25, 1.4], "texture": "#0"},
				"south": {"uv": [7.25, 0, 9.25, 1.4], "texture": "#0"},
				"west": {"uv": [7.25, 0, 9.25, 1.4], "texture": "#0"},
				"up": {"uv": [0, 0, 1.75, 2], "texture": "#0"},
				"down": {"uv": [7.2625, 0, 9.25, 1.4], "texture": "#0"}
			}
		},
		{
			"from": [7, 3, 8],
			"to": [9, 11, 10],
			"rotation": {"angle": 0, "axis": "y", "origin": [7, 3, 8]},
			"faces": {
				"north": {"uv": [14, 8, 16, 16], "texture": "#0"},
				"east": {"uv": [14, 8, 16, 16], "texture": "#0"},
				"south": {"uv": [14, 8, 16, 16], "texture": "#0"},
				"west": {"uv": [14, 8, 16, 16], "texture": "#0"},
				"up": {"uv": [14.25, 8.125, 16, 10.125], "texture": "#0"},
				"down": {"uv": [0, 0, 1.75, 2], "texture": "#0"}
			}
		},
		{
			"from": [8, -4.7, 7],
			"to": [8, 0.3, 11],
			"rotation": {"angle": 0, "axis": "y", "origin": [8, -1.7, 8]},
			"faces": {
				"north": {"uv": [0, 0, 0, 5], "texture": "#0"},
				"east": {"uv": [0, 11, 4, 16], "texture": "#0"},
				"south": {"uv": [0, 0, 0, 5], "texture": "#0"},
				"west": {"uv": [0, 11, 4, 16], "texture": "#0"},
				"up": {"uv": [0, 0, 0, 4], "texture": "#0"},
				"down": {"uv": [0, 0, 0, 4], "texture": "#0"}
			}
		},
		{
			"from": [6.9, 12.67, 6.9],
			"to": [9.1, 14.77, 10.9],
			"rotation": {"angle": 22.5, "axis": "x", "origin": [7, 12.7, 6.9]},
			"faces": {
				"north": {"uv": [0, 7.125, 2.2, 9.225], "texture": "#0"},
				"east": {"uv": [0, 5, 4, 7.1], "texture": "#0"},
				"south": {"uv": [0, 7.125, 2.2, 9.225], "texture": "#0"},
				"west": {"uv": [0, 5, 4, 7.1], "texture": "#0"},
				"up": {"uv": [4, 5, 6.2, 9], "texture": "#0"},
				"down": {"uv": [4, 5, 6.2, 9], "texture": "#0"}
			}
		},
		{
			"from": [6.9, 10.4, 6.9],
			"to": [9.1, 12.5, 10.9],
			"rotation": {"angle": 22.5, "axis": "x", "origin": [7, 10.4, 6.9]},
			"faces": {
				"north": {"uv": [0, 7.125, 2.2, 9.225], "texture": "#0"},
				"east": {"uv": [0, 5, 4, 7.1], "texture": "#0"},
				"south": {"uv": [0, 7.125, 2.2, 9.225], "texture": "#0"},
				"west": {"uv": [0, 5, 4, 7.1], "texture": "#0"},
				"up": {"uv": [4, 5, 6.2, 9], "texture": "#0"},
				"down": {"uv": [4, 5, 6.2, 9], "texture": "#0"}
			}
		},
		{
			"from": [7.3, 13.1, 9.5],
			"to": [8.7, 16.1, 11.5],
			"rotation": {"angle": 22.5, "axis": "x", "origin": [6.9, 14.1, 9.5]},
			"faces": {
				"north": {"uv": [9.625, 5, 11.025, 8], "texture": "#0"},
				"east": {"uv": [7.6625, 4.9875, 9.6625, 7.9875], "texture": "#0"},
				"south": {"uv": [9.625, 5, 11.025, 8], "texture": "#0"},
				"west": {"uv": [7.625, 5, 9.625, 8], "texture": "#0"},
				"up": {"uv": [6.25, 5, 7.65, 7], "texture": "#0"},
				"down": {"uv": [6.25, 5, 7.65, 7], "texture": "#0"}
			}
		},
		{
			"from": [8, 14.2, 8.6],
			"to": [8, 20.2, 12.6],
			"rotation": {"angle": 22.5, "axis": "x", "origin": [8, 14.2, 9.6]},
			"faces": {
				"north": {"uv": [0, 0, 0, 6], "texture": "#1"},
				"east": {"uv": [0, 0, 4, 6], "texture": "#1"},
				"south": {"uv": [0, 0, 0, 6], "texture": "#1"},
				"west": {"uv": [0, 0, 4, 6], "texture": "#1"},
				"up": {"uv": [0, 0, 0, 4], "texture": "#1"},
				"down": {"uv": [0, 0, 0, 4], "texture": "#1"}
			}
		}
	],
	"display": {
		"thirdperson_righthand": {
			"translation": [0, -0.5, 0.25],
			"scale": [0.82, 0.82, 0.82]
		},
		"ground": {
			"translation": [0, 8, 0]
		},
		"gui": {
			"rotation": [-90, -39.25, -90],
			"translation": [1.75, -1.5, 0],
			"scale": [0.89, 0.89, 0.89]
		},
		"head": {
			"translation": [0, 0, -0.75]
		},
		"fixed": {
			"rotation": [57.25, 29, 27],
			"translation": [0.75, 1, -8.75],
			"scale": [1.44922, 1.43359, 1.41211]
		}
	},
	"groups": [
		{
			"name": "model",
			"origin": [8, 8, 8],
			"color": 0,
			"children": [0, 1, 2, 3, 4, 5, 6, 7]
		}
	]
}