{
	"credit": "Made with Blockbench",
	"texture_size": [8, 8],
	"textures": {
		"2": "./eyes",
		"particle": "./eyes"
	},
	"elements": [
		{
			"from": [5.4, 0, 0],
			"to": [7.4, 4, 1],
			"faces": {
				"north": {"uv": [0, 0, 4, 8], "texture": "#2"},
				"east": {"uv": [0, 8, 2, 16], "texture": "#2"},
				"south": {"uv": [4, 0, 8, 8], "texture": "#2"},
				"west": {"uv": [8, 0, 10, 8], "texture": "#2"},
				"up": {"uv": [6, 10, 2, 8], "texture": "#2"},
				"down": {"uv": [10, 8, 6, 10], "texture": "#2"}
			}
		}
	],
	"display": {
		"thirdperson_righthand": {
			"translation": [3.25, 5.75, 6.25],
			"scale": [0.7, 0.7, 0.7]
		},
		"thirdperson_lefthand": {
			"translation": [-3, 5.75, 6.25],
			"scale": [0.7, 0.7, 0.7]
		},
		"firstperson_righthand": {
			"translation": [9.25, 9.25, 1]
		},
		"firstperson_lefthand": {
			"translation": [2, 9.75, 0]
		},
		"ground": {
			"translation": [5.75, 11.75, 6.75]
		},
		"gui": {
			"rotation": [31, 138, 0],
			"translation": [1.25, 8, 0]
		},
		"head": {
			"translation": [3.75, 1.7, 1.25],
			"scale": [0.79, 0.83, 0.97]
		},
		"fixed": {
			"translation": [4.75, 6.25, 8]
		}
	}
}