{
	"credit": "Made with Blockbench",
	"texture_size": [20, 20],
	"textures": {
		"2": "./animation_3",
		"3": "./crossbow",
		"particle": "./normal/crossbow"
	},
	"elements": [
		{
			"from": [7.5, 7, 5.5],
			"to": [8.5, 9, 10.5],
			"rotation": {"angle": 0, "axis": "y", "origin": [7.5, 7, 5.5]},
			"faces": {
				"north": {"uv": [4.8, 7.2, 5.6, 8.8], "texture": "#3"},
				"east": {"uv": [0, 4.8, 4, 6.4], "texture": "#3"},
				"south": {"uv": [5.6, 7.2, 6.4, 8.8], "texture": "#3"},
				"west": {"uv": [4, 4.8, 8, 6.4], "texture": "#3"},
				"up": {"uv": [0.8, 10.4, 0, 6.4], "texture": "#3"},
				"down": {"uv": [1.6, 6.4, 0.8, 10.4], "texture": "#3"}
			}
		},
		{
			"from": [7.6, 5.2, 10.1],
			"to": [8.4, 7.2, 10.9],
			"rotation": {"angle": -22.5, "axis": "x", "origin": [8, 5.5, 10]},
			"faces": {
				"north": {"uv": [3.2, 9.6, 3.8, 11.2], "texture": "#3"},
				"east": {"uv": [4, 9.6, 4.6, 11.2], "texture": "#3"},
				"south": {"uv": [4.8, 9.6, 5.4, 11.2], "texture": "#3"},
				"west": {"uv": [9.6, 4.8, 10.2, 6.4], "texture": "#3"},
				"up": {"uv": [0.6, 11.8, 0, 11.2], "texture": "#3"},
				"down": {"uv": [11.8, 0, 11.2, 0.6], "texture": "#3"}
			}
		},
		{
			"from": [7.5, 5.06725, 9.9963],
			"to": [8.5, 5.56725, 10.9963],
			"rotation": {"angle": 0, "axis": "x", "origin": [8, 5.16725, 10.6463]},
			"faces": {
				"north": {"uv": [6.4, 11.2, 7.2, 11.6], "texture": "#3"},
				"east": {"uv": [11.2, 6.4, 12, 6.8], "texture": "#3"},
				"south": {"uv": [7.2, 11.2, 8, 11.6], "texture": "#3"},
				"west": {"uv": [11.2, 7.2, 12, 7.6], "texture": "#3"},
				"up": {"uv": [11.2, 4.8, 10.4, 4], "texture": "#3"},
				"down": {"uv": [11.2, 4.8, 10.4, 5.6], "texture": "#3"}
			}
		},
		{
			"from": [7.4875, 6.64497, 9.91221],
			"to": [8.5125, 7.64497, 14.91221],
			"rotation": {"angle": 22.5, "axis": "x", "origin": [8, 6.84497, 13.61221]},
			"faces": {
				"north": {"uv": [9.6, 9.6, 10.4, 10.4], "texture": "#3"},
				"east": {"uv": [1.6, 6.4, 5.6, 7.2], "texture": "#3"},
				"south": {"uv": [0, 10.4, 0.8, 11.2], "texture": "#3"},
				"west": {"uv": [5.6, 6.4, 9.6, 7.2], "texture": "#3"},
				"up": {"uv": [2.4, 11.2, 1.6, 7.2], "texture": "#3"},
				"down": {"uv": [3.2, 7.2, 2.4, 11.2], "texture": "#3"}
			}
		},
		{
			"from": [7.4875, 5.64497, 12.91221],
			"to": [8.5125, 6.64497, 14.91221],
			"rotation": {"angle": 22.5, "axis": "x", "origin": [8, 6.84497, 13.61221]},
			"faces": {
				"north": {"uv": [0.8, 10.4, 1.6, 11.2], "texture": "#3"},
				"east": {"uv": [8, 7.2, 9.6, 8], "texture": "#3"},
				"south": {"uv": [10.4, 3.2, 11.2, 4], "texture": "#3"},
				"west": {"uv": [8, 8, 9.6, 8.8], "texture": "#3"},
				"up": {"uv": [9.6, 1.6, 8.8, 0], "texture": "#3"},
				"down": {"uv": [9.6, 1.6, 8.8, 3.2], "texture": "#3"}
			}
		},
		{
			"from": [7.5875, 5.74497, 14.91221],
			"to": [8.4125, 7.54497, 15.21221],
			"rotation": {"angle": 22.5, "axis": "x", "origin": [8, 6.84497, 13.61221]},
			"faces": {
				"north": {"uv": [9.6, 8, 10.2, 9.4], "texture": "#3"},
				"east": {"uv": [11.2, 8.8, 11.4, 10.2], "texture": "#3"},
				"south": {"uv": [8.8, 9.6, 9.4, 11], "texture": "#3"},
				"west": {"uv": [10.4, 11.2, 10.6, 12.6], "texture": "#3"},
				"up": {"uv": [10.2, 12.2, 9.6, 12], "texture": "#3"},
				"down": {"uv": [12.6, 9.6, 12, 9.8], "texture": "#3"}
			}
		},
		{
			"from": [7.75, 7.2, 10.5],
			"to": [8.25, 8.2, 12.3],
			"rotation": {"angle": 0, "axis": "x", "origin": [7.75, 7.5, 11.65]},
			"faces": {
				"north": {"uv": [5.6, 11.2, 6, 12], "texture": "#3"},
				"east": {"uv": [9.6, 1.6, 11, 2.4], "texture": "#3"},
				"south": {"uv": [11.2, 5.6, 11.6, 6.4], "texture": "#3"},
				"west": {"uv": [9.6, 2.4, 11, 3.2], "texture": "#3"},
				"up": {"uv": [8.4, 11.8, 8, 10.4], "texture": "#3"},
				"down": {"uv": [10.8, 8, 10.4, 9.4], "texture": "#3"}
			}
		},
		{
			"from": [7, 7.975, 4],
			"to": [9, 8.975, 6],
			"rotation": {"angle": 45, "axis": "y", "origin": [8, 8, 5]},
			"faces": {
				"north": {"uv": [6.4, 7.2, 8, 8], "texture": "#3"},
				"east": {"uv": [8, 4.8, 9.6, 5.6], "texture": "#3"},
				"south": {"uv": [8, 5.6, 9.6, 6.4], "texture": "#3"},
				"west": {"uv": [6.4, 8, 8, 8.8], "texture": "#3"},
				"up": {"uv": [4.8, 8.8, 3.2, 7.2], "texture": "#3"},
				"down": {"uv": [4.8, 7.2, 3.2, 8.8], "texture": "#3"}
			}
		},
		{
			"from": [7.75, 6.0611, 8.50719],
			"to": [8.25, 6.2611, 10.00719],
			"rotation": {"angle": 0, "axis": "y", "origin": [8.05, 5.5611, 9.20719]},
			"faces": {
				"north": {"uv": [0.8, 12.8, 1.2, 13], "texture": "#3"},
				"east": {"uv": [11.2, 10.4, 12.4, 10.6], "texture": "#3"},
				"south": {"uv": [12.8, 0.8, 13.2, 1], "texture": "#3"},
				"west": {"uv": [11.2, 11.2, 12.4, 11.4], "texture": "#3"},
				"up": {"uv": [10, 11.6, 9.6, 10.4], "texture": "#3"},
				"down": {"uv": [10.8, 9.6, 10.4, 10.8], "texture": "#3"}
			}
		},
		{
			"from": [7.75, 6.04228, 8.21257],
			"to": [8.25, 7.14228, 8.41257],
			"rotation": {"angle": -22.5, "axis": "x", "origin": [8, 6.79228, 8.31257]},
			"faces": {
				"north": {"uv": [11.2, 8, 11.6, 8.8], "texture": "#3"},
				"east": {"uv": [0, 12, 0.2, 12.8], "texture": "#3"},
				"south": {"uv": [8.8, 11.2, 9.2, 12], "texture": "#3"},
				"west": {"uv": [12, 0, 12.2, 0.8], "texture": "#3"},
				"up": {"uv": [2, 13, 1.6, 12.8], "texture": "#3"},
				"down": {"uv": [13.2, 1.6, 12.8, 1.8], "texture": "#3"}
			}
		},
		{
			"from": [7.85, 6.41715, 9.19713],
			"to": [8.15, 7.11715, 9.39713],
			"rotation": {"angle": 22.5, "axis": "x", "origin": [8, 6.76715, 9.29713]},
			"faces": {
				"north": {"uv": [11.2, 12, 11.4, 12.6], "texture": "#3"},
				"east": {"uv": [12, 12, 12.2, 12.6], "texture": "#3"},
				"south": {"uv": [0, 12.8, 0.2, 13.4], "texture": "#3"},
				"west": {"uv": [12.8, 0, 13, 0.6], "texture": "#3"},
				"up": {"uv": [4.2, 13, 4, 12.8], "texture": "#3"},
				"down": {"uv": [13, 4, 12.8, 4.2], "texture": "#3"}
			}
		},
		{
			"from": [4.58579, 8.475, 3.58579],
			"to": [6.58579, 9.475, 4.58579],
			"rotation": {"angle": 45, "axis": "y", "origin": [6.58579, 8.475, 3.58579]},
			"faces": {
				"north": {"uv": [3.2, 8.8, 4.8, 9.6], "texture": "#3"},
				"east": {"uv": [5.6, 10.4, 6.4, 11.2], "texture": "#3"},
				"south": {"uv": [8.8, 3.2, 10.4, 4], "texture": "#3"},
				"west": {"uv": [10.4, 5.6, 11.2, 6.4], "texture": "#3"},
				"up": {"uv": [10.4, 4.8, 8.8, 4], "texture": "#3"},
				"down": {"uv": [6.4, 8.8, 4.8, 9.6], "texture": "#3"}
			}
		},
		{
			"from": [2.48579, 8.475, 3.58579],
			"to": [4.48579, 9.475, 4.58579],
			"rotation": {"angle": 45, "axis": "y", "origin": [4.48579, 8.475, 3.58579]},
			"faces": {
				"north": {"uv": [6.4, 8.8, 8, 9.6], "texture": "#3"},
				"east": {"uv": [6.4, 10.4, 7.2, 11.2], "texture": "#3"},
				"south": {"uv": [8, 8.8, 9.6, 9.6], "texture": "#3"},
				"west": {"uv": [7.2, 10.4, 8, 11.2], "texture": "#3"},
				"up": {"uv": [11.2, 0.8, 9.6, 0], "texture": "#3"},
				"down": {"uv": [11.2, 0.8, 9.6, 1.6], "texture": "#3"}
			}
		},
		{
			"from": [1.87123, 8.565, 3.96762],
			"to": [2.69123, 9.385, 4.78762],
			"rotation": {"angle": 45, "axis": "y", "origin": [4.23123, 8.565, 3.96762]},
			"faces": {
				"north": {"uv": [1.6, 11.2, 2.2, 11.8], "texture": "#3"},
				"south": {"uv": [11.2, 1.6, 11.8, 2.2], "texture": "#3"},
				"west": {"uv": [2.4, 11.2, 3, 11.8], "texture": "#3"},
				"up": {"uv": [11.8, 3, 11.2, 2.4], "texture": "#3"},
				"down": {"uv": [3.8, 11.2, 3.2, 11.8], "texture": "#3"}
			}
		},
		{
			"from": [2.32358, 8.6634, 5.6319],
			"to": [2.94678, 9.2866, 6.2551],
			"rotation": {"angle": -22.5, "axis": "y", "origin": [2.43518, 8.975, 6.3435]},
			"faces": {
				"east": {"uv": [0.8, 12, 1.2, 12.4], "texture": "#3"},
				"south": {"uv": [12, 0.8, 12.4, 1.2], "texture": "#3"},
				"west": {"uv": [1.6, 12, 2, 12.4], "texture": "#3"},
				"up": {"uv": [12.4, 2, 12, 1.6], "texture": "#3"},
				"down": {"uv": [2.8, 12, 2.4, 12.4], "texture": "#3"}
			}
		},
		{
			"from": [2.38483, 8.71949, 6.21886],
			"to": [2.89585, 9.23051, 6.72988],
			"rotation": {"angle": 0, "axis": "y", "origin": [2.39034, 8.975, 6.97437]},
			"faces": {
				"east": {"uv": [12, 2.4, 12.4, 2.8], "texture": "#3"},
				"south": {"uv": [3.2, 12, 3.6, 12.4], "texture": "#3"},
				"west": {"uv": [12, 3.2, 12.4, 3.6], "texture": "#3"},
				"up": {"uv": [4.4, 12.4, 4, 12], "texture": "#3"},
				"down": {"uv": [12.4, 4, 12, 4.4], "texture": "#3"}
			}
		},
		{
			"from": [5.20118, 8.555, 3.30553],
			"to": [6.02118, 9.375, 4.12553],
			"rotation": {"angle": 45, "axis": "y", "origin": [5.72999, 8.965, 3.2418]},
			"faces": {
				"north": {"uv": [11.2, 3.2, 11.8, 3.8], "texture": "#3"},
				"east": {"uv": [4, 11.2, 4.6, 11.8], "texture": "#3"},
				"west": {"uv": [11.2, 4, 11.8, 4.6], "texture": "#3"},
				"up": {"uv": [5.4, 11.8, 4.8, 11.2], "texture": "#3"},
				"down": {"uv": [11.8, 4.8, 11.2, 5.4], "texture": "#3"}
			}
		},
		{
			"from": [5.30723, 8.6534, 2.88946],
			"to": [5.93043, 9.2766, 3.51266],
			"rotation": {"angle": 22.5, "axis": "y", "origin": [5.72999, 8.965, 3.2418]},
			"faces": {
				"north": {"uv": [12, 7.2, 12.4, 7.6], "texture": "#3"},
				"east": {"uv": [8, 12, 8.4, 12.4], "texture": "#3"},
				"west": {"uv": [12, 8, 12.4, 8.4], "texture": "#3"},
				"up": {"uv": [9.2, 12.4, 8.8, 12], "texture": "#3"},
				"down": {"uv": [12.4, 8.8, 12, 9.2], "texture": "#3"}
			}
		},
		{
			"from": [5.22351, 8.70949, 2.5673],
			"to": [5.73453, 9.22051, 3.07833],
			"rotation": {"angle": 0, "axis": "y", "origin": [5.72999, 8.965, 3.2418]},
			"faces": {
				"north": {"uv": [5.6, 12, 6, 12.4], "texture": "#3"},
				"east": {"uv": [12, 5.6, 12.4, 6], "texture": "#3"},
				"west": {"uv": [6.4, 12, 6.8, 12.4], "texture": "#3"},
				"up": {"uv": [12.4, 6.8, 12, 6.4], "texture": "#3"},
				"down": {"uv": [7.6, 12, 7.2, 12.4], "texture": "#3"}
			}
		},
		{
			"from": [4.03223, 8.575, 4.24645],
			"to": [6.03223, 9.375, 5.04645],
			"rotation": {"angle": 0, "axis": "y", "origin": [5.03223, 8.975, 4.64645]},
			"faces": {
				"north": {"uv": [5.6, 9.6, 7.2, 10.2], "texture": "#3"},
				"east": {"uv": [0.8, 11.2, 1.4, 11.8], "texture": "#3"},
				"south": {"uv": [9.6, 6.4, 11.2, 7], "texture": "#3"},
				"west": {"uv": [11.2, 0.8, 11.8, 1.4], "texture": "#3"},
				"up": {"uv": [8.8, 10.2, 7.2, 9.6], "texture": "#3"},
				"down": {"uv": [11.2, 7.2, 9.6, 7.8], "texture": "#3"}
			}
		},
		{
			"from": [9.41421, 8.475, 3.58579],
			"to": [11.41421, 9.475, 4.58579],
			"rotation": {"angle": -45, "axis": "y", "origin": [9.41421, 8.475, 3.58579]},
			"faces": {
				"north": {"uv": [4.8, 8.8, 3.2, 9.6], "texture": "#3"},
				"east": {"uv": [11.2, 5.6, 10.4, 6.4], "texture": "#3"},
				"south": {"uv": [10.4, 3.2, 8.8, 4], "texture": "#3"},
				"west": {"uv": [6.4, 10.4, 5.6, 11.2], "texture": "#3"},
				"up": {"uv": [8.8, 4.8, 10.4, 4], "texture": "#3"},
				"down": {"uv": [4.8, 8.8, 6.4, 9.6], "texture": "#3"}
			}
		},
		{
			"from": [9.96777, 8.575, 4.24645],
			"to": [11.96777, 9.375, 5.04645],
			"rotation": {"angle": 0, "axis": "y", "origin": [10.96777, 8.975, 4.64645]},
			"faces": {
				"north": {"uv": [7.2, 9.6, 5.6, 10.2], "texture": "#3"},
				"east": {"uv": [11.8, 0.8, 11.2, 1.4], "texture": "#3"},
				"south": {"uv": [11.2, 6.4, 9.6, 7], "texture": "#3"},
				"west": {"uv": [1.4, 11.2, 0.8, 11.8], "texture": "#3"},
				"up": {"uv": [7.2, 10.2, 8.8, 9.6], "texture": "#3"},
				"down": {"uv": [9.6, 7.2, 11.2, 7.8], "texture": "#3"}
			}
		},
		{
			"from": [9.97882, 8.555, 3.30553],
			"to": [10.79882, 9.375, 4.12553],
			"rotation": {"angle": -45, "axis": "y", "origin": [10.27001, 8.965, 3.2418]},
			"faces": {
				"north": {"uv": [11.8, 3.2, 11.2, 3.8], "texture": "#3"},
				"east": {"uv": [11.8, 4, 11.2, 4.6], "texture": "#3"},
				"west": {"uv": [4.6, 11.2, 4, 11.8], "texture": "#3"},
				"up": {"uv": [4.8, 11.8, 5.4, 11.2], "texture": "#3"},
				"down": {"uv": [11.2, 4.8, 11.8, 5.4], "texture": "#3"}
			}
		},
		{
			"from": [10.06957, 8.6534, 2.88946],
			"to": [10.69277, 9.2766, 3.51266],
			"rotation": {"angle": -22.5, "axis": "y", "origin": [10.27001, 8.965, 3.2418]},
			"faces": {
				"north": {"uv": [12.4, 7.2, 12, 7.6], "texture": "#3"},
				"east": {"uv": [12.4, 8, 12, 8.4], "texture": "#3"},
				"west": {"uv": [8.4, 12, 8, 12.4], "texture": "#3"},
				"up": {"uv": [8.8, 12.4, 9.2, 12], "texture": "#3"},
				"down": {"uv": [12, 8.8, 12.4, 9.2], "texture": "#3"}
			}
		},
		{
			"from": [10.26547, 8.70949, 2.5673],
			"to": [10.77649, 9.22051, 3.07833],
			"rotation": {"angle": 0, "axis": "y", "origin": [10.27001, 8.965, 3.2418]},
			"faces": {
				"north": {"uv": [6, 12, 5.6, 12.4], "texture": "#3"},
				"east": {"uv": [6.8, 12, 6.4, 12.4], "texture": "#3"},
				"west": {"uv": [12.4, 5.6, 12, 6], "texture": "#3"},
				"up": {"uv": [12, 6.8, 12.4, 6.4], "texture": "#3"},
				"down": {"uv": [7.2, 12, 7.6, 12.4], "texture": "#3"}
			}
		},
		{
			"from": [11.51421, 8.475, 3.58579],
			"to": [13.51421, 9.475, 4.58579],
			"rotation": {"angle": -45, "axis": "y", "origin": [11.51421, 8.475, 3.58579]},
			"faces": {
				"north": {"uv": [8, 8.8, 6.4, 9.6], "texture": "#3"},
				"east": {"uv": [8, 10.4, 7.2, 11.2], "texture": "#3"},
				"south": {"uv": [9.6, 8.8, 8, 9.6], "texture": "#3"},
				"west": {"uv": [7.2, 10.4, 6.4, 11.2], "texture": "#3"},
				"up": {"uv": [9.6, 0.8, 11.2, 0], "texture": "#3"},
				"down": {"uv": [9.6, 0.8, 11.2, 1.6], "texture": "#3"}
			}
		},
		{
			"from": [13.30877, 8.565, 3.96762],
			"to": [14.12877, 9.385, 4.78762],
			"rotation": {"angle": -45, "axis": "y", "origin": [11.76877, 8.565, 3.96762]},
			"faces": {
				"north": {"uv": [2.2, 11.2, 1.6, 11.8], "texture": "#3"},
				"east": {"uv": [3, 11.2, 2.4, 11.8], "texture": "#3"},
				"south": {"uv": [11.8, 1.6, 11.2, 2.2], "texture": "#3"},
				"up": {"uv": [11.2, 3, 11.8, 2.4], "texture": "#3"},
				"down": {"uv": [3.2, 11.2, 3.8, 11.8], "texture": "#3"}
			}
		},
		{
			"from": [13.05322, 8.6634, 5.6319],
			"to": [13.67642, 9.2866, 6.2551],
			"rotation": {"angle": 22.5, "axis": "y", "origin": [13.56482, 8.975, 6.3435]},
			"faces": {
				"east": {"uv": [2, 12, 1.6, 12.4], "texture": "#3"},
				"south": {"uv": [12.4, 0.8, 12, 1.2], "texture": "#3"},
				"west": {"uv": [1.2, 12, 0.8, 12.4], "texture": "#3"},
				"up": {"uv": [12, 2, 12.4, 1.6], "texture": "#3"},
				"down": {"uv": [2.4, 12, 2.8, 12.4], "texture": "#3"}
			}
		},
		{
			"from": [13.10415, 8.71949, 6.21886],
			"to": [13.61517, 9.23051, 6.72988],
			"rotation": {"angle": 0, "axis": "y", "origin": [13.60966, 8.975, 6.97437]},
			"faces": {
				"east": {"uv": [12.4, 3.2, 12, 3.6], "texture": "#3"},
				"south": {"uv": [3.6, 12, 3.2, 12.4], "texture": "#3"},
				"west": {"uv": [12.4, 2.4, 12, 2.8], "texture": "#3"},
				"up": {"uv": [4, 12.4, 4.4, 12], "texture": "#3"},
				"down": {"uv": [12, 4, 12.4, 4.4], "texture": "#3"}
			}
		},
		{
			"from": [7.78, 8.88, 10.24],
			"to": [8.22, 9.32, 10.46],
			"rotation": {"angle": -45, "axis": "z", "origin": [8, 9.1, 10.24]},
			"faces": {
				"north": {"uv": [4.8, 12, 5.2, 12.4], "texture": "#3"},
				"east": {"uv": [2.4, 12.8, 2.6, 13.2], "texture": "#3"},
				"south": {"uv": [12, 4.8, 12.4, 5.2], "texture": "#3"},
				"west": {"uv": [12.8, 2.4, 13, 2.8], "texture": "#3"},
				"up": {"uv": [3.6, 13, 3.2, 12.8], "texture": "#3"},
				"down": {"uv": [13.2, 3.2, 12.8, 3.4], "texture": "#3"}
			}
		},
		{
			"from": [2.5, 9.13051, 6.32988],
			"to": [13.5, 9.13051, 10.32988],
			"rotation": {"angle": 0, "axis": "y", "origin": [-2.60415, 10.36102, 5.05976]},
			"faces": {
				"north": {"uv": [0, 0, 8.8, 0], "texture": "#3"},
				"east": {"uv": [0, 0, 3.2, 0], "texture": "#3"},
				"south": {"uv": [0, 0, 8.8, 0], "texture": "#3"},
				"west": {"uv": [0, 0, 3.2, 0], "texture": "#3"},
				"up": {"uv": [8.8, 3.2, 0, 0], "texture": "#3"},
				"down": {"uv": [0, 0, 8.8, 3.2], "texture": "#3"}
			}
		},
		{
			"from": [8, 8.5, -2.45],
			"to": [8, 9.9, 6.55],
			"rotation": {"angle": -45, "axis": "z", "origin": [8, 9.2, 2.05]},
			"faces": {
				"north": {"uv": [0, 0, 0, 1.2], "texture": "#3"},
				"east": {"uv": [0, 4.4, 7.12, 3.2], "rotation": 180, "texture": "#3"},
				"south": {"uv": [0, 0, 0, 1.2], "texture": "#3"},
				"west": {"uv": [0, 3.2, 7.2, 4.4], "texture": "#3"},
				"up": {"uv": [0, 7.2, 0, 0], "texture": "#3"},
				"down": {"uv": [0, 0, 0, 7.2], "texture": "#3"}
			}
		},
		{
			"from": [8, 8.5, -2.45],
			"to": [8, 9.9, 6.55],
			"rotation": {"angle": 45, "axis": "z", "origin": [8, 9.2, 2.05]},
			"faces": {
				"north": {"uv": [0, 0, 0, 1.2], "texture": "#3"},
				"east": {"uv": [0, 4.4, 7.12, 3.2], "rotation": 180, "texture": "#3"},
				"south": {"uv": [0, 0, 0, 1.2], "texture": "#3"},
				"west": {"uv": [0, 3.2, 7.2, 4.4], "texture": "#3"},
				"up": {"uv": [0, 7.2, 0, 0], "texture": "#3"},
				"down": {"uv": [0, 0, 0, 7.2], "texture": "#3"}
			}
		},
		{
			"from": [5.5, 6.7, 2],
			"to": [10.5, 11.7, 2],
			"rotation": {"angle": 0, "axis": "y", "origin": [5.5, 5.5, 8]},
			"faces": {
				"north": {"uv": [0, 0, 10, 10], "texture": "#2"},
				"east": {"uv": [0, 0, 0, 4], "texture": "#2"},
				"south": {"uv": [0, 0, 10, 10], "texture": "#2"},
				"west": {"uv": [0, 0, 0, 4], "texture": "#2"},
				"up": {"uv": [4, 0, 0, 0], "texture": "#2"},
				"down": {"uv": [4, 0, 0, 0], "texture": "#2"}
			}
		}
	],
	"gui_light": "front",
	"display": {
		"thirdperson_righthand": {
			"translation": [0, 1.25, -0.75],
			"scale": [1.20117, 1.20117, 1.20117]
		},
		"thirdperson_lefthand": {
			"translation": [0, 1.25, -0.75],
			"scale": [1.20117, 1.20117, 1.20117]
		},
		"firstperson_righthand": {
			"rotation": [9, -2.39, 1.6],
			"translation": [2.75, 2.75, 2],
			"scale": [1.31055, 1.31055, 1.31055]
		},
		"firstperson_lefthand": {
			"rotation": [12.13, -2.39, 1.6],
			"translation": [7.5, 2.5, 1.75],
			"scale": [1.31055, 1.31055, 1.31055]
		},
		"ground": {
			"rotation": [-76, -96, -76],
			"translation": [0, 0.5, 0],
			"scale": [0.95117, 0.95117, 0.95117]
		},
		"gui": {
			"rotation": [46, -41, -10],
			"translation": [-0.5, 0, 0],
			"scale": [1.12969, 1.12969, 1.12969]
		},
		"head": {
			"scale": [0, 0, 0]
		},
		"fixed": {
			"rotation": [-105, 0, 0],
			"translation": [0, -0.75, -3],
			"scale": [2.79297, 2.79297, 2.79297]
		}
	}
}