{
	"credit": "EnumXyZB",
	"textures": {
		"0": "./tanduk_noya",
		"1": "./mata",
		"2": "./kuping",
		"particle": "./tanduk_noya"
	},
	"elements": [
		{
			"from": [4, 10, -9],
			"to": [6, 13, -4],
			"rotation": {"angle": 45, "axis": "x", "origin": [0, -1, 0]},
			"faces": {
				"north": {"uv": [6, 10, 8, 13], "texture": "#0"},
				"east": {"uv": [0, 0, 5, 3], "texture": "#0"},
				"south": {"uv": [8, 10, 10, 13], "texture": "#0"},
				"west": {"uv": [0, 3, 5, 6], "texture": "#0"},
				"up": {"uv": [2, 11, 0, 6], "texture": "#0"},
				"down": {"uv": [4, 6, 2, 11], "texture": "#0"}
			}
		},
		{
			"from": [10, 10, -9],
			"to": [12, 13, -4],
			"rotation": {"angle": 45, "axis": "x", "origin": [0, -1, 0]},
			"faces": {
				"north": {"uv": [10, 8, 12, 11], "texture": "#0"},
				"east": {"uv": [5, 0, 9, 3], "texture": "#0"},
				"south": {"uv": [0, 11, 2, 14], "texture": "#0"},
				"west": {"uv": [5, 3, 9, 6], "texture": "#0"},
				"up": {"uv": [6, 10, 4, 6], "texture": "#0"},
				"down": {"uv": [8, 6, 6, 10], "texture": "#0"}
			}
		},
		{
			"from": [10.3, 11, 7.1],
			"to": [11.7, 15, 9.5],
			"rotation": {"angle": -22.5, "axis": "x", "origin": [0, -1, 0]},
			"faces": {
				"north": {"uv": [11, 0, 12, 4], "texture": "#0"},
				"east": {"uv": [8, 6, 10, 10], "texture": "#0"},
				"south": {"uv": [2, 11, 3, 15], "texture": "#0"},
				"west": {"uv": [9, 0, 11, 4], "texture": "#0"},
				"up": {"uv": [10, 6, 9, 4], "texture": "#0"},
				"down": {"uv": [7, 13, 6, 15], "texture": "#0"}
			}
		},
		{
			"from": [4.3, 11, 7.1],
			"to": [5.7, 15, 9.5],
			"rotation": {"angle": -22.5, "axis": "x", "origin": [0, -1, 0]},
			"faces": {
				"north": {"uv": [3, 11, 4, 15], "texture": "#0"},
				"east": {"uv": [4, 10, 6, 14], "texture": "#0"},
				"south": {"uv": [10, 11, 11, 15], "texture": "#0"},
				"west": {"uv": [10, 4, 12, 8], "texture": "#0"},
				"up": {"uv": [14, 8, 13, 6], "texture": "#0"},
				"down": {"uv": [8, 13, 7, 15], "texture": "#0"}
			}
		},
		{
			"from": [10.5, 16.7, 1.1],
			"to": [11.5, 19.7, 2.1],
			"rotation": {"angle": 0, "axis": "y", "origin": [0, -1, 0]},
			"faces": {
				"north": {"uv": [11, 11, 12, 14], "texture": "#0"},
				"east": {"uv": [12, 0, 13, 3], "texture": "#0"},
				"south": {"uv": [12, 3, 13, 6], "texture": "#0"},
				"west": {"uv": [12, 6, 13, 9], "texture": "#0"},
				"up": {"uv": [9, 14, 8, 13], "texture": "#0"},
				"down": {"uv": [14, 8, 13, 9], "texture": "#0"}
			}
		},
		{
			"from": [4.5, 16.7, 1.1],
			"to": [5.5, 19.7, 2.1],
			"rotation": {"angle": 0, "axis": "y", "origin": [0, -1, 0]},
			"faces": {
				"north": {"uv": [12, 9, 13, 12], "texture": "#0"},
				"east": {"uv": [12, 12, 13, 15], "texture": "#0"},
				"south": {"uv": [13, 0, 14, 3], "texture": "#0"},
				"west": {"uv": [13, 3, 14, 6], "texture": "#0"},
				"up": {"uv": [10, 14, 9, 13], "texture": "#0"},
				"down": {"uv": [14, 9, 13, 10], "texture": "#0"}
			}
		},
		{
			"from": [6, 6, 4],
			"to": [7, 8, 4],
			"faces": {
				"north": {"uv": [0, 0, 1, 2], "texture": "#1"},
				"east": {"uv": [0, 0, 0, 2], "texture": "#1"},
				"south": {"uv": [1, 0, 2, 2], "texture": "#1"},
				"west": {"uv": [0, 0, 0, 2], "texture": "#1"},
				"up": {"uv": [1, 0, 0, 0], "texture": "#1"},
				"down": {"uv": [1, 0, 0, 0], "texture": "#1"}
			}
		},
		{
			"from": [9, 6, 4],
			"to": [10, 8, 4],
			"faces": {
				"north": {"uv": [0, 2, 1, 4], "texture": "#1"},
				"east": {"uv": [0, 0, 0, 2], "texture": "#1"},
				"south": {"uv": [2, 0, 3, 2], "texture": "#1"},
				"west": {"uv": [0, 0, 0, 2], "texture": "#1"},
				"up": {"uv": [1, 0, 0, 0], "texture": "#1"},
				"down": {"uv": [1, 0, 0, 0], "texture": "#1"}
			}
		},
		{
			"from": [5, 7, 2],
			"to": [6, 9, 6],
			"rotation": {"angle": -22.5, "axis": "y", "origin": [0, 0, 0]},
			"faces": {
				"north": {"uv": [2, 6, 3, 8], "texture": "#2"},
				"east": {"uv": [0, 0, 4, 2], "texture": "#2"},
				"south": {"uv": [6, 2, 7, 4], "texture": "#2"},
				"west": {"uv": [0, 2, 4, 4], "texture": "#2"},
				"up": {"uv": [5, 6, 4, 2], "texture": "#2"},
				"down": {"uv": [6, 2, 5, 6], "texture": "#2"}
			}
		},
		{
			"from": [9, 7, 3],
			"to": [10, 9, 7],
			"rotation": {"angle": 22.5, "axis": "y", "origin": [16, 0, 0]},
			"faces": {
				"north": {"uv": [3, 6, 4, 8], "texture": "#2"},
				"east": {"uv": [0, 4, 4, 6], "texture": "#2"},
				"south": {"uv": [4, 6, 5, 8], "texture": "#2"},
				"west": {"uv": [4, 0, 8, 2], "texture": "#2"},
				"up": {"uv": [1, 10, 0, 6], "texture": "#2"},
				"down": {"uv": [2, 6, 1, 10], "texture": "#2"}
			}
		}
	],
	"display": {
		"thirdperson_righthand": {
			"rotation": [87, 0, 0],
			"translation": [0, -3.25, 1.5],
			"scale": [0.83789, 0.68945, 1]
		},
		"thirdperson_lefthand": {
			"rotation": [50.29, -8.77, -1.56],
			"translation": [0, -1.25, 2.75],
			"scale": [0.74609, 0.7832, 1]
		},
		"firstperson_righthand": {
			"rotation": [-171, 63, 126],
			"translation": [0, 4.5, 0],
			"scale": [0.66, 0.73, 1]
		},
		"firstperson_lefthand": {
			"translation": [0.75, -4.25, 0],
			"scale": [0.91, 0.83, 1]
		},
		"ground": {
			"translation": [0, 1.75, 0]
		},
		"gui": {
			"rotation": [-180, 1.25, -180],
			"translation": [0, -3.5, 0],
			"scale": [1, 0.86523, 1]
		},
		"head": {
			"rotation": [0.85, -1.99, -0.25],
			"translation": [0, -1.25, -2.25],
			"scale": [1.86914, 1.61915, 1.21093]
		},
		"fixed": {
			"translation": [0, -2.75, 1.75],
			"scale": [1.53906, 1.39453, 1]
		}
	},
	"groups": [
		{
			"name": "group",
			"origin": [8, 8, 8],
			"color": 0,
			"children": [0, 1, 2, 3, 4, 5]
		},
		{
			"name": "group",
			"origin": [8, 8, 8],
			"color": 0,
			"children": [6, 7]
		},
		{
			"name": "group",
			"origin": [8, 8, 8],
			"color": 0,
			"children": [8, 9]
		}
	]
}