{
	"credit": "Made with Blockbench",
	"texture_size": [64, 64],
	"textures": {
		"particle": "./main",
		".": "./main"
	},
	"elements": [
		{
			"from": [15, 0, 6],
			"to": [23, 4, 10],
			"rotation": {"angle": 22.5, "axis": "z", "origin": [4, 0, 4]},
			"faces": {
				"north": {"uv": [1.5, 4.5, 3.5, 5.5], "texture": "#."},
				"east": {"uv": [1, 12, 0, 13], "texture": "#."},
				"south": {"uv": [7.5, 5, 5.5, 6], "texture": "#."},
				"west": {"uv": [11, 11.5, 10, 12.5], "texture": "#."},
				"up": {"uv": [5.5, 7, 7.5, 6], "texture": "#."},
				"down": {"uv": [0, 6.5, 2, 7.5], "texture": "#."}
			}
		},
		{
			"from": [15, 4, 6],
			"to": [19, 6, 10],
			"rotation": {"angle": 22.5, "axis": "z", "origin": [4, 0, 4]},
			"faces": {
				"north": {"uv": [4.5, 4, 5.5, 4.5], "texture": "#."},
				"east": {"uv": [0, 6, 1, 6.5], "texture": "#."},
				"south": {"uv": [12.5, 6, 13.5, 6.5], "texture": "#."},
				"west": {"uv": [12.5, 6.5, 13.5, 7], "texture": "#."},
				"up": {"uv": [12.5, 9, 11.5, 8], "texture": "#."},
				"down": {"uv": [12.5, 9, 11.5, 10], "texture": "#."}
			}
		},
		{
			"from": [19, 0, 10],
			"to": [23, 4, 16],
			"rotation": {"angle": 22.5, "axis": "z", "origin": [4, 0, 4]},
			"faces": {
				"north": {"uv": [10.5, 9, 11.5, 10], "texture": "#."},
				"east": {"uv": [10, 4.5, 8.5, 5.5], "texture": "#."},
				"south": {"uv": [13, 2, 12, 3], "texture": "#."},
				"west": {"uv": [10, 3.5, 8.5, 4.5], "texture": "#."},
				"up": {"uv": [8.5, 7, 9.5, 5.5], "texture": "#."},
				"down": {"uv": [10, 0, 9, 1.5], "texture": "#."}
			}
		},
		{
			"from": [20, 0, 16],
			"to": [22, 4, 20],
			"rotation": {"angle": 22.5, "axis": "z", "origin": [4, 0, 4]},
			"faces": {
				"north": {"uv": [10, 0, 10.5, 1], "texture": "#."},
				"east": {"uv": [12, 12, 11, 13], "texture": "#."},
				"south": {"uv": [9, 12.5, 9.5, 13.5], "texture": "#."},
				"west": {"uv": [13, 10, 12, 11], "texture": "#."},
				"up": {"uv": [12.5, 10, 13, 9], "texture": "#."},
				"down": {"uv": [10, 12.5, 9.5, 13.5], "texture": "#."}
			}
		},
		{
			"from": [21, 0, 16],
			"to": [21, 6, 26],
			"rotation": {"angle": 22.5, "axis": "z", "origin": [4, 0, 4]},
			"faces": {
				"north": {"uv": [0, 0, 0, 1.5], "texture": "#."},
				"east": {"uv": [5, 1.5, 2.5, 3], "texture": "#."},
				"south": {"uv": [0, 0, 0, 1.5], "texture": "#."},
				"west": {"uv": [2.5, 1.5, 5, 3], "texture": "#."},
				"up": {"uv": [0, 2.5, 0, 0], "texture": "#."},
				"down": {"uv": [0, 0, 0, 2.5], "texture": "#."}
			}
		},
		{
			"from": [15, 0, 26],
			"to": [21, 6, 26],
			"rotation": {"angle": 22.5, "axis": "z", "origin": [4, 0, 4]},
			"faces": {
				"north": {"uv": [0, 4.5, 1.5, 6], "texture": "#."},
				"east": {"uv": [0, 0, 0, 1.5], "texture": "#."},
				"south": {"uv": [1.5, 4.5, 0, 6], "texture": "#."},
				"west": {"uv": [0, 0, 0, 1.5], "texture": "#."},
				"up": {"uv": [1.5, 0, 0, 0], "texture": "#."},
				"down": {"uv": [1.5, 0, 0, 0], "texture": "#."}
			}
		},
		{
			"from": [-7, 3, 6],
			"to": [1, 7, 10],
			"rotation": {"angle": -22.5, "axis": "z", "origin": [4, 0, 4]},
			"faces": {
				"north": {"uv": [5.5, 4, 7.5, 5], "texture": "#."},
				"east": {"uv": [10, 11.5, 11, 12.5], "texture": "#."},
				"south": {"uv": [5.5, 5, 7.5, 6], "texture": "#."},
				"west": {"uv": [0, 12, 1, 13], "texture": "#."},
				"up": {"uv": [7.5, 7, 5.5, 6], "texture": "#."},
				"down": {"uv": [2, 6.5, 0, 7.5], "texture": "#."}
			}
		},
		{
			"from": [-3, 7, 6],
			"to": [1, 9, 10],
			"rotation": {"angle": -22.5, "axis": "z", "origin": [4, 0, 4]},
			"faces": {
				"north": {"uv": [7, 12.5, 8, 13], "texture": "#."},
				"east": {"uv": [13.5, 6.5, 12.5, 7], "texture": "#."},
				"south": {"uv": [12.5, 7.5, 13.5, 8], "texture": "#."},
				"west": {"uv": [0, 6, 1, 6.5], "texture": "#."},
				"up": {"uv": [11.5, 9, 12.5, 8], "texture": "#."},
				"down": {"uv": [2, 12, 1, 13], "texture": "#."}
			}
		},
		{
			"from": [-7, 3, 10],
			"to": [-3, 7, 16],
			"rotation": {"angle": -22.5, "axis": "z", "origin": [4, 0, 4]},
			"faces": {
				"north": {"uv": [12, 1, 13, 2], "texture": "#."},
				"east": {"uv": [8.5, 3.5, 10, 4.5], "texture": "#."},
				"south": {"uv": [12, 2, 13, 3], "texture": "#."},
				"west": {"uv": [8.5, 4.5, 10, 5.5], "texture": "#."},
				"up": {"uv": [9.5, 7, 8.5, 5.5], "texture": "#."},
				"down": {"uv": [10, 0, 9, 1.5], "texture": "#."}
			}
		},
		{
			"from": [-6, 3, 16],
			"to": [-4, 7, 20],
			"rotation": {"angle": -22.5, "axis": "z", "origin": [4, 0, 4]},
			"faces": {
				"north": {"uv": [11.75, 14.5, 12.25, 15.5], "texture": "#."},
				"east": {"uv": [12, 10, 13, 11], "texture": "#."},
				"south": {"uv": [9, 12.5, 9.5, 13.5], "texture": "#."},
				"west": {"uv": [11, 12, 12, 13], "texture": "#."},
				"up": {"uv": [13, 10, 12.5, 9], "texture": "#."},
				"down": {"uv": [10, 12.5, 9.5, 13.5], "texture": "#."}
			}
		},
		{
			"from": [-5, 3, 16],
			"to": [-5, 9, 26],
			"rotation": {"angle": -22.5, "axis": "z", "origin": [4, 0, 4]},
			"faces": {
				"north": {"uv": [0, 0, 0, 1.5], "texture": "#."},
				"east": {"uv": [2.5, 0, 5, 1.5], "texture": "#."},
				"south": {"uv": [0, 0, 0, 1.5], "texture": "#."},
				"west": {"uv": [2.5, 1.5, 5, 3], "texture": "#."},
				"up": {"uv": [0, 2.5, 0, 0], "texture": "#."},
				"down": {"uv": [0, 0, 0, 2.5], "texture": "#."}
			}
		},
		{
			"from": [-5, 3, 26],
			"to": [1, 9, 26],
			"rotation": {"angle": -22.5, "axis": "z", "origin": [4, 0, 4]},
			"faces": {
				"north": {"uv": [3, 3, 4.5, 4.5], "texture": "#."},
				"east": {"uv": [0, 0, 0, 1.5], "texture": "#."},
				"south": {"uv": [0, 4.5, 1.5, 6], "texture": "#."},
				"west": {"uv": [0, 0, 0, 1.5], "texture": "#."},
				"up": {"uv": [1.5, 0, 0, 0], "texture": "#."},
				"down": {"uv": [1.5, 0, 0, 0], "texture": "#."}
			}
		},
		{
			"from": [-4, 5, 8],
			"to": [4, 9, 12],
			"rotation": {"angle": -22.5, "axis": "z", "origin": [-13, 10, 4]},
			"faces": {
				"north": {"uv": [2, 6.5, 4, 7.5], "texture": "#."},
				"east": {"uv": [12, 11, 13, 12], "texture": "#."},
				"south": {"uv": [6.5, 3, 8.5, 4], "texture": "#."},
				"west": {"uv": [12, 12, 13, 13], "texture": "#."},
				"up": {"uv": [9, 1, 7, 0], "texture": "#."},
				"down": {"uv": [9, 1, 7, 2], "texture": "#."}
			}
		},
		{
			"from": [-4, 5, 12],
			"to": [0, 9, 18],
			"rotation": {"angle": -22.5, "axis": "z", "origin": [-13, 10, 4]},
			"faces": {
				"north": {"uv": [3, 12.5, 4, 13.5], "texture": "#."},
				"east": {"uv": [9, 7, 10.5, 8], "texture": "#."},
				"south": {"uv": [12.5, 3, 13.5, 4], "texture": "#."},
				"west": {"uv": [7.5, 9, 9, 10], "texture": "#."},
				"up": {"uv": [10, 9.5, 9, 8], "texture": "#."},
				"down": {"uv": [10.5, 1.5, 9.5, 3], "texture": "#."}
			}
		},
		{
			"from": [-3, 5, 18],
			"to": [-1, 9, 22],
			"rotation": {"angle": -22.5, "axis": "z", "origin": [-13, 10, 4]},
			"faces": {
				"north": {"uv": [10, 12.5, 10.5, 13.5], "texture": "#."},
				"east": {"uv": [4, 12.5, 5, 13.5], "texture": "#."},
				"south": {"uv": [10.5, 12.5, 11, 13.5], "texture": "#."},
				"west": {"uv": [12.5, 4, 13.5, 5], "texture": "#."},
				"up": {"uv": [0.5, 14, 0, 13], "texture": "#."},
				"down": {"uv": [13.5, 0, 13, 1], "texture": "#."}
			}
		},
		{
			"from": [9, -11, 8],
			"to": [17, -7, 12],
			"rotation": {"angle": 22.5, "axis": "z", "origin": [-13, 10, 4]},
			"faces": {
				"north": {"uv": [4, 6.5, 2, 7.5], "texture": "#."},
				"east": {"uv": [13, 11, 12, 12], "texture": "#."},
				"south": {"uv": [8.5, 3, 6.5, 4], "texture": "#."},
				"west": {"uv": [13, 12, 12, 13], "texture": "#."},
				"up": {"uv": [7, 1, 9, 0], "texture": "#."},
				"down": {"uv": [7, 1, 9, 2], "texture": "#."}
			}
		},
		{
			"from": [13, -11, 12],
			"to": [17, -7, 18],
			"rotation": {"angle": 22.5, "axis": "z", "origin": [-13, 10, 4]},
			"faces": {
				"north": {"uv": [4, 12.5, 3, 13.5], "texture": "#."},
				"east": {"uv": [10.5, 7, 9, 8], "texture": "#."},
				"south": {"uv": [13.5, 3, 12.5, 4], "texture": "#."},
				"west": {"uv": [9, 9, 7.5, 10], "texture": "#."},
				"up": {"uv": [9, 9.5, 10, 8], "texture": "#."},
				"down": {"uv": [9.5, 1.5, 10.5, 3], "texture": "#."}
			}
		},
		{
			"from": [14, -11, 18],
			"to": [16, -7, 22],
			"rotation": {"angle": 22.5, "axis": "z", "origin": [-13, 10, 4]},
			"faces": {
				"north": {"uv": [10.5, 12.5, 10, 13.5], "texture": "#."},
				"east": {"uv": [5, 12.5, 4, 13.5], "texture": "#."},
				"south": {"uv": [11, 12.5, 10.5, 13.5], "texture": "#."},
				"west": {"uv": [13.5, 4, 12.5, 5], "texture": "#."},
				"up": {"uv": [0.5, 14, 0, 13], "texture": "#."},
				"down": {"uv": [13.5, 0, 13, 1], "texture": "#."}
			}
		}
	],
	"display": {
		"thirdperson_righthand": {
			"translation": [-0.25, 3, 1.75],
			"scale": [0.3, 0.3, 0.3]
		},
		"thirdperson_lefthand": {
			"translation": [0.5, 3, 1.75],
			"scale": [0.3, 0.3, 0.3]
		},
		"firstperson_righthand": {
			"translation": [-3.75, 5.5, 1.75],
			"scale": [0.3, 0.3, 0.3]
		},
		"firstperson_lefthand": {
			"translation": [-2, 5.5, 1.75],
			"scale": [0.3, 0.3, 0.3]
		},
		"ground": {
			"translation": [0.75, 5.5, 1.75],
			"scale": [0.3, 0.3, 0.3]
		},
		"gui": {
			"rotation": [-141.07, 47.29, 179.22],
			"translation": [-2.25, -1.75, 0],
			"scale": [0.48, 0.48, 0.48]
		},
		"head": {
			"translation": [-0.25, 4.25, -2.5]
		},
		"fixed": {
			"translation": [0, 0, -17.5]
		}
	},
	"groups": [
		{
			"name": "group",
			"origin": [0, 0, 0],
			"color": 0,
			"children": [0, 1, 2, 3, 4, 5]
		},
		{
			"name": "group",
			"origin": [0, 0, 0],
			"color": 0,
			"children": [
				6,
				7,
				8,
				9,
				10,
				11,
				{
					"name": "group",
					"origin": [0, 0, 0],
					"color": 0,
					"children": [12, 13, 14]
				},
				{
					"name": "group",
					"origin": [0, 0, 0],
					"color": 0,
					"children": [15, 16, 17]
				}
			]
		}
	]
}