{
	"credit": "Made with Blockbench",
	"texture_size": [32, 32],
	"textures": {
		"0": "./weapon",
		"1": "./animasi_kotak",
		"2": "./animasi_atas",
		"particle": "./weapon_e"
	},
	"elements": [
		{
			"from": [8, 14.19239, 15.19239],
			"to": [10, 18.19239, 19.19239],
			"rotation": {"angle": -45, "axis": "x", "origin": [8, 7, 8]},
			"faces": {
				"north": {"uv": [4.625, 6.5, 3.625, 7], "rotation": 90, "texture": "#0"},
				"east": {"uv": [4.625, 7, 3.625, 8], "texture": "#0"},
				"south": {"uv": [3.625, 6.5, 4.625, 6], "rotation": 90, "texture": "#0"},
				"west": {"uv": [4.625, 8, 3.625, 7], "rotation": 180, "texture": "#0"},
				"up": {"uv": [4.625, 7, 3.625, 6.5], "rotation": 90, "texture": "#0"},
				"down": {"uv": [4.625, 6, 3.625, 6.5], "rotation": 270, "texture": "#0"}
			}
		},
		{
			"from": [6, 14.19239, 15.19239],
			"to": [8, 18.19239, 19.19239],
			"rotation": {"angle": -45, "axis": "x", "origin": [8, 7, 8]},
			"faces": {
				"north": {"uv": [4.625, 7, 3.625, 6.5], "rotation": 90, "texture": "#0"},
				"east": {"uv": [3.625, 8, 4.625, 7], "rotation": 180, "texture": "#0"},
				"south": {"uv": [3.625, 6, 4.625, 6.5], "rotation": 90, "texture": "#0"},
				"west": {"uv": [3.625, 7, 4.625, 8], "texture": "#0"},
				"up": {"uv": [4.625, 6.5, 3.625, 7], "rotation": 90, "texture": "#0"},
				"down": {"uv": [4.625, 6.5, 3.625, 6], "rotation": 270, "texture": "#0"}
			}
		},
		{
			"from": [8, 13.21371, -3.17107],
			"to": [10, 14.21371, -1.17107],
			"rotation": {"angle": 45, "axis": "x", "origin": [8, 7, 8]},
			"faces": {
				"north": {"uv": [4.5, 3.5625, 4.75, 4], "rotation": 270, "texture": "#0"},
				"east": {"uv": [4.75, 3.75, 5.25, 4], "texture": "#0"},
				"south": {"uv": [4.5, 3.5625, 4.75, 4], "rotation": 90, "texture": "#0"},
				"west": {"uv": [4.75, 4, 5.25, 3.75], "rotation": 180, "texture": "#0"},
				"up": {"uv": [4.625, 3.4375, 5.125, 3], "rotation": 90, "texture": "#0"},
				"down": {"uv": [4.625, 3, 5.125, 3.4375], "rotation": 270, "texture": "#0"}
			}
		},
		{
			"from": [8, 13.21371, -4.17107],
			"to": [10, 16.21371, -3.17107],
			"rotation": {"angle": 45, "axis": "x", "origin": [8, 7, 8]},
			"faces": {
				"north": {"uv": [7.5, 1.625, 8, 2.375], "rotation": 180, "texture": "#0"},
				"east": {"uv": [7.25, 6.125, 8, 6.375], "rotation": 90, "texture": "#0"},
				"south": {"uv": [7.5, 2.375, 8, 3.125], "texture": "#0"},
				"west": {"uv": [7.25, 6.125, 8, 6.375], "rotation": 90, "texture": "#0"},
				"up": {"uv": [6.5, 5.625, 6, 5.875], "rotation": 180, "texture": "#0"},
				"down": {"uv": [5.75, 5, 5.25, 5.25], "texture": "#0"}
			}
		},
		{
			"from": [6, 13.21371, -4.17107],
			"to": [8, 16.21371, -3.17107],
			"rotation": {"angle": 45, "axis": "x", "origin": [8, 7, 8]},
			"faces": {
				"north": {"uv": [8, 1.625, 7.5, 2.375], "rotation": 180, "texture": "#0"},
				"east": {"uv": [7.25, 6.375, 8, 6.125], "rotation": 90, "texture": "#0"},
				"south": {"uv": [8, 2.375, 7.5, 3.125], "texture": "#0"},
				"west": {"uv": [7.25, 6.375, 8, 6.125], "rotation": 90, "texture": "#0"},
				"up": {"uv": [6.5, 5.625, 6, 5.875], "rotation": 180, "texture": "#0"},
				"down": {"uv": [5.75, 5, 5.25, 5.25], "texture": "#0"}
			}
		},
		{
			"from": [6, 13.21371, -3.17107],
			"to": [8, 14.21371, -1.17107],
			"rotation": {"angle": 45, "axis": "x", "origin": [8, 7, 8]},
			"faces": {
				"north": {"uv": [4.5, 4, 4.75, 3.5625], "rotation": 270, "texture": "#0"},
				"east": {"uv": [5.25, 4, 4.75, 3.75], "rotation": 180, "texture": "#0"},
				"south": {"uv": [4.5, 4, 4.75, 3.5625], "rotation": 90, "texture": "#0"},
				"west": {"uv": [5.25, 3.75, 4.75, 4], "texture": "#0"},
				"up": {"uv": [4.625, 3, 5.125, 3.4375], "rotation": 90, "texture": "#0"},
				"down": {"uv": [4.625, 3.4375, 5.125, 3], "rotation": 270, "texture": "#0"}
			}
		},
		{
			"from": [6.25, 14, 4],
			"to": [9.75, 20, 6],
			"rotation": {"angle": 0, "axis": "y", "origin": [8, 7, 8]},
			"faces": {
				"north": {"uv": [7.5, 1.625, 6.625, 3.125], "rotation": 180, "texture": "#0"},
				"east": {"uv": [6.625, 2.75, 6.125, 1.25], "rotation": 180, "texture": "#0"},
				"south": {"uv": [7.5, 1.625, 6.625, 3.125], "rotation": 180, "texture": "#0"},
				"west": {"uv": [6.625, 1.25, 6.125, 2.75], "texture": "#0"},
				"up": {"uv": [6.625, 0.75, 7.125, 1.625], "rotation": 90, "texture": "#0"},
				"down": {"uv": [6.625, 1.625, 7.125, 0.75], "rotation": 270, "texture": "#0"}
			}
		},
		{
			"from": [6.25, 14, 6],
			"to": [9.75, 20, 10],
			"rotation": {"angle": 0, "axis": "y", "origin": [8, 7, 8]},
			"faces": {
				"north": {"uv": [5.5, 0.625, 4.5, 2.125], "texture": "#0"},
				"east": {"uv": [5.5, 2.125, 4.5, 0.625], "rotation": 180, "texture": "#0"},
				"south": {"uv": [5.5, 0.625, 4.5, 2.125], "texture": "#0"},
				"west": {"uv": [5.5, 0.625, 4.5, 2.125], "texture": "#0"},
				"up": {"uv": [5.75, 3.625, 6.75, 4.5], "rotation": 90, "texture": "#0"},
				"down": {"uv": [5.75, 4.5, 6.75, 3.625], "rotation": 270, "texture": "#0"}
			}
		},
		{
			"from": [7, 2, 7],
			"to": [9, 8, 9],
			"rotation": {"angle": 0, "axis": "y", "origin": [8, 7, 8]},
			"faces": {
				"north": {"uv": [5.125, 6.5, 4.625, 8], "texture": "#0"},
				"east": {"uv": [5.625, 8, 5.125, 6.5], "rotation": 180, "texture": "#0"},
				"south": {"uv": [5.125, 6.5, 4.625, 8], "texture": "#0"},
				"west": {"uv": [5.625, 6.5, 5.125, 8], "texture": "#0"},
				"up": {"uv": [4.5, 0, 5, 0.5], "rotation": 90, "texture": "#0"},
				"down": {"uv": [4.5, 0.5, 5, 0], "rotation": 270, "texture": "#0"}
			}
		},
		{
			"from": [7, -10, 7],
			"to": [9, -4, 9],
			"rotation": {"angle": 0, "axis": "y", "origin": [8, 7, 8]},
			"faces": {
				"north": {"uv": [5.125, 6.5, 4.625, 8], "texture": "#0"},
				"east": {"uv": [5.625, 8, 5.125, 6.5], "rotation": 180, "texture": "#0"},
				"south": {"uv": [5.125, 6.5, 4.625, 8], "texture": "#0"},
				"west": {"uv": [5.625, 6.5, 5.125, 8], "texture": "#0"},
				"up": {"uv": [4.5, 0, 5, 0.5], "rotation": 90, "texture": "#0"},
				"down": {"uv": [4.5, 0.5, 5, 0], "rotation": 270, "texture": "#0"}
			}
		},
		{
			"from": [7, -4, 7],
			"to": [9, 2, 9],
			"rotation": {"angle": 0, "axis": "y", "origin": [8, 7, 8]},
			"faces": {
				"north": {"uv": [5.125, 8, 4.625, 6.5], "texture": "#0"},
				"east": {"uv": [5.625, 6.5, 5.125, 8], "rotation": 180, "texture": "#0"},
				"south": {"uv": [5.125, 8, 4.625, 6.5], "texture": "#0"},
				"west": {"uv": [5.625, 8, 5.125, 6.5], "texture": "#0"},
				"up": {"uv": [4.5, 0, 5, 0.5], "rotation": 90, "texture": "#0"},
				"down": {"uv": [4.5, 0.5, 5, 0], "rotation": 270, "texture": "#0"}
			}
		},
		{
			"from": [7, 8, 7],
			"to": [9, 14, 9],
			"rotation": {"angle": 0, "axis": "y", "origin": [8, 7, 8]},
			"faces": {
				"north": {"uv": [5.125, 8, 4.625, 6.5], "texture": "#0"},
				"east": {"uv": [5.625, 6.5, 5.125, 8], "rotation": 180, "texture": "#0"},
				"south": {"uv": [5.125, 8, 4.625, 6.5], "texture": "#0"},
				"west": {"uv": [5.625, 8, 5.125, 6.5], "texture": "#0"},
				"up": {"uv": [4.5, 0, 5, 0.5], "rotation": 90, "texture": "#0"},
				"down": {"uv": [4.5, 0.5, 5, 0], "rotation": 270, "texture": "#0"}
			}
		},
		{
			"from": [6.75, 11.99789, 6.98327],
			"to": [9.25, 14.99789, 8.98327],
			"rotation": {"angle": -22.5, "axis": "x", "origin": [8, 7, 8]},
			"faces": {
				"north": {"uv": [5.75, 5.625, 6.5, 5], "rotation": 270, "texture": "#0"},
				"east": {"uv": [6.5, 7.25, 6, 6.5], "rotation": 180, "texture": "#0"},
				"south": {"uv": [7.125, 1.625, 7.875, 1], "rotation": 90, "texture": "#0"},
				"west": {"uv": [6.5, 6.5, 6, 7.25], "texture": "#0"},
				"up": {"uv": [5.625, 0.625, 6.25, 1.125], "rotation": 180, "texture": "#0"},
				"down": {"uv": [5.625, 0.625, 6.25, 1.125], "texture": "#0"}
			}
		},
		{
			"from": [8, 13.21371, 19.17107],
			"to": [10, 16.21371, 20.17107],
			"rotation": {"angle": -45, "axis": "x", "origin": [8, 7, 8]},
			"faces": {
				"north": {"uv": [8, 2.375, 7.5, 3.125], "texture": "#0"},
				"east": {"uv": [7.25, 6.375, 8, 6.125], "rotation": 90, "texture": "#0"},
				"south": {"uv": [8, 1.625, 7.5, 2.375], "rotation": 180, "texture": "#0"},
				"west": {"uv": [7.25, 6.375, 8, 6.125], "rotation": 90, "texture": "#0"},
				"up": {"uv": [6.5, 5.875, 6, 5.625], "rotation": 180, "texture": "#0"},
				"down": {"uv": [5.75, 5.25, 5.25, 5], "texture": "#0"}
			}
		},
		{
			"from": [8, 13.21371, 17.17107],
			"to": [10, 14.21371, 19.17107],
			"rotation": {"angle": -45, "axis": "x", "origin": [8, 7, 8]},
			"faces": {
				"north": {"uv": [4.5, 4, 4.75, 3.5625], "rotation": 90, "texture": "#0"},
				"east": {"uv": [5.25, 3.75, 4.75, 4], "texture": "#0"},
				"south": {"uv": [4.5, 4, 4.75, 3.5625], "rotation": 270, "texture": "#0"},
				"west": {"uv": [5.25, 4, 4.75, 3.75], "rotation": 180, "texture": "#0"},
				"up": {"uv": [5.125, 3.4375, 4.625, 3], "rotation": 90, "texture": "#0"},
				"down": {"uv": [5.125, 3, 4.625, 3.4375], "rotation": 270, "texture": "#0"}
			}
		},
		{
			"from": [6.25, 14, 10],
			"to": [9.75, 20, 12],
			"rotation": {"angle": 0, "axis": "y", "origin": [8, 7, 8]},
			"faces": {
				"north": {"uv": [6.625, 1.625, 7.5, 3.125], "rotation": 180, "texture": "#0"},
				"east": {"uv": [6.125, 2.75, 6.625, 1.25], "rotation": 180, "texture": "#0"},
				"south": {"uv": [6.625, 1.625, 7.5, 3.125], "rotation": 180, "texture": "#0"},
				"west": {"uv": [6.125, 1.25, 6.625, 2.75], "texture": "#0"},
				"up": {"uv": [7.125, 0.75, 6.625, 1.625], "rotation": 90, "texture": "#0"},
				"down": {"uv": [7.125, 1.625, 6.625, 0.75], "rotation": 270, "texture": "#0"}
			}
		},
		{
			"from": [6.75, 11.99789, 7.01673],
			"to": [9.25, 14.99789, 9.01673],
			"rotation": {"angle": 22.5, "axis": "x", "origin": [8, 7, 8]},
			"faces": {
				"north": {"uv": [7.125, 1, 7.875, 1.625], "rotation": 90, "texture": "#0"},
				"east": {"uv": [6, 7.25, 6.5, 6.5], "rotation": 180, "texture": "#0"},
				"south": {"uv": [5.75, 5, 6.5, 5.625], "rotation": 270, "texture": "#0"},
				"west": {"uv": [6, 6.5, 6.5, 7.25], "texture": "#0"},
				"up": {"uv": [5.625, 1.125, 6.25, 0.625], "rotation": 180, "texture": "#0"},
				"down": {"uv": [5.625, 1.125, 6.25, 0.625], "texture": "#0"}
			}
		},
		{
			"from": [6, 13.21371, 17.17107],
			"to": [8, 14.21371, 19.17107],
			"rotation": {"angle": -45, "axis": "x", "origin": [8, 7, 8]},
			"faces": {
				"north": {"uv": [4.5, 3.5625, 4.75, 4], "rotation": 90, "texture": "#0"},
				"east": {"uv": [4.75, 4, 5.25, 3.75], "rotation": 180, "texture": "#0"},
				"south": {"uv": [4.5, 3.5625, 4.75, 4], "rotation": 270, "texture": "#0"},
				"west": {"uv": [4.75, 3.75, 5.25, 4], "texture": "#0"},
				"up": {"uv": [5.125, 3, 4.625, 3.4375], "rotation": 90, "texture": "#0"},
				"down": {"uv": [5.125, 3.4375, 4.625, 3], "rotation": 270, "texture": "#0"}
			}
		},
		{
			"from": [6, 13.21371, 19.17107],
			"to": [8, 16.21371, 20.17107],
			"rotation": {"angle": -45, "axis": "x", "origin": [8, 7, 8]},
			"faces": {
				"north": {"uv": [7.5, 2.375, 8, 3.125], "texture": "#0"},
				"east": {"uv": [7.25, 6.125, 8, 6.375], "rotation": 90, "texture": "#0"},
				"south": {"uv": [7.5, 1.625, 8, 2.375], "rotation": 180, "texture": "#0"},
				"west": {"uv": [7.25, 6.125, 8, 6.375], "rotation": 90, "texture": "#0"},
				"up": {"uv": [6.5, 5.875, 6, 5.625], "rotation": 180, "texture": "#0"},
				"down": {"uv": [5.75, 5.25, 5.25, 5], "texture": "#0"}
			}
		},
		{
			"from": [7.89105, 5.07507, 7],
			"to": [9.89105, 11.07507, 9],
			"rotation": {"angle": -22.5, "axis": "z", "origin": [8, 7, 8]},
			"faces": {
				"north": {"uv": [0, 6.5, 0.5, 8], "texture": "#0"},
				"east": {"uv": [1, 6.5, 0.5, 8], "texture": "#0"},
				"south": {"uv": [0.5, 6.5, 0, 8], "texture": "#0"},
				"west": {"uv": [0.5, 6.5, 1, 8], "texture": "#0"},
				"up": {"uv": [0, 6, 0.5, 6.5], "rotation": 180, "texture": "#0"},
				"down": {"uv": [0, 6, 0.5, 6.5], "rotation": 180, "texture": "#0"}
			}
		},
		{
			"from": [6.10895, 5.07507, 7],
			"to": [8.10895, 11.07507, 9],
			"rotation": {"angle": 22.5, "axis": "z", "origin": [8, 7, 8]},
			"faces": {
				"north": {"uv": [0.5, 6.5, 0, 8], "texture": "#0"},
				"east": {"uv": [1, 6.5, 0.5, 8], "texture": "#0"},
				"south": {"uv": [0, 6.5, 0.5, 8], "texture": "#0"},
				"west": {"uv": [1, 6.5, 0.5, 8], "texture": "#0"},
				"up": {"uv": [0.5, 6, 0, 6.5], "rotation": 180, "texture": "#0"},
				"down": {"uv": [0.5, 6, 0, 6.5], "rotation": 180, "texture": "#0"}
			}
		},
		{
			"from": [7, 5.07507, 6.10895],
			"to": [9, 11.07507, 8.10895],
			"rotation": {"angle": -22.5, "axis": "x", "origin": [8, 7, 8]},
			"faces": {
				"north": {"uv": [1, 6.5, 0.5, 8], "texture": "#0"},
				"east": {"uv": [0.5, 6.5, 0, 8], "texture": "#0"},
				"south": {"uv": [1, 6.5, 0.5, 8], "texture": "#0"},
				"west": {"uv": [0, 6.5, 0.5, 8], "texture": "#0"},
				"up": {"uv": [0.5, 6, 0, 6.5], "rotation": 270, "texture": "#0"},
				"down": {"uv": [0.5, 6, 0, 6.5], "rotation": 90, "texture": "#0"}
			}
		},
		{
			"from": [7, 5.07507, 7.89105],
			"to": [9, 11.07507, 9.89105],
			"rotation": {"angle": 22.5, "axis": "x", "origin": [8, 7, 8]},
			"faces": {
				"north": {"uv": [0.5, 6.5, 1, 8], "texture": "#0"},
				"east": {"uv": [0, 6.5, 0.5, 8], "texture": "#0"},
				"south": {"uv": [1, 6.5, 0.5, 8], "texture": "#0"},
				"west": {"uv": [0.5, 6.5, 0, 8], "texture": "#0"},
				"up": {"uv": [0, 6, 0.5, 6.5], "rotation": 270, "texture": "#0"},
				"down": {"uv": [0, 6, 0.5, 6.5], "rotation": 90, "texture": "#0"}
			}
		},
		{
			"from": [6, 9.5, 6],
			"to": [10, 11.5, 10],
			"rotation": {"angle": 0, "axis": "y", "origin": [8, 7, 8]},
			"faces": {
				"north": {"uv": [1, 7.5, 2, 8], "texture": "#0"},
				"east": {"uv": [1, 7.5, 2, 8], "texture": "#0"},
				"south": {"uv": [1, 7.5, 2, 8], "texture": "#0"},
				"west": {"uv": [1, 7.5, 2, 8], "texture": "#0"},
				"up": {"uv": [1, 6.5, 2, 7.5], "rotation": 90, "texture": "#0"},
				"down": {"uv": [2.125, 7, 3.125, 8], "rotation": 270, "texture": "#0"}
			}
		},
		{
			"from": [3.725, 18.83465, -7.19415],
			"to": [4.675, 20.83465, -1.19415],
			"rotation": {"angle": 22.5, "axis": "x", "origin": [8, 7, 8]},
			"faces": {
				"north": {"uv": [15.875, 11.375, 15.375, 11.125], "rotation": 270, "texture": "#0"},
				"east": {"uv": [10.875, 11.625, 10.375, 10.125], "rotation": 90, "texture": "#0"},
				"south": {"uv": [15.875, 11.5, 15.375, 11.125], "rotation": 90, "texture": "#0"},
				"west": {"uv": [15.875, 13, 15.375, 11.5], "rotation": 90, "texture": "#0"},
				"up": {"uv": [13.125, 11.625, 14.625, 11.875], "rotation": 270, "texture": "#0"},
				"down": {"uv": [12.375, 12, 13.875, 12.25], "rotation": 270, "texture": "#0"}
			}
		},
		{
			"from": [11.325, 18.83465, -7.19415],
			"to": [12.275, 20.83465, -1.19415],
			"rotation": {"angle": 22.5, "axis": "x", "origin": [8, 7, 8]},
			"faces": {
				"north": {"uv": [15.875, 11.125, 15.375, 11.375], "rotation": 270, "texture": "#0"},
				"east": {"uv": [15.875, 11.5, 15.375, 13], "rotation": 90, "texture": "#0"},
				"south": {"uv": [15.875, 11.125, 15.375, 11.5], "rotation": 90, "texture": "#0"},
				"west": {"uv": [10.875, 10.125, 10.375, 11.625], "rotation": 90, "texture": "#0"},
				"up": {"uv": [13.125, 11.875, 14.625, 11.625], "rotation": 270, "texture": "#0"},
				"down": {"uv": [12.375, 12.25, 13.875, 12], "rotation": 270, "texture": "#0"}
			}
		},
		{
			"from": [3.7, 13.3, 2.8],
			"to": [4.7, 23.3, 4.8],
			"rotation": {"angle": 0, "axis": "y", "origin": [8, 7, 8]},
			"faces": {
				"north": {"uv": [15.375, 15.25, 12.875, 15], "rotation": 270, "texture": "#0"},
				"east": {"uv": [15.875, 16, 13.375, 15.5], "rotation": 90, "texture": "#0"},
				"south": {"uv": [15.375, 15.5, 12.875, 15.25], "rotation": 90, "texture": "#0"},
				"west": {"uv": [15.875, 15.5, 15.375, 13], "rotation": 180, "texture": "#0"},
				"up": {"uv": [11.375, 8, 11.875, 8.25], "rotation": 90, "texture": "#0"},
				"down": {"uv": [11.375, 8.25, 11.875, 8], "rotation": 270, "texture": "#0"}
			}
		},
		{
			"from": [3.725, 18.84988, -8.17442],
			"to": [12.275, 20.34988, -7.17442],
			"rotation": {"angle": 22.5, "axis": "x", "origin": [8, 7, 8]},
			"faces": {
				"north": {"uv": [11.125, 16, 13.25, 15.625], "texture": "#0"},
				"east": {"uv": [12.25, 8.25, 11.875, 8], "rotation": 90, "texture": "#0"},
				"south": {"uv": [11.25, 11, 10.875, 13.125], "rotation": 90, "texture": "#0"},
				"west": {"uv": [12.25, 8, 11.875, 8.25], "rotation": 90, "texture": "#0"},
				"up": {"uv": [15, 14.75, 12.875, 15], "rotation": 180, "texture": "#0"},
				"down": {"uv": [15, 14.5, 12.875, 14.75], "texture": "#0"}
			}
		},
		{
			"from": [11.3, 13.3, 2.8],
			"to": [12.3, 23.3, 4.8],
			"rotation": {"angle": 0, "axis": "y", "origin": [8, 7, 8]},
			"faces": {
				"north": {"uv": [15.375, 15, 12.875, 15.25], "rotation": 270, "texture": "#0"},
				"east": {"uv": [15.375, 15.5, 15.875, 13], "rotation": 180, "texture": "#0"},
				"south": {"uv": [15.375, 15.25, 12.875, 15.5], "rotation": 90, "texture": "#0"},
				"west": {"uv": [15.875, 15.5, 13.375, 16], "rotation": 90, "texture": "#0"},
				"up": {"uv": [11.375, 8.25, 11.875, 8], "rotation": 90, "texture": "#0"},
				"down": {"uv": [11.375, 8, 11.875, 8.25], "rotation": 270, "texture": "#0"}
			}
		},
		{
			"from": [4.75, 15.12168, -6.23295],
			"to": [11.25, 18.12168, -3.23295],
			"rotation": {"angle": 45, "axis": "x", "origin": [8, 7, 8]},
			"faces": {
				"north": {"uv": [13, 13.5, 14.625, 12.75], "texture": "#0"},
				"east": {"uv": [13.875, 12.75, 14.625, 12], "texture": "#0"},
				"south": {"uv": [15.375, 11.875, 14.625, 13.5], "rotation": 90, "texture": "#0"},
				"west": {"uv": [14.625, 12.75, 13.875, 12], "texture": "#0"},
				"up": {"uv": [14.625, 13.5, 15.375, 11.875], "rotation": 90, "texture": "#0"},
				"down": {"uv": [13, 13.5, 14.625, 12.75], "texture": "#0"}
			}
		},
		{
			"from": [9.17696, 23.1, 1.82304],
			"to": [14.17696, 25.1, 6.82304],
			"rotation": {"angle": 45, "axis": "y", "origin": [8, 7, 8]},
			"faces": {
				"north": {"uv": [9.875, 16, 11.125, 15.5], "texture": "#0"},
				"east": {"uv": [9.875, 16, 11.125, 15.5], "texture": "#0"},
				"south": {"uv": [9.875, 16, 8.625, 15.5], "texture": "#0"},
				"west": {"uv": [8.625, 16, 9.875, 15.5], "texture": "#0"},
				"up": {"uv": [12.375, 13.125, 11.125, 14.375], "texture": "#0"},
				"down": {"uv": [12.375, 14.375, 11.125, 15.625], "texture": "#0"}
			}
		},
		{
			"from": [0.63604, 8.46274, 3.05],
			"to": [5.63604, 9.46274, 4.55],
			"rotation": {"angle": -45, "axis": "z", "origin": [8, 7, 8]},
			"faces": {
				"north": {"uv": [10.125, 8.875, 9.875, 10.125], "rotation": 90, "texture": "#0"},
				"east": {"uv": [13, 10.375, 13.375, 10.125], "texture": "#0"},
				"south": {"uv": [10.375, 8.875, 10.125, 10.125], "rotation": 90, "texture": "#0"},
				"west": {"uv": [13, 10.375, 13.375, 10.125], "texture": "#0"},
				"up": {"uv": [10, 11.375, 10.375, 10.125], "rotation": 90, "texture": "#0"},
				"down": {"uv": [13, 11.625, 13.375, 10.375], "rotation": 270, "texture": "#0"}
			}
		},
		{
			"from": [9.43467, 8.39203, 3.05],
			"to": [15.43467, 9.39203, 4.55],
			"rotation": {"angle": 45, "axis": "z", "origin": [8, 7, 8]},
			"faces": {
				"north": {"uv": [13.5, 13.75, 15, 13.5], "texture": "#0"},
				"east": {"uv": [10.25, 8.875, 9.875, 8.625], "texture": "#0"},
				"south": {"uv": [13.5, 14, 15, 13.75], "texture": "#0"},
				"west": {"uv": [9.875, 8.875, 10.25, 8.625], "texture": "#0"},
				"up": {"uv": [15, 14, 13.5, 14.375], "rotation": 180, "texture": "#0"},
				"down": {"uv": [15, 15, 15.375, 13.5], "rotation": 270, "texture": "#0"}
			}
		},
		{
			"from": [9.43467, 8.39203, 11.45],
			"to": [15.43467, 9.39203, 12.95],
			"rotation": {"angle": 45, "axis": "z", "origin": [8, 7, 8]},
			"faces": {
				"north": {"uv": [15, 14, 13.5, 13.75], "texture": "#0"},
				"east": {"uv": [9.875, 8.875, 10.25, 8.625], "texture": "#0"},
				"south": {"uv": [15, 13.75, 13.5, 13.5], "texture": "#0"},
				"west": {"uv": [10.25, 8.875, 9.875, 8.625], "texture": "#0"},
				"up": {"uv": [15, 14.375, 13.5, 14], "rotation": 180, "texture": "#0"},
				"down": {"uv": [15.375, 15, 15, 13.5], "rotation": 270, "texture": "#0"}
			}
		},
		{
			"from": [0.63604, 8.46274, 11.45],
			"to": [5.63604, 9.46274, 12.95],
			"rotation": {"angle": -45, "axis": "z", "origin": [8, 7, 8]},
			"faces": {
				"north": {"uv": [10.375, 10.125, 10.125, 8.875], "rotation": 90, "texture": "#0"},
				"east": {"uv": [13.375, 10.375, 13, 10.125], "texture": "#0"},
				"south": {"uv": [10.125, 10.125, 9.875, 8.875], "rotation": 90, "texture": "#0"},
				"west": {"uv": [13.375, 10.375, 13, 10.125], "texture": "#0"},
				"up": {"uv": [10.375, 11.375, 10, 10.125], "rotation": 90, "texture": "#0"},
				"down": {"uv": [13.375, 11.625, 13, 10.375], "rotation": 270, "texture": "#0"}
			}
		},
		{
			"from": [9.17696, 23.1, 9.17696],
			"to": [14.17696, 25.1, 14.17696],
			"rotation": {"angle": -45, "axis": "y", "origin": [8, 7, 8]},
			"faces": {
				"north": {"uv": [8.625, 16, 9.875, 15.5], "texture": "#0"},
				"east": {"uv": [11.125, 16, 9.875, 15.5], "texture": "#0"},
				"south": {"uv": [11.125, 16, 9.875, 15.5], "texture": "#0"},
				"west": {"uv": [9.875, 16, 8.625, 15.5], "texture": "#0"},
				"up": {"uv": [12.375, 14.375, 11.125, 13.125], "texture": "#0"},
				"down": {"uv": [12.375, 15.625, 11.125, 14.375], "texture": "#0"}
			}
		},
		{
			"from": [4.75, 15.12168, 19.23295],
			"to": [11.25, 18.12168, 22.23295],
			"rotation": {"angle": -45, "axis": "x", "origin": [8, 7, 8]},
			"faces": {
				"north": {"uv": [15.375, 13.5, 14.625, 11.875], "rotation": 90, "texture": "#0"},
				"east": {"uv": [14.625, 12.75, 13.875, 12], "texture": "#0"},
				"south": {"uv": [14.625, 13.5, 13, 12.75], "texture": "#0"},
				"west": {"uv": [13.875, 12.75, 14.625, 12], "texture": "#0"},
				"up": {"uv": [15.375, 13.5, 14.625, 11.875], "rotation": 90, "texture": "#0"},
				"down": {"uv": [13, 12.75, 14.625, 13.5], "texture": "#0"}
			}
		},
		{
			"from": [11.3, 13.3, 11.2],
			"to": [12.3, 23.3, 13.2],
			"rotation": {"angle": 0, "axis": "y", "origin": [8, 7, 8]},
			"faces": {
				"north": {"uv": [15.375, 15.5, 12.875, 15.25], "rotation": 90, "texture": "#0"},
				"east": {"uv": [15.875, 15.5, 15.375, 13], "rotation": 180, "texture": "#0"},
				"south": {"uv": [15.375, 15.25, 12.875, 15], "rotation": 270, "texture": "#0"},
				"west": {"uv": [15.875, 16, 13.375, 15.5], "rotation": 90, "texture": "#0"},
				"up": {"uv": [11.875, 8.25, 11.375, 8], "rotation": 90, "texture": "#0"},
				"down": {"uv": [11.875, 8, 11.375, 8.25], "rotation": 270, "texture": "#0"}
			}
		},
		{
			"from": [3.725, 18.84988, 23.17442],
			"to": [12.275, 20.34988, 24.17442],
			"rotation": {"angle": -22.5, "axis": "x", "origin": [8, 7, 8]},
			"faces": {
				"north": {"uv": [11.25, 13.125, 10.875, 11], "rotation": 90, "texture": "#0"},
				"east": {"uv": [12.25, 8, 11.875, 8.25], "rotation": 90, "texture": "#0"},
				"south": {"uv": [13.25, 16, 11.125, 15.625], "texture": "#0"},
				"west": {"uv": [12.25, 8.25, 11.875, 8], "rotation": 90, "texture": "#0"},
				"up": {"uv": [15, 15, 12.875, 14.75], "rotation": 180, "texture": "#0"},
				"down": {"uv": [15, 14.75, 12.875, 14.5], "texture": "#0"}
			}
		},
		{
			"from": [3.7, 13.3, 11.2],
			"to": [4.7, 23.3, 13.2],
			"rotation": {"angle": 0, "axis": "y", "origin": [8, 7, 8]},
			"faces": {
				"north": {"uv": [15.375, 15.25, 12.875, 15.5], "rotation": 90, "texture": "#0"},
				"east": {"uv": [15.875, 15.5, 13.375, 16], "rotation": 90, "texture": "#0"},
				"south": {"uv": [15.375, 15, 12.875, 15.25], "rotation": 270, "texture": "#0"},
				"west": {"uv": [15.375, 15.5, 15.875, 13], "rotation": 180, "texture": "#0"},
				"up": {"uv": [11.875, 8, 11.375, 8.25], "rotation": 90, "texture": "#0"},
				"down": {"uv": [11.875, 8.25, 11.375, 8], "rotation": 270, "texture": "#0"}
			}
		},
		{
			"from": [11.325, 18.83465, 17.19415],
			"to": [12.275, 20.83465, 23.19415],
			"rotation": {"angle": -22.5, "axis": "x", "origin": [8, 7, 8]},
			"faces": {
				"north": {"uv": [15.875, 11.5, 15.375, 11.125], "rotation": 90, "texture": "#0"},
				"east": {"uv": [15.875, 13, 15.375, 11.5], "rotation": 90, "texture": "#0"},
				"south": {"uv": [15.875, 11.375, 15.375, 11.125], "rotation": 270, "texture": "#0"},
				"west": {"uv": [10.875, 11.625, 10.375, 10.125], "rotation": 90, "texture": "#0"},
				"up": {"uv": [14.625, 11.875, 13.125, 11.625], "rotation": 270, "texture": "#0"},
				"down": {"uv": [13.875, 12.25, 12.375, 12], "rotation": 270, "texture": "#0"}
			}
		},
		{
			"from": [3.725, 18.83465, 17.19415],
			"to": [4.675, 20.83465, 23.19415],
			"rotation": {"angle": -22.5, "axis": "x", "origin": [8, 7, 8]},
			"faces": {
				"north": {"uv": [15.875, 11.125, 15.375, 11.5], "rotation": 90, "texture": "#0"},
				"east": {"uv": [10.875, 10.125, 10.375, 11.625], "rotation": 90, "texture": "#0"},
				"south": {"uv": [15.875, 11.125, 15.375, 11.375], "rotation": 270, "texture": "#0"},
				"west": {"uv": [15.875, 11.5, 15.375, 13], "rotation": 90, "texture": "#0"},
				"up": {"uv": [14.625, 11.625, 13.125, 11.875], "rotation": 270, "texture": "#0"},
				"down": {"uv": [13.875, 12, 12.375, 12.25], "rotation": 270, "texture": "#0"}
			}
		},
		{
			"from": [6.5, -12, 6.5],
			"to": [9.5, -10, 9.5],
			"rotation": {"angle": 0, "axis": "y", "origin": [8, 7, 8]},
			"faces": {
				"north": {"uv": [5.75, 0, 6.5, 0.5], "texture": "#0"},
				"east": {"uv": [6.5, 0, 7.25, 0.5], "texture": "#0"},
				"south": {"uv": [5.75, 0, 6.5, 0.5], "texture": "#0"},
				"west": {"uv": [6.5, 0, 7.25, 0.5], "texture": "#0"},
				"up": {"uv": [7.25, 0, 8, 0.75], "rotation": 90, "texture": "#0"},
				"down": {"uv": [5.375, 2.125, 6.125, 2.875], "rotation": 270, "texture": "#0"}
			}
		},
		{
			"from": [5.75, 17, 12],
			"to": [10.25, 23, 15],
			"rotation": {"angle": 0, "axis": "y", "origin": [8, 7, 8]},
			"faces": {
				"north": {"uv": [1.5, 2.25, 2.625, 3.75], "texture": "#0"},
				"east": {"uv": [2.625, 2.25, 3.375, 3.75], "texture": "#0"},
				"south": {"uv": [1.5, 2.25, 2.625, 3.75], "texture": "#0"},
				"west": {"uv": [3.375, 2.25, 2.625, 3.75], "texture": "#0"},
				"up": {"uv": [0.75, 2.25, 1.5, 3.375], "rotation": 90, "texture": "#0"},
				"down": {"uv": [0.75, 2.25, 1.5, 3.375], "rotation": 270, "texture": "#0"}
			}
		},
		{
			"from": [4.75, 15, 15],
			"to": [11.25, 24, 18],
			"rotation": {"angle": 0, "axis": "y", "origin": [8, 7, 8]},
			"faces": {
				"north": {"uv": [0, 3.75, 1.625, 6], "texture": "#0"},
				"east": {"uv": [2.375, 0, 3.125, 2.25], "texture": "#0"},
				"south": {"uv": [0.75, 0, 2.375, 2.25], "texture": "#0"},
				"west": {"uv": [3.125, 0, 2.375, 2.25], "texture": "#0"},
				"up": {"uv": [0, 0, 0.75, 1.625], "rotation": 90, "texture": "#0"},
				"down": {"uv": [0, 1.625, 0.75, 3.25], "rotation": 270, "texture": "#0"}
			}
		},
		{
			"from": [4.75, 15, -2],
			"to": [11.25, 24, 1],
			"rotation": {"angle": 0, "axis": "y", "origin": [8, 7, 8]},
			"faces": {
				"north": {"uv": [2.375, 0, 0.75, 2.25], "texture": "#0"},
				"east": {"uv": [3.125, 0, 2.375, 2.25], "texture": "#0"},
				"south": {"uv": [1.625, 3.75, 0, 6], "texture": "#0"},
				"west": {"uv": [2.375, 0, 3.125, 2.25], "texture": "#0"},
				"up": {"uv": [0.75, 0, 0, 1.625], "rotation": 90, "texture": "#0"},
				"down": {"uv": [0.75, 1.625, 0, 3.25], "rotation": 270, "texture": "#0"}
			}
		},
		{
			"from": [5.75, 17, 1],
			"to": [10.25, 23, 4],
			"rotation": {"angle": 0, "axis": "y", "origin": [8, 7, 8]},
			"faces": {
				"north": {"uv": [2.625, 2.25, 1.5, 3.75], "texture": "#0"},
				"east": {"uv": [3.375, 2.25, 2.625, 3.75], "texture": "#0"},
				"south": {"uv": [2.625, 2.25, 1.5, 3.75], "texture": "#0"},
				"west": {"uv": [2.625, 2.25, 3.375, 3.75], "texture": "#0"},
				"up": {"uv": [1.5, 2.25, 0.75, 3.375], "rotation": 90, "texture": "#0"},
				"down": {"uv": [1.5, 2.25, 0.75, 3.375], "rotation": 270, "texture": "#0"}
			}
		},
		{
			"from": [2, 16, 3.95],
			"to": [2, 24, 11.95],
			"rotation": {"angle": 0, "axis": "y", "origin": [8, 7, 8]},
			"faces": {
				"north": {"uv": [0, 0, 0, 4], "texture": "#1"},
				"east": {"uv": [4, 0, 0, 4], "texture": "#1"},
				"south": {"uv": [0, 0, 0, 4], "texture": "#1"},
				"west": {"uv": [4, 0, 0, 4], "texture": "#1"},
				"up": {"uv": [0, 0, 6, 0], "rotation": 90, "texture": "#1"},
				"down": {"uv": [0, 0, 6, 0], "rotation": 270, "texture": "#1"}
			}
		},
		{
			"from": [2, 15.02957, 8.92869],
			"to": [2, 23.02957, 16.92869],
			"rotation": {"angle": -22.5, "axis": "x", "origin": [8, 7, 8]},
			"faces": {
				"north": {"uv": [0, 0, 0, 4], "texture": "#1"},
				"east": {"uv": [8, 0, 4, 4], "texture": "#1"},
				"south": {"uv": [0, 0, 0, 4], "texture": "#1"},
				"west": {"uv": [8, 0, 4, 4], "texture": "#1"},
				"up": {"uv": [0, 0, 6, 0], "rotation": 90, "texture": "#1"},
				"down": {"uv": [0, 0, 6, 0], "rotation": 270, "texture": "#1"}
			}
		},
		{
			"from": [2, 12.15703, -5.22774],
			"to": [2, 20.15703, 2.77226],
			"rotation": {"angle": 45, "axis": "x", "origin": [8, 7, 8]},
			"faces": {
				"north": {"uv": [0, 0, 6, 0], "rotation": 270, "texture": "#1"},
				"east": {"uv": [0, 8, 4, 4], "rotation": 270, "texture": "#1"},
				"south": {"uv": [0, 0, 6, 0], "rotation": 270, "texture": "#1"},
				"west": {"uv": [0, 8, 4, 4], "rotation": 90, "texture": "#1"},
				"up": {"uv": [0, 0, 0, 4], "texture": "#1"},
				"down": {"uv": [0, 0, 0, 4], "rotation": 180, "texture": "#1"}
			}
		},
		{
			"from": [2, 14.9913, -1.02108],
			"to": [2, 22.9913, 6.97892],
			"rotation": {"angle": 22.5, "axis": "x", "origin": [8, 7, 8]},
			"faces": {
				"north": {"uv": [0, 0, 6, 0], "rotation": 270, "texture": "#1"},
				"east": {"uv": [4, 8, 8, 4], "rotation": 270, "texture": "#1"},
				"south": {"uv": [0, 0, 6, 0], "rotation": 270, "texture": "#1"},
				"west": {"uv": [4, 8, 8, 4], "rotation": 90, "texture": "#1"},
				"up": {"uv": [0, 0, 0, 4], "texture": "#1"},
				"down": {"uv": [0, 0, 0, 4], "rotation": 180, "texture": "#1"}
			}
		},
		{
			"from": [3, 14.9913, -1.02108],
			"to": [3, 22.9913, 6.97892],
			"rotation": {"angle": 22.5, "axis": "x", "origin": [8, 7, 8]},
			"faces": {
				"north": {"uv": [8, 8, 14, 8], "rotation": 270, "texture": "#1"},
				"east": {"uv": [12, 16, 16, 12], "rotation": 270, "texture": "#1"},
				"south": {"uv": [8, 8, 14, 8], "rotation": 270, "texture": "#1"},
				"west": {"uv": [12, 16, 16, 12], "rotation": 90, "texture": "#1"},
				"up": {"uv": [8, 8, 8, 12], "texture": "#1"},
				"down": {"uv": [8, 8, 8, 12], "rotation": 180, "texture": "#1"}
			}
		},
		{
			"from": [3, 12.15703, -5.22774],
			"to": [3, 20.15703, 2.77226],
			"rotation": {"angle": 45, "axis": "x", "origin": [8, 7, 8]},
			"faces": {
				"north": {"uv": [8, 8, 14, 8], "rotation": 270, "texture": "#1"},
				"east": {"uv": [8, 16, 12, 12], "rotation": 270, "texture": "#1"},
				"south": {"uv": [8, 8, 14, 8], "rotation": 270, "texture": "#1"},
				"west": {"uv": [8, 16, 12, 12], "rotation": 90, "texture": "#1"},
				"up": {"uv": [8, 8, 8, 12], "texture": "#1"},
				"down": {"uv": [8, 8, 8, 12], "rotation": 180, "texture": "#1"}
			}
		},
		{
			"from": [3, 15.02957, 8.92869],
			"to": [3, 23.02957, 16.92869],
			"rotation": {"angle": -22.5, "axis": "x", "origin": [8, 7, 8]},
			"faces": {
				"north": {"uv": [8, 8, 8, 12], "texture": "#1"},
				"east": {"uv": [16, 8, 12, 12], "texture": "#1"},
				"south": {"uv": [8, 8, 8, 12], "texture": "#1"},
				"west": {"uv": [16, 8, 12, 12], "texture": "#1"},
				"up": {"uv": [8, 8, 14, 8], "rotation": 90, "texture": "#1"},
				"down": {"uv": [8, 8, 14, 8], "rotation": 270, "texture": "#1"}
			}
		},
		{
			"from": [3, 16, 3.95],
			"to": [3, 24, 11.95],
			"rotation": {"angle": 0, "axis": "y", "origin": [8, 7, 8]},
			"faces": {
				"north": {"uv": [8, 8, 8, 12], "texture": "#1"},
				"east": {"uv": [12, 8, 8, 12], "texture": "#1"},
				"south": {"uv": [8, 8, 8, 12], "texture": "#1"},
				"west": {"uv": [12, 8, 8, 12], "texture": "#1"},
				"up": {"uv": [8, 8, 14, 8], "rotation": 90, "texture": "#1"},
				"down": {"uv": [8, 8, 14, 8], "rotation": 270, "texture": "#1"}
			}
		},
		{
			"from": [14, 16, 3.95],
			"to": [14, 24, 11.95],
			"rotation": {"angle": 0, "axis": "y", "origin": [8, 7, 8]},
			"faces": {
				"north": {"uv": [0, 0, 0, 4], "texture": "#1"},
				"east": {"uv": [0, 0, 4, 4], "texture": "#1"},
				"south": {"uv": [0, 0, 0, 4], "texture": "#1"},
				"west": {"uv": [0, 0, 4, 4], "texture": "#1"},
				"up": {"uv": [0, 0, 6, 0], "rotation": 90, "texture": "#1"},
				"down": {"uv": [0, 0, 6, 0], "rotation": 270, "texture": "#1"}
			}
		},
		{
			"from": [14, 15.02957, 8.92869],
			"to": [14, 23.02957, 16.92869],
			"rotation": {"angle": -22.5, "axis": "x", "origin": [8, 7, 8]},
			"faces": {
				"north": {"uv": [0, 0, 0, 4], "texture": "#1"},
				"east": {"uv": [4, 0, 8, 4], "texture": "#1"},
				"south": {"uv": [0, 0, 0, 4], "texture": "#1"},
				"west": {"uv": [4, 0, 8, 4], "texture": "#1"},
				"up": {"uv": [0, 0, 6, 0], "rotation": 90, "texture": "#1"},
				"down": {"uv": [0, 0, 6, 0], "rotation": 270, "texture": "#1"}
			}
		},
		{
			"from": [14, 12.15703, -5.22774],
			"to": [14, 20.15703, 2.77226],
			"rotation": {"angle": 45, "axis": "x", "origin": [8, 7, 8]},
			"faces": {
				"north": {"uv": [0, 0, 6, 0], "rotation": 270, "texture": "#1"},
				"east": {"uv": [0, 4, 4, 8], "rotation": 90, "texture": "#1"},
				"south": {"uv": [0, 0, 6, 0], "rotation": 270, "texture": "#1"},
				"west": {"uv": [0, 4, 4, 8], "rotation": 270, "texture": "#1"},
				"up": {"uv": [0, 0, 0, 4], "texture": "#1"},
				"down": {"uv": [0, 0, 0, 4], "rotation": 180, "texture": "#1"}
			}
		},
		{
			"from": [14, 14.9913, -1.02108],
			"to": [14, 22.9913, 6.97892],
			"rotation": {"angle": 22.5, "axis": "x", "origin": [8, 7, 8]},
			"faces": {
				"north": {"uv": [0, 0, 6, 0], "rotation": 270, "texture": "#1"},
				"east": {"uv": [4, 4, 8, 8], "rotation": 90, "texture": "#1"},
				"south": {"uv": [0, 0, 6, 0], "rotation": 270, "texture": "#1"},
				"west": {"uv": [4, 4, 8, 8], "rotation": 270, "texture": "#1"},
				"up": {"uv": [0, 0, 0, 4], "texture": "#1"},
				"down": {"uv": [0, 0, 0, 4], "rotation": 180, "texture": "#1"}
			}
		},
		{
			"from": [13, 14.9913, -1.02108],
			"to": [13, 22.9913, 6.97892],
			"rotation": {"angle": 22.5, "axis": "x", "origin": [8, 7, 8]},
			"faces": {
				"north": {"uv": [8, 8, 14, 8], "rotation": 270, "texture": "#1"},
				"east": {"uv": [12, 12, 16, 16], "rotation": 90, "texture": "#1"},
				"south": {"uv": [8, 8, 14, 8], "rotation": 270, "texture": "#1"},
				"west": {"uv": [12, 12, 16, 16], "rotation": 270, "texture": "#1"},
				"up": {"uv": [8, 8, 8, 12], "texture": "#1"},
				"down": {"uv": [8, 8, 8, 12], "rotation": 180, "texture": "#1"}
			}
		},
		{
			"from": [13, 12.15703, -5.22774],
			"to": [13, 20.15703, 2.77226],
			"rotation": {"angle": 45, "axis": "x", "origin": [8, 7, 8]},
			"faces": {
				"north": {"uv": [8, 8, 14, 8], "rotation": 270, "texture": "#1"},
				"east": {"uv": [8, 12, 12, 16], "rotation": 90, "texture": "#1"},
				"south": {"uv": [8, 8, 14, 8], "rotation": 270, "texture": "#1"},
				"west": {"uv": [8, 12, 12, 16], "rotation": 270, "texture": "#1"},
				"up": {"uv": [8, 8, 8, 12], "texture": "#1"},
				"down": {"uv": [8, 8, 8, 12], "rotation": 180, "texture": "#1"}
			}
		},
		{
			"from": [13, 15.02957, 8.92869],
			"to": [13, 23.02957, 16.92869],
			"rotation": {"angle": -22.5, "axis": "x", "origin": [8, 7, 8]},
			"faces": {
				"north": {"uv": [8, 8, 8, 12], "texture": "#1"},
				"east": {"uv": [12, 8, 16, 12], "texture": "#1"},
				"south": {"uv": [8, 8, 8, 12], "texture": "#1"},
				"west": {"uv": [12, 8, 16, 12], "texture": "#1"},
				"up": {"uv": [8, 8, 14, 8], "rotation": 90, "texture": "#1"},
				"down": {"uv": [8, 8, 14, 8], "rotation": 270, "texture": "#1"}
			}
		},
		{
			"from": [13, 16, 3.95],
			"to": [13, 24, 11.95],
			"rotation": {"angle": 0, "axis": "y", "origin": [8, 7, 8]},
			"faces": {
				"north": {"uv": [8, 8, 8, 12], "texture": "#1"},
				"east": {"uv": [8, 8, 12, 12], "texture": "#1"},
				"south": {"uv": [8, 8, 8, 12], "texture": "#1"},
				"west": {"uv": [8, 8, 12, 12], "texture": "#1"},
				"up": {"uv": [8, 8, 14, 8], "rotation": 90, "texture": "#1"},
				"down": {"uv": [8, 8, 14, 8], "rotation": 270, "texture": "#1"}
			}
		},
		{
			"from": [8, 18, -7.25],
			"to": [8, 32, 6.75],
			"rotation": {"angle": 0, "axis": "y", "origin": [8, 7, 8]},
			"faces": {
				"north": {"uv": [0, 0, 0, 16], "texture": "#2"},
				"east": {"uv": [0, 16, 14, 2], "texture": "#2"},
				"south": {"uv": [0, 0, 0, 16], "texture": "#2"},
				"west": {"uv": [14, 16, 0, 2], "texture": "#2"},
				"up": {"uv": [0, 0, 4.5, 0], "rotation": 270, "texture": "#2"},
				"down": {"uv": [0, 0, 4.5, 0], "rotation": 90, "texture": "#2"}
			}
		},
		{
			"from": [8, 18, 9.25],
			"to": [8, 32, 23.25],
			"rotation": {"angle": 0, "axis": "y", "origin": [8, 7, 8]},
			"faces": {
				"north": {"uv": [0, 0, 0, 16], "texture": "#2"},
				"east": {"uv": [14, 16, 0, 2], "texture": "#2"},
				"south": {"uv": [0, 0, 0, 16], "texture": "#2"},
				"west": {"uv": [0, 16, 14, 2], "texture": "#2"},
				"up": {"uv": [4.5, 0, 0, 0], "rotation": 270, "texture": "#2"},
				"down": {"uv": [4.5, 0, 0, 0], "rotation": 90, "texture": "#2"}
			}
		}
	],
	"gui_light": "front",
	"display": {
		"thirdperson_righthand": {
			"translation": [0, 4.5, 1.5],
			"scale": [0.65, 0.65, 0.65]
		},
		"thirdperson_lefthand": {
			"translation": [0, 4.5, 1.5],
			"scale": [0.65, 0.65, 0.65]
		},
		"firstperson_righthand": {
			"rotation": [-12, 15, 3],
			"translation": [2.75, 3.25, -2.25],
			"scale": [0.51953, 0.51953, 0.51953]
		},
		"firstperson_lefthand": {
			"rotation": [-12, 15, 3],
			"translation": [2.75, 3.25, -2.25],
			"scale": [0.51953, 0.51953, 0.51953]
		},
		"ground": {
			"rotation": [0, 0, 90],
			"translation": [1.25, 0.25, 0],
			"scale": [0.5, 0.5, 0.5]
		},
		"gui": {
			"rotation": [106, 135, -90],
			"translation": [1, -1, -1.25],
			"scale": [0.4068, 0.4068, 0.4068]
		},
		"head": {
			"rotation": [90, -168, 90],
			"translation": [-0.5, 11.75, 0],
			"scale": [0.56, 0.56, 0.56]
		},
		"fixed": {
			"rotation": [0, 90, 0],
			"translation": [0, -0.25, -2.25],
			"scale": [1.00672, 1.00672, 1.00672]
		}
	},
	"groups": [
		{
			"name": "group",
			"origin": [0, 0, 16],
			"color": 0,
			"children": [0, 1, 2, 3, 4, 5, 6, 7, 8, 9, 10, 11, 12, 13, 14, 15, 16, 17, 18, 19, 20, 21, 22, 23]
		},
		24,
		25,
		26,
		27,
		28,
		29,
		30,
		31,
		32,
		33,
		34,
		35,
		36,
		37,
		38,
		39,
		40,
		41,
		42,
		43,
		44,
		45,
		46,
		{
			"name": "group",
			"origin": [8, 7, 8],
			"color": 0,
			"children": [47, 48, 49, 50, 51, 52, 53, 54, 55, 56, 57, 58, 59, 60, 61, 62, 63, 64]
		}
	]
}