{
	"credit": "EnumXyZB",
	"textures": {
		"0": "./texture",
		"particle": "./texture"
	},
	"elements": [
		{
			"from": [9, 0, 2],
			"to": [12, 3, 4],
			"faces": {
				"north": {"uv": [0, 0, 3, 3], "texture": "#0"},
				"east": {"uv": [0, 6, 2, 9], "texture": "#0"},
				"south": {"uv": [0, 3, 3, 6], "texture": "#0"},
				"west": {"uv": [6, 0, 8, 3], "texture": "#0"},
				"up": {"uv": [5, 8, 2, 6], "texture": "#0"},
				"down": {"uv": [9, 3, 6, 5], "texture": "#0"}
			}
		},
		{
			"from": [5, 0, 2],
			"to": [8, 3, 4],
			"faces": {
				"north": {"uv": [3, 0, 6, 3], "texture": "#0"},
				"east": {"uv": [5, 6, 7, 9], "texture": "#0"},
				"south": {"uv": [3, 3, 6, 6], "texture": "#0"},
				"west": {"uv": [7, 5, 9, 8], "texture": "#0"},
				"up": {"uv": [11, 2, 8, 0], "texture": "#0"},
				"down": {"uv": [5, 8, 2, 10], "texture": "#0"}
			}
		}
	],
	"display": {
		"thirdperson_righthand": {
			"translation": [0, 7, 4.75]
		},
		"thirdperson_lefthand": {
			"translation": [0, 5.5, 4.5]
		},
		"firstperson_righthand": {
			"translation": [0, 5.5, 0]
		},
		"firstperson_lefthand": {
			"translation": [0, 6, 0]
		},
		"ground": {
			"translation": [0, 8.5, 6.25],
			"scale": [1.40039, 1.30469, 1]
		},
		"gui": {
			"rotation": [180, -7.25, 180],
			"translation": [0, 2.5, 0]
		},
		"head": {
			"translation": [-1, 9, -1.75],
			"scale": [1.7793, 1.77344, 1.12109]
		},
		"fixed": {
			"translation": [-1.25, 12.75, 4],
			"scale": [1.78906, 1.8418, 1]
		}
	}
}