{
	"credit": "BY Daiva",
	"textures": {
		"0": "./awaked1",
		"particle": "./awaked1"
	},
	"elements": [
		{
			"name": "group",
			"from": [8.40193, -14.69569, 7.34774],
			"to": [9.45481, -8.17593, 8.387],
			"rotation": {"angle": 22.5, "axis": "z", "origin": [1, -14, 0]},
			"faces": {
				"north": {"uv": [9.48666, 5.43501, 11.33531, 7.7645], "texture": "#0"},
				"east": {"uv": [9.48666, 5.43501, 11.33531, 7.7645], "texture": "#0"},
				"south": {"uv": [9.48666, 5.43501, 11.33531, 7.7645], "texture": "#0"},
				"west": {"uv": [9.48666, 5.43501, 11.33531, 7.7645], "texture": "#0"},
				"up": {"uv": [9.48666, 5.43501, 11.33531, 7.7645], "texture": "#0"},
				"down": {"uv": [9.48666, 5.43501, 11.33531, 7.7645], "texture": "#0"}
			}
		},
		{
			"name": "group",
			"from": [12.36689, -13.88065, 8.54908],
			"to": [10.98985, -14.78161, 7.18566],
			"rotation": {"angle": 22.5, "axis": "z", "origin": [3.17837, -21.06938, -1.13263]},
			"faces": {
				"north": {"uv": [5.77075, 6.88336, 8.29985, 5.88696], "rotation": 180, "texture": "#0"},
				"east": {"uv": [5.77075, 6.88336, 8.29985, 5.88696], "rotation": 180, "texture": "#0"},
				"south": {"uv": [5.77075, 6.88336, 8.29985, 5.88696], "rotation": 180, "texture": "#0"},
				"west": {"uv": [5.77075, 6.88336, 8.29985, 5.88696], "rotation": 180, "texture": "#0"},
				"up": {"uv": [5.77075, 6.88336, 8.29985, 5.88696], "rotation": 180, "texture": "#0"},
				"down": {"uv": [5.77075, 6.88336, 8.29985, 5.88696], "rotation": 180, "texture": "#0"}
			}
		},
		{
			"name": "group",
			"from": [6.46614, -15.67056, 8.07122],
			"to": [12.46614, -9.30713, 8.07122],
			"rotation": {"angle": 0, "axis": "y", "origin": [3.17837, -19.98884, -0.70041]},
			"faces": {
				"north": {"uv": [7.32938, 11.2029, 5.71285, 13.05589], "rotation": 270, "texture": "#0"},
				"east": {"uv": [5.71285, 13.05589, 7.32938, 11.2029], "rotation": 180, "texture": "#0"},
				"south": {"uv": [7.32938, 11.2029, 5.71285, 13.05589], "rotation": 90, "texture": "#0"},
				"west": {"uv": [5.71285, 13.05589, 7.32938, 11.2029], "texture": "#missing"},
				"up": {"uv": [5.71285, 13.05589, 7.32938, 11.2029], "rotation": 90, "texture": "#missing"},
				"down": {"uv": [5.71285, 13.05589, 7.32938, 11.2029], "rotation": 90, "texture": "#missing"}
			}
		},
		{
			"name": "group",
			"from": [9.98985, -8.03999, 7.25932],
			"to": [11.36689, -7.40917, 8.62274],
			"rotation": {"angle": 22.5, "axis": "z", "origin": [3.17837, -17.82776, 0.19103]},
			"faces": {
				"north": {"uv": [7.94941, 6.15622, 5.95353, 6.87733], "texture": "#0"},
				"east": {"uv": [7.94941, 6.15622, 5.95353, 6.87733], "texture": "#0"},
				"south": {"uv": [7.94941, 6.15622, 5.95353, 6.87733], "texture": "#0"},
				"west": {"uv": [7.94941, 6.15622, 5.95353, 6.87733], "texture": "#0"},
				"up": {"uv": [7.94941, 6.15622, 5.95353, 6.87733], "texture": "#0"},
				"down": {"uv": [7.94941, 6.15622, 5.95353, 6.87733], "texture": "#0"}
			}
		},
		{
			"name": "group",
			"from": [5.65193, -6.19569, 7.34774],
			"to": [6.70481, 0.32407, 8.387],
			"rotation": {"angle": 0, "axis": "y", "origin": [1, -14, 0]},
			"faces": {
				"north": {"uv": [9.48666, 5.43501, 11.33531, 7.7645], "texture": "#0"},
				"east": {"uv": [9.48666, 5.43501, 11.33531, 7.7645], "texture": "#0"},
				"south": {"uv": [9.48666, 5.43501, 11.33531, 7.7645], "texture": "#0"},
				"west": {"uv": [9.48666, 5.43501, 11.33531, 7.7645], "texture": "#0"},
				"up": {"uv": [9.48666, 5.43501, 11.33531, 7.7645], "texture": "#0"},
				"down": {"uv": [9.48666, 5.43501, 11.33531, 7.7645], "texture": "#0"}
			}
		},
		{
			"name": "bone",
			"from": [7, -9.7, 7.6],
			"to": [7, -8, 8.5],
			"rotation": {"angle": -22.5, "axis": "z", "origin": [1, -12, -6]},
			"faces": {
				"north": {"uv": [2.00021, 6.74259, 2.95343, 7.93353], "rotation": 180, "texture": "#missing"},
				"east": {"uv": [2.00021, 6.74259, 2.95343, 7.93353], "rotation": 180, "texture": "#0"},
				"south": {"uv": [2.00021, 6.74259, 2.95343, 7.93353], "rotation": 180, "texture": "#missing"},
				"west": {"uv": [2.00021, 6.74259, 2.95343, 7.93353], "rotation": 180, "texture": "#0"},
				"up": {"uv": [2.00021, 6.74259, 2.95343, 7.93353], "rotation": 270, "texture": "#missing"},
				"down": {"uv": [2.00021, 6.74259, 2.95343, 7.93353], "rotation": 90, "texture": "#missing"}
			}
		},
		{
			"name": "bone",
			"from": [6.5, -11, 8],
			"to": [7.4, -9.3, 8],
			"rotation": {"angle": -22.5, "axis": "z", "origin": [1, -12, -6]},
			"faces": {
				"north": {"uv": [2.98053, 6.72904, 2.04086, 7.89289], "texture": "#0"},
				"east": {"uv": [2.98053, 6.72904, 2.04086, 7.89289], "texture": "#0"},
				"south": {"uv": [2.98053, 6.72904, 2.04086, 7.89289], "texture": "#0"},
				"west": {"uv": [2.98053, 6.72904, 2.04086, 7.89289], "texture": "#missing"},
				"up": {"uv": [2.98053, 6.72904, 2.04086, 7.89289], "texture": "#missing"},
				"down": {"uv": [2.98053, 6.72904, 2.04086, 7.89289], "texture": "#missing"}
			}
		},
		{
			"name": "bone",
			"from": [7, -12.8, 8.4],
			"to": [7, -14.5, 7.5],
			"rotation": {"angle": 0, "axis": "y", "origin": [1, -12, -6]},
			"faces": {
				"north": {"uv": [3.00275, 6.78324, 3.91533, 7.87934], "rotation": 180, "texture": "#missing"},
				"east": {"uv": [3.00275, 6.78324, 3.91533, 7.87934], "rotation": 180, "texture": "#0"},
				"south": {"uv": [3.00275, 6.78324, 3.91533, 7.87934], "rotation": 180, "texture": "#missing"},
				"west": {"uv": [3.00275, 6.78324, 3.91533, 7.87934], "rotation": 180, "texture": "#0"},
				"up": {"uv": [3.00275, 6.78324, 3.91533, 7.87934], "rotation": 270, "texture": "#missing"},
				"down": {"uv": [3.00275, 6.78324, 3.91533, 7.87934], "rotation": 90, "texture": "#missing"}
			}
		},
		{
			"name": "group",
			"from": [-5.5173, -6.94573, 7.50301],
			"to": [-4.45426, -5.44573, 8.23173],
			"rotation": {"angle": -45, "axis": "z", "origin": [3.17837, -17.90597, -0.63263]},
			"faces": {
				"north": {"uv": [5.97439, 6.71909, 8.20237, 6.15929], "texture": "#0"},
				"east": {"uv": [5.97439, 6.71909, 8.20237, 6.15929], "texture": "#0"},
				"south": {"uv": [5.97439, 6.71909, 8.20237, 6.15929], "texture": "#0"},
				"west": {"uv": [5.97439, 6.71909, 8.20237, 6.15929], "texture": "#0"},
				"up": {"uv": [5.97439, 6.71909, 8.20237, 6.15929], "rotation": 90, "texture": "#0"},
				"down": {"uv": [5.97439, 6.71909, 8.20237, 6.15929], "rotation": 270, "texture": "#0"}
			}
		},
		{
			"name": "group",
			"from": [-6.7673, -5.69573, 7.50301],
			"to": [-5.70426, -4.19573, 8.23173],
			"rotation": {"angle": -45, "axis": "z", "origin": [3.17837, -17.90597, -0.63263]},
			"faces": {
				"north": {"uv": [5.97439, 6.71909, 8.20237, 6.15929], "texture": "#0"},
				"east": {"uv": [5.97439, 6.71909, 8.20237, 6.15929], "texture": "#0"},
				"south": {"uv": [5.97439, 6.71909, 8.20237, 6.15929], "texture": "#0"},
				"west": {"uv": [5.97439, 6.71909, 8.20237, 6.15929], "texture": "#0"},
				"up": {"uv": [5.97439, 6.71909, 8.20237, 6.15929], "rotation": 90, "texture": "#0"},
				"down": {"uv": [5.97439, 6.71909, 8.20237, 6.15929], "rotation": 270, "texture": "#0"}
			}
		},
		{
			"name": "group",
			"from": [17.63861, 15.2897, 8.23173],
			"to": [16.13861, 14.22666, 7.50301],
			"rotation": {"angle": 22.5, "axis": "z", "origin": [3.17837, -17.90597, -0.63263]},
			"faces": {
				"north": {"uv": [5.97439, 6.71909, 8.20237, 6.15929], "rotation": 90, "texture": "#0"},
				"east": {"uv": [5.97439, 6.71909, 8.20237, 6.15929], "texture": "#0"},
				"south": {"uv": [5.97439, 6.71909, 8.20237, 6.15929], "rotation": 270, "texture": "#0"},
				"west": {"uv": [5.97439, 6.71909, 8.20237, 6.15929], "rotation": 180, "texture": "#0"},
				"up": {"uv": [5.97439, 6.71909, 8.20237, 6.15929], "rotation": 270, "texture": "#0"},
				"down": {"uv": [5.97439, 6.71909, 8.20237, 6.15929], "rotation": 270, "texture": "#0"}
			}
		},
		{
			"name": "group",
			"from": [14.63861, 11.22666, 7.50301],
			"to": [16.13861, 12.2897, 8.23173],
			"rotation": {"angle": 22.5, "axis": "z", "origin": [3.17837, -17.90597, -0.63263]},
			"faces": {
				"north": {"uv": [5.97439, 6.71909, 8.20237, 6.15929], "rotation": 270, "texture": "#0"},
				"east": {"uv": [5.97439, 6.71909, 8.20237, 6.15929], "rotation": 180, "texture": "#0"},
				"south": {"uv": [5.97439, 6.71909, 8.20237, 6.15929], "rotation": 90, "texture": "#0"},
				"west": {"uv": [5.97439, 6.71909, 8.20237, 6.15929], "texture": "#0"},
				"up": {"uv": [5.97439, 6.71909, 8.20237, 6.15929], "rotation": 90, "texture": "#0"},
				"down": {"uv": [5.97439, 6.71909, 8.20237, 6.15929], "rotation": 90, "texture": "#0"}
			}
		},
		{
			"name": "group",
			"from": [19.63861, 17.2897, 8.23173],
			"to": [18.13861, 16.22666, 7.50301],
			"rotation": {"angle": 22.5, "axis": "z", "origin": [3.17837, -17.90597, -0.63263]},
			"faces": {
				"north": {"uv": [5.97439, 6.71909, 8.20237, 6.15929], "rotation": 90, "texture": "#0"},
				"east": {"uv": [5.97439, 6.71909, 8.20237, 6.15929], "texture": "#0"},
				"south": {"uv": [5.97439, 6.71909, 8.20237, 6.15929], "rotation": 270, "texture": "#0"},
				"west": {"uv": [5.97439, 6.71909, 8.20237, 6.15929], "rotation": 180, "texture": "#0"},
				"up": {"uv": [5.97439, 6.71909, 8.20237, 6.15929], "rotation": 270, "texture": "#0"},
				"down": {"uv": [5.97439, 6.71909, 8.20237, 6.15929], "rotation": 270, "texture": "#0"}
			}
		},
		{
			"name": "group",
			"from": [10.73985, -2.27915, 7.11374],
			"to": [12.11689, -1.64833, 8.47717],
			"rotation": {"angle": 22.5, "axis": "z", "origin": [3.17837, -14.71374, -1.20455]},
			"faces": {
				"north": {"uv": [6.68459, 6.91279, 7.37119, 6.0488], "texture": "#0"},
				"east": {"uv": [6.68459, 6.91279, 7.37119, 6.0488], "texture": "#0"},
				"south": {"uv": [6.68459, 6.91279, 7.37119, 6.0488], "texture": "#0"},
				"west": {"uv": [6.68459, 6.91279, 7.37119, 6.0488], "texture": "#0"},
				"up": {"uv": [6.68459, 6.91279, 7.37119, 6.0488], "texture": "#0"},
				"down": {"uv": [6.68459, 6.91279, 7.37119, 6.0488], "texture": "#0"}
			}
		},
		{
			"name": "group",
			"from": [11.40193, -1.80754, 7.23349],
			"to": [12.45481, -0.35983, 8.27275],
			"rotation": {"angle": 22.5, "axis": "z", "origin": [3.17837, -15.78553, -0.74688]},
			"faces": {
				"north": {"uv": [9.65072, 5.67591, 11.40453, 7.6902], "texture": "#0"},
				"east": {"uv": [9.65072, 5.67591, 11.40453, 7.6902], "texture": "#0"},
				"south": {"uv": [9.65072, 5.67591, 11.40453, 7.6902], "texture": "#0"},
				"west": {"uv": [9.65072, 5.67591, 11.40453, 7.6902], "texture": "#0"},
				"up": {"uv": [9.65072, 5.67591, 11.40453, 7.6902], "texture": "#0"},
				"down": {"uv": [9.65072, 5.67591, 11.40453, 7.6902], "texture": "#0"}
			}
		},
		{
			"name": "group",
			"from": [4.90193, 1.01004, 7.30747],
			"to": [5.95481, 7.5298, 8.34673],
			"rotation": {"angle": 0, "axis": "y", "origin": [1, -14, 0]},
			"faces": {
				"north": {"uv": [9.616, 5.47576, 11.46465, 7.63061], "texture": "#0"},
				"east": {"uv": [9.616, 5.47576, 11.46465, 7.63061], "texture": "#0"},
				"south": {"uv": [9.616, 5.47576, 11.46465, 7.63061], "texture": "#0"},
				"west": {"uv": [9.616, 5.47576, 11.46465, 7.63061], "texture": "#0"},
				"up": {"uv": [9.616, 7.63061, 11.46465, 5.47576], "texture": "#0"},
				"down": {"uv": [9.616, 7.63061, 11.46465, 5.47576], "texture": "#0"}
			}
		},
		{
			"name": "group",
			"from": [4.73985, 7.50074, 7.18152],
			"to": [6.11689, 7.91545, 8.54495],
			"rotation": {"angle": 0, "axis": "y", "origin": [1, -14, 0]},
			"faces": {
				"north": {"uv": [7.48391, 6.83637, 4.90548, 6.98846], "texture": "#0"},
				"east": {"uv": [7.48391, 6.83637, 4.90548, 6.98846], "texture": "#0"},
				"south": {"uv": [7.48391, 6.83637, 4.90548, 6.98846], "texture": "#0"},
				"west": {"uv": [7.48391, 6.83637, 4.90548, 6.98846], "texture": "#0"},
				"up": {"uv": [7.48391, 6.83637, 4.90548, 6.98846], "texture": "#0"},
				"down": {"uv": [7.48391, 6.83637, 4.90548, 6.98846], "texture": "#0"}
			}
		},
		{
			"name": "group",
			"from": [9.15193, 5.78849, 7.44783],
			"to": [10.20481, 8.71063, 8.48709],
			"rotation": {"angle": 22.5, "axis": "z", "origin": [3.17837, -3.83248, -0.28254]},
			"faces": {
				"north": {"uv": [9.56351, 5.46782, 11.27668, 7.5997], "texture": "#0"},
				"east": {"uv": [9.56351, 5.46782, 11.27668, 7.5997], "texture": "#0"},
				"south": {"uv": [9.56351, 5.46782, 11.27668, 7.5997], "texture": "#0"},
				"west": {"uv": [9.56351, 5.46782, 11.27668, 7.5997], "texture": "#0"},
				"up": {"uv": [9.56351, 5.46782, 11.27668, 7.5997], "texture": "#0"},
				"down": {"uv": [9.56351, 5.46782, 11.27668, 7.5997], "texture": "#0"}
			}
		},
		{
			"name": "group",
			"from": [8.98985, 8.6343, 7.25519],
			"to": [10.36689, 9.13006, 8.61861],
			"rotation": {"angle": 22.5, "axis": "z", "origin": [3.17837, -3.90834, -0.3131]},
			"faces": {
				"north": {"uv": [9.07335, 6.05112, 5.2572, 6.66512], "texture": "#0"},
				"east": {"uv": [9.07335, 6.05112, 5.2572, 6.66512], "texture": "#0"},
				"south": {"uv": [9.07335, 6.05112, 5.2572, 6.66512], "texture": "#0"},
				"west": {"uv": [9.07335, 6.05112, 5.2572, 6.66512], "texture": "#0"},
				"up": {"uv": [9.07335, 6.05112, 5.2572, 6.66512], "texture": "#0"},
				"down": {"uv": [9.07335, 6.05112, 5.2572, 6.66512], "texture": "#0"}
			}
		},
		{
			"name": "group",
			"from": [8.15193, 9.22597, 7.3],
			"to": [9.20481, 11.82986, 8.33927],
			"rotation": {"angle": 22.5, "axis": "z", "origin": [3.17837, -1.21325, 0.96981]},
			"faces": {
				"north": {"uv": [9.61367, 5.61685, 11.05588, 7.5018], "texture": "#0"},
				"east": {"uv": [9.61367, 5.61685, 11.05588, 7.5018], "texture": "#0"},
				"south": {"uv": [9.61367, 5.61685, 11.05588, 7.5018], "texture": "#0"},
				"west": {"uv": [9.61367, 5.61685, 11.05588, 7.5018], "texture": "#0"},
				"up": {"uv": [9.61367, 5.61685, 11.05588, 7.5018], "texture": "#0"},
				"down": {"uv": [9.61367, 5.61685, 11.05588, 7.5018], "texture": "#0"}
			}
		},
		{
			"name": "group",
			"from": [2.73985, 12.72452, 7.2],
			"to": [4.11689, 13.32832, 8.56342],
			"rotation": {"angle": 0, "axis": "y", "origin": [1, -14, 0]},
			"faces": {
				"north": {"uv": [5.99365, 6.89416, 7.9402, 6.61272], "texture": "#0"},
				"east": {"uv": [5.99365, 6.89416, 7.9402, 6.61272], "texture": "#0"},
				"south": {"uv": [5.99365, 6.89416, 7.9402, 6.61272], "texture": "#0"},
				"west": {"uv": [5.99365, 6.89416, 7.9402, 6.61272], "texture": "#0"},
				"up": {"uv": [5.99365, 6.89416, 7.9402, 6.61272], "texture": "#0"},
				"down": {"uv": [5.99365, 6.89416, 7.9402, 6.61272], "texture": "#0"}
			}
		},
		{
			"name": "group",
			"from": [2.73985, 15.72452, 7.2],
			"to": [4.11689, 16.32832, 8.56342],
			"rotation": {"angle": 0, "axis": "y", "origin": [1, -14, 0]},
			"faces": {
				"north": {"uv": [5.99365, 6.89416, 7.9402, 6.61272], "texture": "#0"},
				"east": {"uv": [5.99365, 6.89416, 7.9402, 6.61272], "texture": "#0"},
				"south": {"uv": [5.99365, 6.89416, 7.9402, 6.61272], "texture": "#0"},
				"west": {"uv": [5.99365, 6.89416, 7.9402, 6.61272], "texture": "#0"},
				"up": {"uv": [5.99365, 6.89416, 7.9402, 6.61272], "texture": "#0"},
				"down": {"uv": [5.99365, 6.89416, 7.9402, 6.61272], "texture": "#0"}
			}
		},
		{
			"name": "group",
			"from": [2.90193, 13.10749, 7.45],
			"to": [3.95481, 15.82433, 8.48927],
			"rotation": {"angle": 0, "axis": "y", "origin": [1, -14, 0]},
			"faces": {
				"north": {"uv": [9.59526, 5.58976, 11.4439, 7.63728], "texture": "#0"},
				"east": {"uv": [9.59526, 5.58976, 11.4439, 7.63728], "texture": "#0"},
				"south": {"uv": [9.59526, 5.58976, 11.4439, 7.63728], "texture": "#0"},
				"west": {"uv": [9.59526, 5.58976, 11.4439, 7.63728], "texture": "#0"},
				"up": {"uv": [9.59526, 5.58976, 11.4439, 7.63728], "texture": "#0"},
				"down": {"uv": [9.59526, 5.58976, 11.4439, 7.63728], "texture": "#0"}
			}
		},
		{
			"name": "group",
			"from": [-8.84807, 14.60749, 7.45],
			"to": [-7.79519, 17.32433, 8.48927],
			"rotation": {"angle": -22.5, "axis": "z", "origin": [1, -14, 0]},
			"faces": {
				"north": {"uv": [9.59526, 5.58976, 11.4439, 7.63728], "texture": "#0"},
				"east": {"uv": [9.59526, 5.58976, 11.4439, 7.63728], "texture": "#0"},
				"south": {"uv": [9.59526, 5.58976, 11.4439, 7.63728], "texture": "#0"},
				"west": {"uv": [9.59526, 5.58976, 11.4439, 7.63728], "texture": "#0"},
				"up": {"uv": [9.59526, 5.58976, 11.4439, 7.63728], "texture": "#0"},
				"down": {"uv": [9.59526, 5.58976, 11.4439, 7.63728], "texture": "#0"}
			}
		},
		{
			"name": "group",
			"from": [2.15193, 22.6253, 7.5],
			"to": [3.20481, 25.5253, 8.53927],
			"rotation": {"angle": -22.5, "axis": "z", "origin": [-5.82163, 16.48865, 0.87315]},
			"faces": {
				"north": {"uv": [11.43629, 5.35838, 9.55928, 7.59865], "texture": "#0"},
				"east": {"uv": [11.43629, 5.35838, 9.55928, 7.59865], "texture": "#0"},
				"south": {"uv": [11.43629, 5.35838, 9.55928, 7.59865], "texture": "#0"},
				"west": {"uv": [11.43629, 5.35838, 9.55928, 7.59865], "texture": "#0"},
				"up": {"uv": [11.43629, 5.35838, 9.55928, 7.59865], "texture": "#0"},
				"down": {"uv": [11.43629, 5.35838, 9.55928, 7.59865], "texture": "#0"}
			}
		},
		{
			"name": "group",
			"from": [-9.01015, 17.22452, 7.2],
			"to": [-7.63311, 17.82832, 8.56342],
			"rotation": {"angle": -22.5, "axis": "z", "origin": [1, -14, 0]},
			"faces": {
				"north": {"uv": [5.99365, 6.89416, 7.9402, 6.61272], "texture": "#0"},
				"east": {"uv": [5.99365, 6.89416, 7.9402, 6.61272], "texture": "#0"},
				"south": {"uv": [5.99365, 6.89416, 7.9402, 6.61272], "texture": "#0"},
				"west": {"uv": [5.99365, 6.89416, 7.9402, 6.61272], "texture": "#0"},
				"up": {"uv": [5.99365, 6.89416, 7.9402, 6.61272], "texture": "#0"},
				"down": {"uv": [5.99365, 6.89416, 7.9402, 6.61272], "texture": "#0"}
			}
		},
		{
			"name": "group",
			"from": [-7.88311, 20.82832, 7.56342],
			"to": [-9.26015, 20.22452, 8.56342],
			"rotation": {"angle": -22.5, "axis": "z", "origin": [1, -14, 0]},
			"faces": {
				"north": {"uv": [5.99365, 6.89416, 7.9402, 6.61272], "rotation": 180, "texture": "#0"},
				"east": {"uv": [5.99365, 6.89416, 7.9402, 6.61272], "rotation": 180, "texture": "#0"},
				"south": {"uv": [5.99365, 6.89416, 7.9402, 6.61272], "rotation": 180, "texture": "#0"},
				"west": {"uv": [5.99365, 6.89416, 7.9402, 6.61272], "rotation": 180, "texture": "#0"},
				"up": {"uv": [5.99365, 6.89416, 7.9402, 6.61272], "rotation": 180, "texture": "#0"},
				"down": {"uv": [5.99365, 6.89416, 7.9402, 6.61272], "rotation": 180, "texture": "#0"}
			}
		},
		{
			"name": "group",
			"from": [2.15193, 25.6253, 7.45],
			"to": [3.20481, 28.2253, 8.48927],
			"rotation": {"angle": -22.5, "axis": "z", "origin": [-5.82163, 16.48865, 0.87315]},
			"faces": {
				"north": {"uv": [9.75508, 5.46465, 11.41406, 7.62055], "texture": "#0"},
				"east": {"uv": [9.75508, 5.46465, 11.41406, 7.62055], "texture": "#0"},
				"south": {"uv": [9.75508, 5.46465, 11.41406, 7.62055], "texture": "#0"},
				"west": {"uv": [9.75508, 5.46465, 11.41406, 7.62055], "texture": "#0"},
				"up": {"uv": [9.75508, 5.46465, 11.41406, 7.62055], "texture": "#0"},
				"down": {"uv": [9.75508, 5.46465, 11.41406, 7.62055], "texture": "#0"}
			}
		},
		{
			"name": "group",
			"from": [-7.88311, 23.82832, 7.56342],
			"to": [-9.26015, 23.22452, 8.56342],
			"rotation": {"angle": -22.5, "axis": "z", "origin": [1, -14, 0]},
			"faces": {
				"north": {"uv": [5.99365, 6.89416, 7.9402, 6.61272], "rotation": 180, "texture": "#0"},
				"east": {"uv": [5.99365, 6.89416, 7.9402, 6.61272], "rotation": 180, "texture": "#0"},
				"south": {"uv": [5.99365, 6.89416, 7.9402, 6.61272], "rotation": 180, "texture": "#0"},
				"west": {"uv": [5.99365, 6.89416, 7.9402, 6.61272], "rotation": 180, "texture": "#0"},
				"up": {"uv": [5.99365, 6.89416, 7.9402, 6.61272], "rotation": 180, "texture": "#0"},
				"down": {"uv": [5.99365, 6.89416, 7.9402, 6.61272], "rotation": 180, "texture": "#0"}
			}
		},
		{
			"name": "group",
			"from": [-2.04519, 31.9, 8.28927],
			"to": [-3.09807, 29.5, 7.25],
			"rotation": {"angle": -45, "axis": "z", "origin": [-5.82163, 16.48865, 0.87315]},
			"faces": {
				"north": {"uv": [11.47142, 5.49386, 9.55377, 7.51429], "rotation": 180, "texture": "#0"},
				"east": {"uv": [11.47142, 5.49386, 9.55377, 7.51429], "rotation": 180, "texture": "#0"},
				"south": {"uv": [11.47142, 5.49386, 9.55377, 7.51429], "rotation": 180, "texture": "#0"},
				"west": {"uv": [11.47142, 5.49386, 9.55377, 7.51429], "rotation": 180, "texture": "#0"},
				"up": {"uv": [11.47142, 5.49386, 9.55377, 7.51429], "rotation": 180, "texture": "#0"},
				"down": {"uv": [11.47142, 5.49386, 9.55377, 7.51429], "rotation": 180, "texture": "#0"}
			}
		},
		{
			"name": "bone",
			"from": [-2.9, 24, 7.25],
			"to": [-0.6, 26, 9.25],
			"rotation": {"angle": -22.5, "axis": "z", "origin": [6, 2, -6]},
			"faces": {
				"north": {"uv": [15.3768, 9.45512, 10.60923, 12.08467], "texture": "#0"},
				"east": {"uv": [15.3768, 9.45512, 10.60923, 12.08467], "texture": "#0"},
				"south": {"uv": [15.3768, 9.45512, 10.60923, 12.08467], "texture": "#0"},
				"west": {"uv": [15.3768, 9.45512, 10.60923, 12.08467], "texture": "#0"},
				"up": {"uv": [15.3768, 9.45513, 10.60923, 12.08468], "texture": "#0"},
				"down": {"uv": [15.3768, 9.45513, 10.60923, 12.08468], "texture": "#0"}
			}
		},
		{
			"name": "bone",
			"from": [-0.25, 25, 7.75],
			"to": [1.75, 27, 8.75],
			"rotation": {"angle": -22.5, "axis": "z", "origin": [6, 2, -6]},
			"faces": {
				"north": {"uv": [2.77731, 8.29255, 6.98942, 10.85182], "rotation": 270, "texture": "#0"},
				"east": {"uv": [2.77731, 8.29255, 6.98942, 10.85182], "texture": "#0"},
				"south": {"uv": [2.77731, 8.29255, 6.98942, 10.85182], "rotation": 90, "texture": "#0"},
				"west": {"uv": [2.77731, 8.29255, 6.98942, 10.85182], "rotation": 180, "texture": "#0"},
				"up": {"uv": [2.77731, 8.29255, 6.98942, 10.85182], "rotation": 90, "texture": "#0"},
				"down": {"uv": [2.77731, 8.29255, 6.98942, 10.85182], "rotation": 90, "texture": "#0"}
			}
		},
		{
			"name": "bone",
			"from": [-5.25, 25, 7.75],
			"to": [-3.25, 27, 8.75],
			"rotation": {"angle": -22.5, "axis": "z", "origin": [6, 2, -6]},
			"faces": {
				"north": {"uv": [2.77731, 8.29255, 6.98942, 10.85182], "rotation": 270, "texture": "#0"},
				"east": {"uv": [2.77731, 8.29255, 6.98942, 10.85182], "texture": "#0"},
				"south": {"uv": [2.77731, 8.29255, 6.98942, 10.85182], "rotation": 90, "texture": "#0"},
				"west": {"uv": [2.77731, 8.29255, 6.98942, 10.85182], "rotation": 180, "texture": "#0"},
				"up": {"uv": [2.77731, 8.29255, 6.98942, 10.85182], "rotation": 90, "texture": "#0"},
				"down": {"uv": [2.77731, 8.29255, 6.98942, 10.85182], "rotation": 90, "texture": "#0"}
			}
		},
		{
			"name": "bone",
			"from": [4, 26, 8],
			"to": [6, 28, 9],
			"rotation": {"angle": 0, "axis": "y", "origin": [6, 2, -6]},
			"faces": {
				"north": {"uv": [2.77731, 8.29255, 6.98942, 10.85182], "rotation": 270, "texture": "#0"},
				"east": {"uv": [2.77731, 8.29255, 6.98942, 10.85182], "texture": "#0"},
				"south": {"uv": [2.77731, 8.29255, 6.98942, 10.85182], "rotation": 90, "texture": "#0"},
				"west": {"uv": [2.77731, 8.29255, 6.98942, 10.85182], "rotation": 180, "texture": "#0"},
				"up": {"uv": [2.77731, 8.29255, 6.98942, 10.85182], "rotation": 90, "texture": "#0"},
				"down": {"uv": [2.77731, 8.29255, 6.98942, 10.85182], "rotation": 90, "texture": "#0"}
			}
		},
		{
			"name": "bone",
			"from": [-3.25, 27, 7.6],
			"to": [-0.25, 29, 7.6],
			"rotation": {"angle": -22.5, "axis": "z", "origin": [6, 2, -6]},
			"faces": {
				"north": {"uv": [9.55716, 8.07028, 15.88887, 9.3967], "texture": "#0"},
				"east": {"uv": [9.81457, 12.31075, 15.64501, 13.37976], "texture": "#missing"},
				"south": {"uv": [9.55716, 8.07028, 15.88887, 9.3967], "texture": "#0"},
				"west": {"uv": [9.81457, 12.31075, 15.64501, 13.37976], "texture": "#missing"},
				"up": {"uv": [9.81456, 12.31075, 15.64501, 13.37976], "rotation": 270, "texture": "#missing"},
				"down": {"uv": [9.81456, 12.31075, 15.64501, 13.37976], "rotation": 90, "texture": "#missing"}
			}
		},
		{
			"name": "bone",
			"from": [-1.25, 29.25, 9.25],
			"to": [-3.25, 25.75, 7.75],
			"rotation": {"angle": -22.5, "axis": "z", "origin": [0, 2, -6]},
			"faces": {
				"north": {"uv": [12.29234, 10.47248, 13.07367, 9.7138], "rotation": 180, "texture": "#0"},
				"east": {"uv": [12.29234, 10.47248, 13.07367, 9.7138], "rotation": 180, "texture": "#0"},
				"south": {"uv": [12.29234, 10.47248, 13.07367, 9.7138], "rotation": 180, "texture": "#0"},
				"west": {"uv": [12.29234, 10.47248, 13.07367, 9.7138], "rotation": 180, "texture": "#0"},
				"up": {"uv": [12.29234, 10.47248, 13.07367, 9.7138], "rotation": 90, "texture": "#0"},
				"down": {"uv": [12.29234, 10.47248, 13.07367, 9.7138], "rotation": 270, "texture": "#0"}
			}
		},
		{
			"name": "bone",
			"from": [14.5, 20, 7.35],
			"to": [16.5, 23, 8.25],
			"rotation": {"angle": 22.5, "axis": "z", "origin": [0, 2, -6]},
			"faces": {
				"north": {"uv": [16, 5.29171, 12.90623, 3.66723], "rotation": 90, "texture": "#0"},
				"east": {"uv": [12.90623, 3.5724, 16, 5.19687], "rotation": 180, "texture": "#0"},
				"south": {"uv": [16, 5.29171, 12.90623, 3.66723], "rotation": 270, "texture": "#0"},
				"west": {"uv": [12.90623, 3.5724, 16, 5.19687], "texture": "#0"},
				"up": {"uv": [12.90623, 3.5724, 16, 5.19687], "rotation": 270, "texture": "#0"},
				"down": {"uv": [12.90623, 3.5724, 16, 5.19687], "rotation": 270, "texture": "#0"}
			}
		},
		{
			"name": "bone",
			"from": [15, 19.5, 7.35],
			"to": [18, 21.5, 8.25],
			"rotation": {"angle": 22.5, "axis": "z", "origin": [0, 2, -6]},
			"faces": {
				"north": {"uv": [12.90623, 3.66723, 16, 5.29171], "texture": "#0"},
				"east": {"uv": [12.90623, 3.5724, 16, 5.19687], "texture": "#0"},
				"south": {"uv": [12.90623, 3.66723, 16, 5.29171], "texture": "#0"},
				"west": {"uv": [12.90623, 3.5724, 16, 5.19687], "texture": "#0"},
				"up": {"uv": [12.90623, 3.5724, 16, 5.19687], "rotation": 90, "texture": "#0"},
				"down": {"uv": [12.90623, 3.5724, 16, 5.19687], "rotation": 270, "texture": "#0"}
			}
		},
		{
			"name": "bone",
			"from": [0, 24.5, 8],
			"to": [0.5, 26.2, 8.9],
			"rotation": {"angle": -22.5, "axis": "z", "origin": [0, 2, -6]},
			"faces": {
				"north": {"uv": [9.91215, 5.4691, 11.00085, 7.51355], "texture": "#0"},
				"east": {"uv": [9.91215, 5.4691, 11.00085, 7.51355], "texture": "#0"},
				"south": {"uv": [9.91215, 5.4691, 11.00085, 7.51355], "texture": "#0"},
				"west": {"uv": [9.91215, 5.4691, 11.00085, 7.51355], "texture": "#0"},
				"up": {"uv": [9.91215, 5.4691, 11.00085, 7.51355], "rotation": 270, "texture": "#0"},
				"down": {"uv": [9.91215, 5.4691, 11.00085, 7.51355], "rotation": 90, "texture": "#0"}
			}
		},
		{
			"name": "bone",
			"from": [9.25, 23.7, 7.5],
			"to": [8.35, 22, 7.5],
			"rotation": {"angle": 0, "axis": "x", "origin": [0, 2, -6]},
			"faces": {
				"north": {"uv": [2.00021, 6.74259, 2.95343, 7.93353], "rotation": 180, "texture": "#0"},
				"east": {"uv": [2.00021, 6.74259, 2.95343, 7.93353], "rotation": 180, "texture": "#missing"},
				"south": {"uv": [2.00021, 6.74259, 2.95343, 7.93353], "rotation": 180, "texture": "#0"},
				"west": {"uv": [2.00021, 6.74259, 2.95343, 7.93353], "rotation": 180, "texture": "#missing"},
				"up": {"uv": [2.00021, 6.74259, 2.95343, 7.93353], "texture": "#missing"},
				"down": {"uv": [2.00021, 6.74259, 2.95343, 7.93353], "texture": "#missing"}
			}
		},
		{
			"name": "bone",
			"from": [8.75, 22.2, 8.25],
			"to": [8.75, 20.5, 7.35],
			"rotation": {"angle": 0, "axis": "y", "origin": [0, 2, -6]},
			"faces": {
				"north": {"uv": [2.00021, 6.74259, 2.95343, 7.93353], "rotation": 180, "texture": "#missing"},
				"east": {"uv": [3.00275, 6.62066, 3.95597, 7.8116], "rotation": 180, "texture": "#0"},
				"south": {"uv": [2.00021, 6.74259, 2.95343, 7.93353], "rotation": 180, "texture": "#missing"},
				"west": {"uv": [3.00275, 6.62066, 3.95597, 7.8116], "rotation": 180, "texture": "#0"},
				"up": {"uv": [2.00021, 6.74259, 2.95343, 7.93353], "rotation": 90, "texture": "#missing"},
				"down": {"uv": [2.00021, 6.74259, 2.95343, 7.93353], "rotation": 270, "texture": "#missing"}
			}
		},
		{
			"name": "bone",
			"from": [-3, 13, 7.25],
			"to": [-3, 14.7, 8.15],
			"rotation": {"angle": -22.5, "axis": "z", "origin": [0, 2, -6]},
			"faces": {
				"north": {"uv": [3.42274, 6.62066, 4.67401, 7.5], "texture": "#missing"},
				"east": {"uv": [2.93988, 6.74259, 2.04086, 7.94708], "texture": "#0"},
				"south": {"uv": [3.42274, 6.62066, 4.67401, 7.5], "texture": "#missing"},
				"west": {"uv": [2.93988, 6.74259, 2.04086, 7.94708], "texture": "#0"},
				"up": {"uv": [3.42274, 6.62066, 4.67401, 7.5], "rotation": 90, "texture": "#missing"},
				"down": {"uv": [3.42274, 6.62066, 4.67401, 7.5], "rotation": 270, "texture": "#missing"}
			}
		},
		{
			"name": "bone",
			"from": [-3.5, 14, 7.75],
			"to": [-2.6, 15.7, 7.75],
			"rotation": {"angle": -22.5, "axis": "z", "origin": [0, 2, -6]},
			"faces": {
				"north": {"uv": [2.93988, 6.74259, 2.04086, 7.94708], "texture": "#0"},
				"east": {"uv": [3.42274, 6.62066, 4.67401, 7.5], "texture": "#missing"},
				"south": {"uv": [2.93988, 6.74259, 2.04086, 7.94708], "texture": "#0"},
				"west": {"uv": [3.42274, 6.62066, 4.67401, 7.5], "texture": "#missing"},
				"up": {"uv": [3.42274, 6.62066, 4.67401, 7.5], "texture": "#missing"},
				"down": {"uv": [3.42274, 6.62066, 4.67401, 7.5], "texture": "#missing"}
			}
		},
		{
			"name": "bone",
			"from": [-3.5, 12, 7.75],
			"to": [-2.6, 13.7, 7.75],
			"rotation": {"angle": -22.5, "axis": "z", "origin": [0, 2, -6]},
			"faces": {
				"north": {"uv": [3.94242, 6.53937, 3.0434, 7.74386], "texture": "#0"},
				"east": {"uv": [3.42274, 6.62066, 4.67401, 7.5], "texture": "#missing"},
				"south": {"uv": [2.93988, 6.74259, 2.04086, 7.94708], "texture": "#0"},
				"west": {"uv": [3.42274, 6.62066, 4.67401, 7.5], "texture": "#missing"},
				"up": {"uv": [3.42274, 6.62066, 4.67401, 7.5], "texture": "#missing"},
				"down": {"uv": [3.42274, 6.62066, 4.67401, 7.5], "texture": "#missing"}
			}
		},
		{
			"name": "bone",
			"from": [-2, 20, 7.7],
			"to": [19, 31, 7.7],
			"rotation": {"angle": -22.5, "axis": "z", "origin": [0, 2, -6]},
			"faces": {
				"north": {"uv": [0, 0.04064, 11.04149, 5.24767], "texture": "#0"},
				"east": {"uv": [0.63675, 0, 13.80525, 5.69475], "texture": "#missing"},
				"south": {"uv": [11.04149, 0.04064, 0, 5.24767], "texture": "#0"},
				"west": {"uv": [0.63675, 0, 13.80525, 5.69475], "texture": "#missing"},
				"up": {"uv": [0.63675, 0, 13.80525, 5.69475], "rotation": 90, "texture": "#missing"},
				"down": {"uv": [0.63675, 0, 13.80525, 5.69475], "rotation": 270, "texture": "#missing"}
			}
		},
		{
			"name": "bone",
			"from": [-12, 23, 7.95],
			"to": [-3, 30, 7.95],
			"rotation": {"angle": -22.5, "axis": "z", "origin": [0, 2, -6]},
			"faces": {
				"north": {"uv": [11.36664, 0.6232, 15.3876, 3.51609], "texture": "#0"},
				"east": {"uv": [11.17697, 0.50127, 15.21147, 3.47544], "texture": "#missing"},
				"south": {"uv": [15.3876, 0.6232, 11.36664, 3.51609], "texture": "#0"},
				"west": {"uv": [11.17697, 0.50127, 15.21147, 3.47544], "texture": "#missing"},
				"up": {"uv": [11.17697, 0.50127, 15.21147, 3.47544], "rotation": 90, "texture": "#missing"},
				"down": {"uv": [11.17697, 0.50127, 15.21147, 3.47544], "rotation": 270, "texture": "#missing"}
			}
		}
	],
	"display": {
		"thirdperson_righthand": {
			"rotation": [66.99, 89.34, -66.78],
			"translation": [0.25, 14, -1.25],
			"scale": [1.39258, 1.27344, 1.50586]
		},
		"thirdperson_lefthand": {
			"rotation": [68, 2, 46],
			"translation": [-10.5, -6.5, 8.75]
		},
		"firstperson_righthand": {
			"rotation": [-24.83, 85.53, 21.15],
			"translation": [7.5, -0.25, -5.5],
			"scale": [0.84961, 0.85742, 1]
		},
		"firstperson_lefthand": {
			"rotation": [6, -83, -175.6],
			"translation": [9.5, -12.5, -5.25]
		},
		"ground": {
			"translation": [0, 22.5, 0]
		},
		"gui": {
			"rotation": [0, 180, 41],
			"translation": [-0.75, -0.5, 0],
			"scale": [0.45508, 0.45508, 1]
		},
		"fixed": {
			"rotation": [-90, -57.5, 16],
			"translation": [-5, -8, -52.5],
			"scale": [2.24609, 2.08594, 2.27734]
		}
	},
	"groups": [
		{
			"name": "diamond_sword",
			"origin": [8, 8, 8],
			"color": 0,
			"children": [
				{
					"name": "group",
					"origin": [-11.82163, 16.48865, 0.87315],
					"color": 0,
					"children": [0, 1, 2, 3, 4, 5, 6, 7, 8, 9, 10, 11, 12, 13, 14, 15, 16, 17, 18, 19, 20, 21, 22, 23, 24, 25, 26, 27, 28, 29]
				},
				30,
				31,
				32,
				33,
				34,
				35,
				36,
				37,
				38,
				39,
				40,
				41,
				42,
				43,
				44,
				45
			]
		}
	]
}