{
	"credit": "[ Beelzebub ]",
	"texture_size": [64, 64],
	"textures": {
		"1": "./texture",
		"2": "./BeelzebubSenyum",
		"particle": "./carved_pumpkin/texture"
	},
	"elements": [
		{
			"from": [3, 0, 3],
			"to": [13, 10, 13],
			"faces": {
				"north": {"uv": [0, 0, 4, 4], "texture": "#2"},
				"east": {"uv": [0, 4.1875, 4, 8], "texture": "#2"},
				"south": {"uv": [4.03125, 0, 8.09375, 4], "texture": "#2"},
				"west": {"uv": [3.96875, 4.1875, 7.90625, 7.90625], "texture": "#2"},
				"up": {"uv": [7.90625, 0, 11.96875, 4], "texture": "#2"},
				"down": {"uv": [0, 8.03125, 4, 12.03125], "texture": "#2"}
			}
		},
		{
			"from": [13.75, 3, 1],
			"to": [16.75, 6, 4],
			"rotation": {"angle": 22.5, "axis": "z", "origin": [0, 0, 0]},
			"faces": {
				"north": {"uv": [0, 14.5, 1.5, 16], "texture": "#2"},
				"east": {"uv": [0, 14.5, 1.5, 16], "texture": "#2"},
				"south": {"uv": [0, 14.5, 1.5, 16], "texture": "#2"},
				"west": {"uv": [0, 14.5, 1.5, 16], "texture": "#2"},
				"up": {"uv": [0, 14.5, 1.5, 16], "texture": "#2"},
				"down": {"uv": [0, 14.5, 1.5, 16], "texture": "#2"}
			}
		},
		{
			"from": [10.5, 10.07208, 1.37208],
			"to": [13.5, 16.07208, 3.37208],
			"rotation": {"angle": -45, "axis": "x", "origin": [12, 9.80761, 3.46447]},
			"faces": {
				"north": {"uv": [0, 13, 1.5, 16], "texture": "#2"},
				"east": {"uv": [0, 13, 1, 16], "texture": "#2"},
				"south": {"uv": [0, 13, 1.5, 16], "texture": "#2"},
				"west": {"uv": [0, 13, 1, 16], "texture": "#2"},
				"up": {"uv": [0, 13, 1.5, 14], "texture": "#2"},
				"down": {"uv": [0, 13, 1.5, 14], "texture": "#2"}
			}
		},
		{
			"from": [10.5, 13, -2],
			"to": [13.5, 17, 0],
			"rotation": {"angle": 0, "axis": "y", "origin": [12, 15, -1]},
			"faces": {
				"north": {"uv": [0, 13.92188, 1.5, 15.92188], "texture": "#2"},
				"east": {"uv": [0, 13.92188, 1, 15.92188], "texture": "#2"},
				"south": {"uv": [0, 13.92188, 1.5, 15.92188], "texture": "#2"},
				"west": {"uv": [0, 13.92188, 1, 15.92188], "texture": "#2"},
				"up": {"uv": [0, 13.92188, 1.5, 14.92188], "rotation": 180, "texture": "#2"},
				"down": {"uv": [0, 13.92188, 1.5, 14.92188], "rotation": 180, "texture": "#2"}
			}
		},
		{
			"from": [11, 16.25, -1.75],
			"to": [13, 19.25, 0.25],
			"rotation": {"angle": 22.5, "axis": "x", "origin": [4, 17, 0]},
			"faces": {
				"north": {"uv": [0, 14.5, 1, 16], "texture": "#2"},
				"east": {"uv": [0, 14.5, 1, 16], "texture": "#2"},
				"south": {"uv": [0, 14.5, 1, 16], "texture": "#2"},
				"west": {"uv": [0, 14.5, 1, 16], "texture": "#2"},
				"up": {"uv": [0, 14.5, 1, 15.5], "texture": "#2"},
				"down": {"uv": [0, 14.5, 1, 15.5], "texture": "#2"}
			}
		},
		{
			"from": [-1.75, 9, 1],
			"to": [1.25, 12, 4],
			"rotation": {"angle": -22.5, "axis": "z", "origin": [0, 0, 0]},
			"faces": {
				"north": {"uv": [0, 14.5, 1.5, 16], "texture": "#2"},
				"east": {"uv": [0, 14.5, 1.5, 16], "texture": "#2"},
				"south": {"uv": [0, 14.5, 1.5, 16], "texture": "#2"},
				"west": {"uv": [0, 14.5, 1.5, 16], "texture": "#2"},
				"up": {"uv": [0, 14.5, 1.5, 16], "texture": "#2"},
				"down": {"uv": [0, 14.5, 1.5, 16], "texture": "#2"}
			}
		},
		{
			"from": [2.5, 10.07208, 1.37208],
			"to": [5.5, 16.07208, 3.37208],
			"rotation": {"angle": -45, "axis": "x", "origin": [12, 9.80761, 3.46447]},
			"faces": {
				"north": {"uv": [0, 13, 1.5, 16], "texture": "#2"},
				"east": {"uv": [0, 13, 1, 16], "texture": "#2"},
				"south": {"uv": [0, 13, 1.5, 16], "texture": "#2"},
				"west": {"uv": [0, 13, 1, 16], "texture": "#2"},
				"up": {"uv": [0, 13, 1.5, 14], "texture": "#2"},
				"down": {"uv": [0, 13, 1.5, 14], "texture": "#2"}
			}
		},
		{
			"from": [2.5, 13, -2],
			"to": [5.5, 17, 0],
			"rotation": {"angle": 0, "axis": "y", "origin": [12, 15, -1]},
			"faces": {
				"north": {"uv": [0, 13.92188, 1.5, 15.92188], "texture": "#2"},
				"east": {"uv": [0, 13.92188, 1, 15.92188], "texture": "#2"},
				"south": {"uv": [0, 13.92188, 1.5, 15.92188], "texture": "#2"},
				"west": {"uv": [0, 13.92188, 1, 15.92188], "texture": "#2"},
				"up": {"uv": [0, 13.92188, 1.5, 14.92188], "rotation": 180, "texture": "#2"},
				"down": {"uv": [0, 13.92188, 1.5, 14.92188], "rotation": 180, "texture": "#2"}
			}
		},
		{
			"from": [3, 16.25, -1.75],
			"to": [5, 19.25, 0.25],
			"rotation": {"angle": 22.5, "axis": "x", "origin": [4, 17, 0], "rescale": true},
			"faces": {
				"north": {"uv": [1.21875, 13.375, 2.21875, 14.875], "texture": "#2"},
				"east": {"uv": [1.21875, 13.375, 2.21875, 14.875], "texture": "#2"},
				"south": {"uv": [1.21875, 13.375, 2.21875, 14.875], "texture": "#2"},
				"west": {"uv": [1.21875, 13.375, 2.21875, 14.875], "texture": "#2"},
				"up": {"uv": [1.21875, 13.375, 2.21875, 14.375], "texture": "#2"},
				"down": {"uv": [1.21875, 13.375, 2.21875, 14.375], "texture": "#2"}
			}
		},
		{
			"from": [3, 1.5, 1.75],
			"to": [13, 10.25, 1.75],
			"rotation": {"angle": 22.5, "axis": "x", "origin": [8, 7, 2]},
			"faces": {
				"north": {"uv": [5, 5, 7.875, 6.875], "texture": "#1"},
				"east": {"uv": [0, 0, 0, 1.875], "texture": "#1"},
				"south": {"uv": [5, 5, 7.875, 6.875], "texture": "#1"},
				"west": {"uv": [0, 0, 0, 1.875], "texture": "#1"},
				"up": {"uv": [2.875, 0, 0, 0], "texture": "#1"},
				"down": {"uv": [2.875, 0, 0, 0], "texture": "#1"}
			}
		},
		{
			"from": [3, 0.25975, 13.39181],
			"to": [13, 10.00975, 13.39181],
			"rotation": {"angle": 0, "axis": "y", "origin": [8, 7, 17]},
			"faces": {
				"north": {"uv": [5.125, 5, 8.125, 7.25], "texture": "#1"},
				"east": {"uv": [0, 0, 0, 2.5], "texture": "#1"},
				"south": {"uv": [5, 5, 7.875, 6.625], "texture": "#1"},
				"west": {"uv": [0, 0, 0, 2.5], "texture": "#1"},
				"up": {"uv": [2.5, 0, 0, 0], "texture": "#1"},
				"down": {"uv": [2.5, 0, 0, 0], "texture": "#1"}
			}
		},
		{
			"from": [2.75, 0.75, 3],
			"to": [2.75, 10, 13],
			"rotation": {"angle": 0, "axis": "y", "origin": [2, 6, 8]},
			"faces": {
				"north": {"uv": [0, 0.125, 0, 2.5], "texture": "#1"},
				"east": {"uv": [5.125, 5, 7.75, 7], "texture": "#1"},
				"south": {"uv": [0, 0.125, 0, 2.5], "texture": "#1"},
				"west": {"uv": [5, 5.125, 7.75, 7], "texture": "#1"},
				"up": {"uv": [0, 2.75, 0, 0.125], "texture": "#1"},
				"down": {"uv": [0, 0.125, 0, 2.75], "texture": "#1"}
			}
		},
		{
			"from": [13.31569, 0.64243, 3],
			"to": [13.31569, 9.89243, 13],
			"rotation": {"angle": 0, "axis": "y", "origin": [16, 6, 8]},
			"faces": {
				"north": {"uv": [0, 0, 0, 2.375], "texture": "#1"},
				"east": {"uv": [5, 5.125, 7.875, 6.875], "texture": "#1"},
				"south": {"uv": [0, 0, 0, 2.375], "texture": "#1"},
				"west": {"uv": [5.125, 5.125, 7.875, 6.875], "texture": "#1"},
				"up": {"uv": [0, 2.5, 0, 0], "texture": "#1"},
				"down": {"uv": [0, 0, 0, 2.5], "texture": "#1"}
			}
		}
	],
	"display": {
		"thirdperson_righthand": {
			"rotation": [99.79, 13.84, -8.6],
			"translation": [0, -2.5, 1.25],
			"scale": [0.68555, 0.68555, 0.68555]
		},
		"thirdperson_lefthand": {
			"rotation": [99.79, 13.84, -8.6],
			"translation": [0, -2.5, 1.25],
			"scale": [0.68555, 0.68555, 0.68555]
		},
		"firstperson_righthand": {
			"rotation": [-180, 35.75, -180],
			"translation": [1, 5.75, 0],
			"scale": [0.49414, 0.49414, 0.49414]
		},
		"firstperson_lefthand": {
			"rotation": [-180, 1.5, 180],
			"translation": [-9, 11.25, 0]
		},
		"ground": {
			"rotation": [19.01, -1, -6]
		},
		"head": {
			"translation": [0, 4.5, -0.25],
			"scale": [1.45, 1.45, 1.45]
		},
		"fixed": {
			"rotation": [-89.75, 0, 0],
			"translation": [0, 0, -25.5],
			"scale": [2.42578, 2.42578, 2.42578]
		}
	},
	"groups": [
		{
			"name": "[ Beelzebub Head ]",
			"origin": [8, 8, 8],
			"color": 0,
			"children": [
				{
					"name": "kepala",
					"origin": [8, 8, 8],
					"color": 0,
					"children": [0]
				},
				{
					"name": "tanduk1",
					"origin": [8, 8, 8],
					"color": 0,
					"children": [1, 2, 3, 4]
				},
				{
					"name": "tanduk2",
					"origin": [8, 8, 8],
					"color": 0,
					"children": [5, 6, 7, 8]
				},
				{
					"name": "rambut",
					"origin": [8, 8, 8],
					"color": 0,
					"children": [9, 10, 11, 12]
				}
			]
		}
	]
}