{
	"credit": "Made with Blockbench",
	"texture_size": [64, 64],
	"textures": {
		"2": "./plaguedoctormask"
	},
	"elements": [
		{
			"from": [6, 8.5, -8],
			"to": [8, 10.5, -4],
			"rotation": {"angle": -45, "axis": "x", "origin": [0, 3, 0]},
			"faces": {
				"north": {"uv": [5, 8.5, 5.5, 9], "texture": "#2"},
				"east": {"uv": [9, 3.5, 10, 4], "texture": "#2"},
				"south": {"uv": [10, 3.5, 10.5, 4], "texture": "#2"},
				"west": {"uv": [9.5, 1.75, 10.5, 2.25], "texture": "#2"},
				"up": {"uv": [10, 11, 9.5, 10], "texture": "#2"},
				"down": {"uv": [10.5, 10, 10, 11], "texture": "#2"}
			}
		},
		{
			"from": [5, 5.22209, -7.85614],
			"to": [9, 9.22209, -1.85614],
			"rotation": {"angle": -22.5, "axis": "x", "origin": [1, 4.22209, 0.14386]},
			"faces": {
				"north": {"uv": [9.5, 0.75, 10.5, 1.75], "texture": "#2"},
				"east": {"uv": [8, 1.5, 9.5, 2.5], "texture": "#2"},
				"south": {"uv": [9.5, 9, 10.5, 10], "texture": "#2"},
				"west": {"uv": [2.5, 8, 4, 9], "texture": "#2"},
				"up": {"uv": [9, 4, 8, 2.5], "texture": "#2"},
				"down": {"uv": [5, 8.5, 4, 10], "texture": "#2"}
			}
		},
		{
			"from": [4, 3, -4],
			"to": [10, 9, 2],
			"rotation": {"angle": 0, "axis": "y", "origin": [0, 3, 0]},
			"faces": {
				"north": {"uv": [4, 4, 5.5, 5.5], "texture": "#2"},
				"east": {"uv": [4, 5.5, 5.5, 7], "texture": "#2"},
				"south": {"uv": [5.5, 4, 7, 5.5], "texture": "#2"},
				"west": {"uv": [4, 5.5, 5.5, 7], "texture": "#2"},
				"up": {"uv": [5.5, 8.5, 4, 7], "texture": "#2"},
				"down": {"uv": [8.5, 4, 7, 5.5], "texture": "#2"}
			}
		},
		{
			"from": [15, 7, 2],
			"to": [17, 15, 4],
			"rotation": {"angle": 0, "axis": "y", "origin": [0, 3, 0]},
			"faces": {
				"north": {"uv": [5, 9.75, 5.5, 11.75], "texture": "#2"},
				"east": {"uv": [5.5, 9.75, 6, 11.75], "texture": "#2"},
				"south": {"uv": [6, 9.75, 6.5, 11.75], "texture": "#2"},
				"west": {"uv": [6.5, 9.75, 7, 11.75], "texture": "#2"},
				"up": {"uv": [10.5, 7.5, 10, 7], "texture": "#2"},
				"down": {"uv": [0.5, 10.25, 0, 10.75], "texture": "#2"}
			}
		},
		{
			"from": [1, -3.90917, 13.31994],
			"to": [13, -1.90917, 15.31994],
			"rotation": {"angle": -22.5, "axis": "x", "origin": [-6, -27.90917, -4.68006]},
			"faces": {
				"north": {"uv": [8.5, 4, 11.5, 4.5], "texture": "#2"},
				"east": {"uv": [0.5, 10.25, 1, 10.75], "texture": "#2"},
				"south": {"uv": [8.5, 4.5, 11.5, 5], "texture": "#2"},
				"west": {"uv": [1, 10.25, 1.5, 10.75], "texture": "#2"},
				"up": {"uv": [11.5, 5.5, 8.5, 5], "texture": "#2"},
				"down": {"uv": [11.5, 7.5, 8.5, 8], "texture": "#2"}
			}
		},
		{
			"from": [1, 21.59226, -7.03216],
			"to": [13, 23.59226, -5.03216],
			"rotation": {"angle": 22.5, "axis": "x", "origin": [14, -2.40774, -9.03216]},
			"faces": {
				"north": {"uv": [8.5, 8, 11.5, 8.5], "texture": "#2"},
				"east": {"uv": [10.5, 0.75, 11, 1.25], "texture": "#2"},
				"south": {"uv": [8.5, 8.5, 11.5, 9], "texture": "#2"},
				"west": {"uv": [10.5, 1.25, 11, 1.75], "texture": "#2"},
				"up": {"uv": [12, 3, 9, 2.5], "texture": "#2"},
				"down": {"uv": [12, 3, 9, 3.5], "texture": "#2"}
			}
		},
		{
			"from": [-2, 9, 4],
			"to": [-2, 13, 20],
			"rotation": {"angle": 0, "axis": "y", "origin": [0, 3, 0]},
			"faces": {
				"north": {"uv": [0, 0, 0, 1], "texture": "#2"},
				"east": {"uv": [4, 0, 8, 1], "texture": "#2"},
				"south": {"uv": [0, 0, 0, 1], "texture": "#2"},
				"west": {"uv": [4, 1, 8, 2], "texture": "#2"},
				"up": {"uv": [0, 4, 0, 0], "texture": "#2"},
				"down": {"uv": [0, 0, 0, 4], "texture": "#2"}
			}
		},
		{
			"from": [-3, 7, 2],
			"to": [-1, 15, 4],
			"rotation": {"angle": 0, "axis": "y", "origin": [0, 3, 0]},
			"faces": {
				"north": {"uv": [7, 9.75, 7.5, 11.75], "texture": "#2"},
				"east": {"uv": [7.5, 9.75, 8, 11.75], "texture": "#2"},
				"south": {"uv": [4, 10, 4.5, 12], "texture": "#2"},
				"west": {"uv": [4.5, 10, 5, 12], "texture": "#2"},
				"up": {"uv": [11, 2.25, 10.5, 1.75], "texture": "#2"},
				"down": {"uv": [3, 10.5, 2.5, 11], "texture": "#2"}
			}
		},
		{
			"from": [-2, 11, 20],
			"to": [16, 13, 20],
			"rotation": {"angle": 0, "axis": "y", "origin": [0, 3, 0]},
			"faces": {
				"north": {"uv": [5.5, 7, 10, 7.5], "texture": "#2"},
				"east": {"uv": [0, 0, 0, 0.5], "texture": "#2"},
				"south": {"uv": [7, 5.5, 11.5, 6], "texture": "#2"},
				"west": {"uv": [0, 0, 0, 0.5], "texture": "#2"},
				"up": {"uv": [4.5, 0, 0, 0], "texture": "#2"},
				"down": {"uv": [4.5, 0, 0, 0], "texture": "#2"}
			}
		},
		{
			"from": [16, 9, 4],
			"to": [16, 13, 20],
			"rotation": {"angle": 0, "axis": "y", "origin": [0, 3, 0]},
			"faces": {
				"north": {"uv": [0, 0, 0, 1], "texture": "#2"},
				"east": {"uv": [4, 2, 8, 3], "texture": "#2"},
				"south": {"uv": [0, 0, 0, 1], "texture": "#2"},
				"west": {"uv": [4, 3, 8, 4], "texture": "#2"},
				"up": {"uv": [0, 4, 0, 0], "texture": "#2"},
				"down": {"uv": [0, 0, 0, 4], "texture": "#2"}
			}
		},
		{
			"from": [-1, 3, 2],
			"to": [15, 19, 4],
			"rotation": {"angle": 0, "axis": "y", "origin": [0, 3, 0]},
			"faces": {
				"north": {"uv": [0, 0, 4, 4], "texture": "#2"},
				"east": {"uv": [1.5, 8, 2, 12], "texture": "#2"},
				"south": {"uv": [0, 4, 4, 8], "texture": "#2"},
				"west": {"uv": [2, 8, 2.5, 12], "texture": "#2"},
				"up": {"uv": [11, 6.5, 7, 6], "texture": "#2"},
				"down": {"uv": [11, 6.5, 7, 7], "texture": "#2"}
			}
		},
		{
			"from": [8.92388, 8, 2.38268],
			"to": [14.92388, 14, 5.38268],
			"rotation": {"angle": -22.5, "axis": "y", "origin": [15.92388, 7, 2.38268]},
			"faces": {
				"north": {"uv": [5.5, 7.5, 7, 9], "texture": "#2"},
				"east": {"uv": [2.5, 9, 3.25, 10.5], "texture": "#2"},
				"south": {"uv": [7, 7.5, 8.5, 9], "texture": "#2"},
				"west": {"uv": [3.25, 9, 4, 10.5], "texture": "#2"},
				"up": {"uv": [6.5, 9.75, 5, 9], "texture": "#2"},
				"down": {"uv": [8, 9, 6.5, 9.75], "texture": "#2"}
			}
		},
		{
			"from": [-1.07612, 8, 1.61732],
			"to": [4.92388, 14, 4.61732],
			"rotation": {"angle": 22.5, "axis": "y", "origin": [-0.07612, 6, 1.61732]},
			"faces": {
				"north": {"uv": [0, 8, 1.5, 9.5], "texture": "#2"},
				"east": {"uv": [8, 9, 8.75, 10.5], "texture": "#2"},
				"south": {"uv": [8, 0, 9.5, 1.5], "texture": "#2"},
				"west": {"uv": [8.75, 9, 9.5, 10.5], "texture": "#2"},
				"up": {"uv": [1.5, 10.25, 0, 9.5], "texture": "#2"},
				"down": {"uv": [11, 0, 9.5, 0.75], "texture": "#2"}
			}
		}
	],
	"display": {
		"thirdperson_righthand": {
			"translation": [0, 0, 1.25],
			"scale": [0.3, 0.3, 0.3]
		},
		"thirdperson_lefthand": {
			"translation": [0, 0, 1.25],
			"scale": [0.3, 0.3, 0.3]
		},
		"firstperson_righthand": {
			"rotation": [-180, 63.25, -180],
			"translation": [0.25, 4.75, 0.5],
			"scale": [0.3, 0.3, 0.3]
		},
		"firstperson_lefthand": {
			"rotation": [-180, 63.25, -180],
			"translation": [0.5, 4.75, 0.5],
			"scale": [0.3, 0.3, 0.3]
		},
		"ground": {
			"rotation": [-180, 63.25, -180],
			"translation": [0.25, 4.75, 0.5],
			"scale": [0.3, 0.3, 0.3]
		},
		"gui": {
			"rotation": [-154.82, 47.29, 179.22],
			"translation": [-0.25, -1, 0],
			"scale": [0.5, 0.5, 0.5]
		},
		"head": {
			"translation": [0.75, -2.25, -3.5],
			"scale": [0.85, 0.85, 0.85]
		},
		"fixed": {
			"translation": [0, -2, -11.25]
		}
	},
	"groups": [
		{
			"name": "group",
			"origin": [8, 8, 8],
			"color": 0,
			"children": [0, 1, 2, 3, 4, 5, 6, 7, 8, 9, 10, 11, 12]
		}
	]
}