{
	"credit": "Made With GoBlockBench",
	"textures": {
		"0": "./gagang",
		"1": "./pedang",
		"particle": "./gagang"
	},
	"elements": [
		{
			"from": [7.1, -11.75, 7.85],
			"to": [8.9, -6.75, 9.65],
			"rotation": {"angle": 0, "axis": "y", "origin": [7, -11.75, 7.75]},
			"faces": {
				"north": {"uv": [0, 0, 1.675, 5], "texture": "#0"},
				"east": {"uv": [0, 0, 1.7, 5], "texture": "#0"},
				"south": {"uv": [0, 0, 1.675, 5], "texture": "#0"},
				"west": {"uv": [0.125, 0, 1.75, 5], "texture": "#0"},
				"up": {"uv": [0, 0, 1.8, 1.7], "texture": "#0"},
				"down": {"uv": [0, 1.625, 1.675, 3.325], "texture": "#0"}
			}
		},
		{
			"from": [7, -9.25, 7.75],
			"to": [9, -3, 9.75],
			"rotation": {"angle": 0, "axis": "y", "origin": [7, -10.25, 7.75]},
			"faces": {
				"north": {"uv": [14, 8, 16, 16], "texture": "#0"},
				"east": {"uv": [14, 8, 16, 16], "texture": "#0"},
				"south": {"uv": [14, 8, 16, 16], "texture": "#0"},
				"west": {"uv": [14, 8, 16, 16], "texture": "#0"},
				"up": {"uv": [14.25, 8.125, 16, 10.125], "texture": "#0"},
				"down": {"uv": [0, 0, 1.75, 2], "texture": "#0"}
			}
		},
		{
			"from": [8, -15.9, 6.75],
			"to": [8, -11.45, 10.75],
			"rotation": {"angle": 0, "axis": "y", "origin": [8, -14.45, 7.75]},
			"faces": {
				"north": {"uv": [2.5, 0, 2.5, 5], "texture": "#0"},
				"east": {"uv": [0, 11, 4, 16], "texture": "#0"},
				"south": {"uv": [1.875, 0, 1.875, 5], "texture": "#0"},
				"west": {"uv": [0, 11, 4, 16], "texture": "#0"},
				"up": {"uv": [0, 0, 0, 4], "texture": "#0"},
				"down": {"uv": [0, 0, 0, 4], "texture": "#0"}
			}
		},
		{
			"from": [6.9, -0.08, 6.15],
			"to": [9.1, 2.02, 10.15],
			"rotation": {"angle": 22.5, "axis": "x", "origin": [7, -0.05, 6.15]},
			"faces": {
				"north": {"uv": [0, 7.125, 2.2, 9.225], "texture": "#0"},
				"east": {"uv": [0, 5, 4, 7.1], "texture": "#0"},
				"south": {"uv": [0, 7.125, 2.2, 9.225], "texture": "#0"},
				"west": {"uv": [0, 5, 4, 7.1], "texture": "#0"},
				"up": {"uv": [4, 5, 6.2, 9], "texture": "#0"},
				"down": {"uv": [4, 5, 6.2, 9], "texture": "#0"}
			}
		},
		{
			"from": [6.9, -2.35, 6.15],
			"to": [9.1, -0.25, 10.15],
			"rotation": {"angle": 22.5, "axis": "x", "origin": [7, -2.35, 6.15]},
			"faces": {
				"north": {"uv": [1.775, 0.7625, 3.95, 2.85], "texture": "#0"},
				"east": {"uv": [1.7875, 2.875, 5.75, 4.975], "texture": "#0"},
				"south": {"uv": [1.775, 0.7625, 3.95, 2.85], "texture": "#0"},
				"west": {"uv": [1.775, 2.875, 5.75, 4.975], "texture": "#0"},
				"up": {"uv": [9.275, 0, 11.45, 4], "texture": "#0"},
				"down": {"uv": [9.2875, 0, 11.45, 4], "texture": "#0"}
			}
		},
		{
			"from": [7.1, -0.95, 6.85],
			"to": [8.9, 1.35, 7.95],
			"rotation": {"angle": 0, "axis": "x", "origin": [7, 1.35, 5.85]},
			"faces": {
				"north": {"uv": [4, 5, 6.2, 9], "rotation": 180, "texture": "#0"},
				"east": {"uv": [0, 5, 4, 7.1], "rotation": 270, "texture": "#0"},
				"south": {"uv": [4, 5, 6.2, 9], "texture": "#0"},
				"west": {"uv": [0, 5, 4, 7.1], "rotation": 90, "texture": "#0"},
				"up": {"uv": [0, 7.125, 2.2, 9.225], "rotation": 180, "texture": "#0"},
				"down": {"uv": [0, 7.125, 2.2, 9.225], "texture": "#0"}
			}
		},
		{
			"from": [7.3, 0.35, 8.75],
			"to": [8.7, 3.35, 10.75],
			"rotation": {"angle": 22.5, "axis": "x", "origin": [6.9, 1.35, 8.75]},
			"faces": {
				"north": {"uv": [9.625, 5, 11.025, 8], "texture": "#0"},
				"east": {"uv": [7.6625, 4.9875, 9.6625, 7.9875], "texture": "#0"},
				"south": {"uv": [9.625, 5, 11.025, 8], "texture": "#0"},
				"west": {"uv": [7.625, 5, 9.625, 8], "texture": "#0"},
				"up": {"uv": [6.25, 5, 7.65, 7], "texture": "#0"},
				"down": {"uv": [6.25, 5, 7.65, 7], "texture": "#0"}
			}
		},
		{
			"from": [8.2, -2.3, 3],
			"to": [8.2, 32, 15],
			"rotation": {"angle": 0, "axis": "x", "origin": [6.2, -3.3, 4]},
			"faces": {
				"north": {"uv": [0, 0, 0, 8], "texture": "#1"},
				"east": {"uv": [0.3125, 2.92188, 4.5625, 16], "texture": "#1"},
				"south": {"uv": [0, 0, 0, 8], "texture": "#1"},
				"west": {"uv": [4.5625, 2.9375, 0.375, 16], "texture": "#1"},
				"up": {"uv": [0, 0, 0, 5.5], "texture": "#1"},
				"down": {"uv": [0, 0, 0, 5.5], "texture": "#1"}
			}
		},
		{
			"from": [8, -2.3, 3],
			"to": [8, 32, 15],
			"rotation": {"angle": 0, "axis": "x", "origin": [6, -3.3, 4]},
			"faces": {
				"north": {"uv": [0, 0, 0, 8], "texture": "#1"},
				"east": {"uv": [0.3125, 2.92188, 4.5625, 16], "texture": "#1"},
				"south": {"uv": [0, 0, 0, 8], "texture": "#1"},
				"west": {"uv": [4.5625, 2.9375, 0.375, 16], "texture": "#1"},
				"up": {"uv": [0, 0, 0, 5.5], "texture": "#1"},
				"down": {"uv": [0, 0, 0, 5.5], "texture": "#1"}
			}
		},
		{
			"from": [7, -11.8, 7.8],
			"to": [9, -10.4, 9.7],
			"rotation": {"angle": 0, "axis": "y", "origin": [7, -12.4, 7.7]},
			"faces": {
				"north": {"uv": [7.25, 0.1, 9.25, 1.5], "texture": "#0"},
				"east": {"uv": [7.3625, 0.0875, 9.2625, 1.4875], "texture": "#0"},
				"south": {"uv": [7.25, 0, 9.25, 1.5], "texture": "#0"},
				"west": {"uv": [7.25, 0, 9.25, 1.4875], "texture": "#0"},
				"up": {"uv": [7.25, 0, 9.25, 1.9], "texture": "#0"},
				"down": {"uv": [7.3625, 0, 9.35, 2.0875], "texture": "#0"}
			}
		}
	],
	"gui_light": "front",
	"display": {
		"thirdperson_righthand": {
			"translation": [0, 10.75, 1],
			"scale": [0.9, 0.9, 0.9]
		},
		"thirdperson_lefthand": {
			"rotation": [-10.47, 54.23, -97.5],
			"translation": [-6.75, -7.75, 6.75],
			"scale": [0.81, 0.81, 0.81]
		},
		"firstperson_righthand": {
			"rotation": [-3, 0, 0],
			"translation": [3.5, 6.25, -1.25]
		},
		"firstperson_lefthand": {
			"rotation": [149, 6, 3],
			"translation": [8.25, -8.25, 3.25]
		},
		"ground": {
			"translation": [0, 16.25, 0]
		},
		"gui": {
			"rotation": [-88.64, -40.74, -89.15],
			"translation": [0, -0.75, 0],
			"scale": [0.46, 0.46, 0.46]
		},
		"head": {
			"rotation": [-154.25, 0, 0],
			"translation": [17, -41.75, -11]
		},
		"fixed": {
			"rotation": [114, 0, 0],
			"translation": [0, 12.25, -24.25],
			"scale": [1.6, 1.6, 1.6]
		}
	}
}