{
	"credit": "EnumXyZB",
	"texture_size": [32, 32],
	"textures": {
		"0": "./main"
	},
	"elements": [
		{
			"from": [5, 4, 3],
			"to": [11, 7, 4],
			"faces": {
				"north": {"uv": [0, 0, 3, 1.5], "texture": "#0"},
				"east": {"uv": [7.5, 2, 8, 3.5], "texture": "#0"},
				"south": {"uv": [0, 1.5, 3, 3], "texture": "#0"},
				"west": {"uv": [8, 2, 8.5, 3.5], "texture": "#0"},
				"up": {"uv": [7, 4.5, 4, 4], "texture": "#0"},
				"down": {"uv": [3, 4.5, 0, 5], "texture": "#0"}
			}
		},
		{
			"from": [5, 3, 3.5],
			"to": [7, 4, 4],
			"faces": {
				"north": {"uv": [8, 4, 9, 4.5], "texture": "#0"},
				"east": {"uv": [7, 2.5, 7.5, 3], "texture": "#0"},
				"south": {"uv": [8, 4.5, 9, 5], "texture": "#0"},
				"west": {"uv": [5.5, 9, 6, 9.5], "texture": "#0"},
				"up": {"uv": [9, 5.5, 8, 5], "texture": "#0"},
				"down": {"uv": [9, 5.5, 8, 6], "texture": "#0"}
			}
		},
		{
			"from": [9, 3, 3.5],
			"to": [11, 4, 4],
			"faces": {
				"north": {"uv": [8, 6, 9, 6.5], "texture": "#0"},
				"east": {"uv": [9, 8.5, 9.5, 9], "texture": "#0"},
				"south": {"uv": [8, 6.5, 9, 7], "texture": "#0"},
				"west": {"uv": [9, 9, 9.5, 9.5], "texture": "#0"},
				"up": {"uv": [8, 8.5, 7, 8], "texture": "#0"},
				"down": {"uv": [9, 7, 8, 7.5], "texture": "#0"}
			}
		},
		{
			"from": [7.89197, 2.93764, 3.01],
			"to": [8.89197, 4.73764, 3.99],
			"rotation": {"angle": -45, "axis": "z", "origin": [8.89197, 3.33764, 3.5]},
			"faces": {
				"north": {"uv": [4.5, 8, 5, 9], "texture": "#0"},
				"east": {"uv": [8, 7.5, 8.5, 8.5], "texture": "#0"},
				"south": {"uv": [8.5, 0, 9, 1], "texture": "#0"},
				"west": {"uv": [8.5, 1, 9, 2], "texture": "#0"},
				"up": {"uv": [0.5, 10, 0, 9.5], "texture": "#0"},
				"down": {"uv": [1, 9.5, 0.5, 10], "texture": "#0"}
			}
		},
		{
			"from": [10.29197, 3.43764, 3.01],
			"to": [11.29197, 5.23764, 3.99],
			"rotation": {"angle": -45, "axis": "z", "origin": [8.89197, 3.33764, 3.5]},
			"faces": {
				"north": {"uv": [8.5, 2, 9, 3], "texture": "#0"},
				"east": {"uv": [3, 8.5, 3.5, 9.5], "texture": "#0"},
				"south": {"uv": [3.5, 8.5, 4, 9.5], "texture": "#0"},
				"west": {"uv": [4, 8.5, 4.5, 9.5], "texture": "#0"},
				"up": {"uv": [1.5, 10, 1, 9.5], "texture": "#0"},
				"down": {"uv": [2, 9.5, 1.5, 10], "texture": "#0"}
			}
		},
		{
			"from": [4.70803, 3.43764, 3.01],
			"to": [5.70803, 5.23764, 3.99],
			"rotation": {"angle": 45, "axis": "z", "origin": [7.10803, 3.33764, 3.5]},
			"faces": {
				"north": {"uv": [9, 2, 8.5, 3], "texture": "#0"},
				"east": {"uv": [4.5, 8.5, 4, 9.5], "texture": "#0"},
				"south": {"uv": [4, 8.5, 3.5, 9.5], "texture": "#0"},
				"west": {"uv": [3.5, 8.5, 3, 9.5], "texture": "#0"},
				"up": {"uv": [1, 10, 1.5, 9.5], "texture": "#0"},
				"down": {"uv": [1.5, 9.5, 2, 10], "texture": "#0"}
			}
		},
		{
			"from": [7.10803, 2.93764, 3.01],
			"to": [8.10803, 4.73764, 3.99],
			"rotation": {"angle": 45, "axis": "z", "origin": [7.10803, 3.33764, 3.5]},
			"faces": {
				"north": {"uv": [6, 8.5, 6.5, 9.5], "texture": "#0"},
				"east": {"uv": [6.5, 8.5, 7, 9.5], "texture": "#0"},
				"south": {"uv": [7, 8.5, 7.5, 9.5], "texture": "#0"},
				"west": {"uv": [7.5, 8.5, 8, 9.5], "texture": "#0"},
				"up": {"uv": [2.5, 10, 2, 9.5], "texture": "#0"},
				"down": {"uv": [3, 9.5, 2.5, 10], "texture": "#0"}
			}
		},
		{
			"from": [7, 3, 3],
			"to": [9, 4, 4],
			"faces": {
				"north": {"uv": [8.5, 3, 9.5, 3.5], "texture": "#0"},
				"east": {"uv": [3, 9.5, 3.5, 10], "texture": "#0"},
				"south": {"uv": [8.5, 7.5, 9.5, 8], "texture": "#0"},
				"west": {"uv": [9.5, 3, 10, 3.5], "texture": "#0"},
				"up": {"uv": [9, 9, 8, 8.5], "texture": "#0"},
				"down": {"uv": [9.5, 8, 8.5, 8.5], "texture": "#0"}
			}
		},
		{
			"from": [11, 2, 3],
			"to": [12, 7, 4],
			"faces": {
				"north": {"uv": [6, 6, 6.5, 8.5], "texture": "#0"},
				"east": {"uv": [0, 6.5, 0.5, 9], "texture": "#0"},
				"south": {"uv": [0.5, 6.5, 1, 9], "texture": "#0"},
				"west": {"uv": [1, 6.5, 1.5, 9], "texture": "#0"},
				"up": {"uv": [4, 10, 3.5, 9.5], "texture": "#0"},
				"down": {"uv": [10, 3.5, 9.5, 4], "texture": "#0"}
			}
		},
		{
			"from": [4, 2, 3],
			"to": [5, 7, 4],
			"faces": {
				"north": {"uv": [1.5, 6.5, 2, 9], "texture": "#0"},
				"east": {"uv": [2, 6.5, 2.5, 9], "texture": "#0"},
				"south": {"uv": [2.5, 6.5, 3, 9], "texture": "#0"},
				"west": {"uv": [6.5, 6, 7, 8.5], "texture": "#0"},
				"up": {"uv": [4.5, 10, 4, 9.5], "texture": "#0"},
				"down": {"uv": [5, 9.5, 4.5, 10], "texture": "#0"}
			}
		},
		{
			"from": [4, 1, 3],
			"to": [12, 2, 4],
			"faces": {
				"north": {"uv": [3, 2.5, 7, 3], "texture": "#0"},
				"east": {"uv": [5, 9.5, 5.5, 10], "texture": "#0"},
				"south": {"uv": [0, 3.5, 4, 4], "texture": "#0"},
				"west": {"uv": [5.5, 9.5, 6, 10], "texture": "#0"},
				"up": {"uv": [4, 4.5, 0, 4], "texture": "#0"},
				"down": {"uv": [8, 3.5, 4, 4], "texture": "#0"}
			}
		},
		{
			"from": [4.641, 0.445, 3.01],
			"to": [6.641, 1.445, 3.99],
			"rotation": {"angle": -45, "axis": "z", "origin": [5, 1.5, 0.5]},
			"faces": {
				"north": {"uv": [0, 9, 1, 9.5], "texture": "#0"},
				"east": {"uv": [6, 9.5, 6.5, 10], "texture": "#0"},
				"south": {"uv": [9, 0, 10, 0.5], "texture": "#0"},
				"west": {"uv": [6.5, 9.5, 7, 10], "texture": "#0"},
				"up": {"uv": [10, 1, 9, 0.5], "texture": "#0"},
				"down": {"uv": [2, 9, 1, 9.5], "texture": "#0"}
			}
		},
		{
			"from": [4.185, 6.759, 3.01],
			"to": [6.185, 7.759, 3.99],
			"rotation": {"angle": 45, "axis": "z", "origin": [5, 7.1543, 0.5]},
			"faces": {
				"north": {"uv": [9, 1, 10, 1.5], "texture": "#0"},
				"east": {"uv": [7, 9.5, 7.5, 10], "texture": "#0"},
				"south": {"uv": [9, 1.5, 10, 2], "texture": "#0"},
				"west": {"uv": [7.5, 9.5, 8, 10], "texture": "#0"},
				"up": {"uv": [3, 9.5, 2, 9], "texture": "#0"},
				"down": {"uv": [10, 2, 9, 2.5], "texture": "#0"}
			}
		},
		{
			"from": [9.815, 6.759, 3.01],
			"to": [11.815, 7.759, 3.99],
			"rotation": {"angle": -45, "axis": "z", "origin": [11, 7.1543, 0.5]},
			"faces": {
				"north": {"uv": [9, 2.5, 10, 3], "texture": "#0"},
				"east": {"uv": [9.5, 7.5, 10, 8], "texture": "#0"},
				"south": {"uv": [9, 4, 10, 4.5], "texture": "#0"},
				"west": {"uv": [8, 9.5, 8.5, 10], "texture": "#0"},
				"up": {"uv": [5.5, 9.5, 4.5, 9], "texture": "#0"},
				"down": {"uv": [10, 4.5, 9, 5], "texture": "#0"}
			}
		},
		{
			"from": [9.359, 0.445, 3.01],
			"to": [11.359, 1.445, 3.99],
			"rotation": {"angle": 45, "axis": "z", "origin": [11, 1.5, 0.5]},
			"faces": {
				"north": {"uv": [9, 5, 10, 5.5], "texture": "#0"},
				"east": {"uv": [9.5, 8, 10, 8.5], "texture": "#0"},
				"south": {"uv": [9, 5.5, 10, 6], "texture": "#0"},
				"west": {"uv": [8.5, 9.5, 9, 10], "texture": "#0"},
				"up": {"uv": [10, 6.5, 9, 6], "texture": "#0"},
				"down": {"uv": [10, 6.5, 9, 7], "texture": "#0"}
			}
		},
		{
			"from": [12.7, 4, 4],
			"to": [12.7, 5, 13.3],
			"faces": {
				"north": {"uv": [0, 0, 0, 0.5], "texture": "#0"},
				"east": {"uv": [0, 3, 4.5, 3.5], "texture": "#0"},
				"south": {"uv": [0, 0, 0, 0.5], "texture": "#0"},
				"west": {"uv": [3, 0, 7.5, 0.5], "texture": "#0"},
				"up": {"uv": [0, 4.5, 0, 0], "texture": "#0"},
				"down": {"uv": [0, 0, 0, 4.5], "texture": "#0"}
			}
		},
		{
			"from": [3.3, 4, 4],
			"to": [3.3, 5, 13.3],
			"rotation": {"angle": 0, "axis": "y", "origin": [16, 0, 0]},
			"faces": {
				"north": {"uv": [0, 0, 0, 0.5], "texture": "#0"},
				"east": {"uv": [3, 0.5, 7.5, 1], "texture": "#0"},
				"south": {"uv": [0, 0, 0, 0.5], "texture": "#0"},
				"west": {"uv": [3, 1, 7.5, 1.5], "texture": "#0"},
				"up": {"uv": [0, 4.5, 0, 0], "texture": "#0"},
				"down": {"uv": [0, 0, 0, 4.5], "texture": "#0"}
			}
		},
		{
			"from": [3.3, 4, 13.3],
			"to": [12.7, 5, 13.3],
			"rotation": {"angle": 0, "axis": "y", "origin": [7.8, 4.5, 8.5]},
			"faces": {
				"north": {"uv": [3, 1.5, 7.5, 2], "texture": "#0"},
				"east": {"uv": [0, 0, 0, 0.5], "texture": "#0"},
				"south": {"uv": [3, 2, 7.5, 2.5], "texture": "#0"},
				"west": {"uv": [0, 0, 0, 0.5], "texture": "#0"},
				"up": {"uv": [4.5, 0, 0, 0], "texture": "#0"},
				"down": {"uv": [4.5, 0, 0, 0], "texture": "#0"}
			}
		},
		{
			"from": [5, 2, 3],
			"to": [11, 3, 4],
			"faces": {
				"north": {"uv": [3, 4.5, 6, 5], "texture": "#0"},
				"east": {"uv": [9.5, 8.5, 10, 9], "texture": "#0"},
				"south": {"uv": [4.5, 3, 7.5, 3.5], "texture": "#0"},
				"west": {"uv": [9, 9.5, 9.5, 10], "texture": "#0"},
				"up": {"uv": [3, 5.5, 0, 5], "texture": "#0"},
				"down": {"uv": [6, 5, 3, 5.5], "texture": "#0"}
			}
		},
		{
			"from": [7, 2, 0],
			"to": [9, 4, 3],
			"rotation": {"angle": 0, "axis": "y", "origin": [0, 0, 1]},
			"faces": {
				"north": {"uv": [3, 7, 4, 8], "texture": "#0"},
				"east": {"uv": [0, 5.5, 1.5, 6.5], "texture": "#0"},
				"south": {"uv": [4, 7, 5, 8], "texture": "#0"},
				"west": {"uv": [1.5, 5.5, 3, 6.5], "texture": "#0"},
				"up": {"uv": [4, 7, 3, 5.5], "texture": "#0"},
				"down": {"uv": [5, 5.5, 4, 7], "texture": "#0"}
			}
		},
		{
			"from": [7.015, 2.32298, -2.59],
			"to": [8.985, 3.32298, 0.41],
			"rotation": {"angle": -45, "axis": "x", "origin": [8, 3.17298, -0.61397]},
			"faces": {
				"north": {"uv": [9, 7, 10, 7.5], "texture": "#0"},
				"east": {"uv": [3, 8, 4.5, 8.5], "texture": "#0"},
				"south": {"uv": [8, 9, 9, 9.5], "texture": "#0"},
				"west": {"uv": [8, 3.5, 9.5, 4], "texture": "#0"},
				"up": {"uv": [6, 7, 5, 5.5], "texture": "#0"},
				"down": {"uv": [7, 4.5, 6, 6], "texture": "#0"}
			}
		},
		{
			"from": [12, 2, 3],
			"to": [13, 6, 4],
			"faces": {
				"north": {"uv": [7, 4, 7.5, 6], "texture": "#0"},
				"east": {"uv": [5, 7, 5.5, 9], "texture": "#0"},
				"south": {"uv": [5.5, 7, 6, 9], "texture": "#0"},
				"west": {"uv": [7, 6, 7.5, 8], "texture": "#0"},
				"up": {"uv": [10, 9.5, 9.5, 9], "texture": "#0"},
				"down": {"uv": [10, 9.5, 9.5, 10], "texture": "#0"}
			}
		},
		{
			"from": [3, 2, 3],
			"to": [4, 6, 4],
			"faces": {
				"north": {"uv": [7.5, 0, 8, 2], "texture": "#0"},
				"east": {"uv": [7.5, 4, 8, 6], "texture": "#0"},
				"south": {"uv": [7.5, 6, 8, 8], "texture": "#0"},
				"west": {"uv": [8, 0, 8.5, 2], "texture": "#0"},
				"up": {"uv": [0.5, 10.5, 0, 10], "texture": "#0"},
				"down": {"uv": [10.5, 0, 10, 0.5], "texture": "#0"}
			}
		}
	],
	"display": {
		"thirdperson_righthand": {
			"rotation": [90, 0, 0],
			"translation": [0, -2.45, 4.25],
			"scale": [0.7, 0.7, 0.7]
		},
		"thirdperson_lefthand": {
			"rotation": [90, 0, 0],
			"translation": [0, -2.45, 4.25],
			"scale": [0.7, 0.7, 0.7]
		},
		"firstperson_righthand": {
			"rotation": [0, 105, 0],
			"translation": [1.75, 7, 0.25],
			"scale": [0.7, 0.7, 0.7]
		},
		"firstperson_lefthand": {
			"rotation": [0, 105, 0],
			"translation": [1.75, 7, 0.25],
			"scale": [0.7, 0.7, 0.7]
		},
		"ground": {
			"translation": [0, 4.25, 0]
		},
		"gui": {
			"rotation": [0, 180, 0],
			"translation": [0, 4.5, 0],
			"scale": [1.1, 1.1, 1.1]
		},
		"head": {
			"translation": [0, 6.1, -1],
			"scale": [1.57813, 1.57813, 1.57813]
		},
		"fixed": {
			"translation": [0, 6.75, 7.5],
			"scale": [1.7, 1.7, 1.7]
		}
	},
	"groups": [
		{
			"name": "group",
			"origin": [0, 0, 0],
			"color": 0,
			"children": [0, 1, 2, 3, 4, 5, 6, 7, 8, 9, 10, 11, 12, 13, 14, 15, 16, 17, 18, 19, 20, 21, 22]
		}
	]
}