{
	"credit": "EnumXyZB",
	"texture_size": [32, 32],
	"textures": {
		"0": "./main"
	},
	"elements": [
		{
			"from": [7, 0, 3],
			"to": [9, 1, 4],
			"rotation": {"angle": 0, "axis": "y", "origin": [4, 0, 0]},
			"faces": {
				"north": {"uv": [8.5, 2.5, 9.5, 3], "texture": "#0"},
				"east": {"uv": [9.5, 2.5, 10, 3], "texture": "#0"},
				"south": {"uv": [9, 3, 10, 3.5], "texture": "#0"},
				"west": {"uv": [10, 6.5, 10.5, 7], "texture": "#0"},
				"up": {"uv": [10.5, 0.5, 9.5, 0], "texture": "#0"},
				"down": {"uv": [10.5, 0.5, 9.5, 1], "texture": "#0"}
			}
		},
		{
			"from": [7, 3, 3],
			"to": [9, 6, 4],
			"rotation": {"angle": 0, "axis": "y", "origin": [4, 0, 0]},
			"faces": {
				"north": {"uv": [0, 5, 1, 6.5], "texture": "#0"},
				"east": {"uv": [8.5, 1, 9, 2.5], "texture": "#0"},
				"south": {"uv": [1, 5, 2, 6.5], "texture": "#0"},
				"west": {"uv": [2, 8.5, 2.5, 10], "texture": "#0"},
				"up": {"uv": [2, 10, 1, 9.5], "texture": "#0"},
				"down": {"uv": [10.5, 1, 9.5, 1.5], "texture": "#0"}
			}
		},
		{
			"from": [5, 4, 3.25],
			"to": [6, 5, 3.95],
			"rotation": {"angle": 0, "axis": "y", "origin": [4, 0, 0]},
			"faces": {
				"north": {"uv": [10, 7, 10.5, 7.5], "texture": "#0"},
				"east": {"uv": [7.5, 10, 8, 10.5], "texture": "#0"},
				"south": {"uv": [10, 7.5, 10.5, 8], "texture": "#0"},
				"west": {"uv": [8, 10, 8.5, 10.5], "texture": "#0"},
				"up": {"uv": [10.5, 8.5, 10, 8], "texture": "#0"},
				"down": {"uv": [9, 10, 8.5, 10.5], "texture": "#0"}
			}
		},
		{
			"from": [10, 4, 3.25],
			"to": [11, 5, 3.95],
			"rotation": {"angle": 0, "axis": "y", "origin": [12, 0, 0]},
			"faces": {
				"north": {"uv": [10, 8.5, 10.5, 9], "texture": "#0"},
				"east": {"uv": [10, 9, 10.5, 9.5], "texture": "#0"},
				"south": {"uv": [10, 9.5, 10.5, 10], "texture": "#0"},
				"west": {"uv": [10, 10, 10.5, 10.5], "texture": "#0"},
				"up": {"uv": [0.5, 11, 0, 10.5], "texture": "#0"},
				"down": {"uv": [11, 0, 10.5, 0.5], "texture": "#0"}
			}
		},
		{
			"from": [4, 3, 3.5],
			"to": [12, 6, 3.975],
			"rotation": {"angle": 0, "axis": "y", "origin": [4, 0, 0]},
			"faces": {
				"north": {"uv": [0, 0, 4, 1.5], "texture": "#0"},
				"east": {"uv": [2.5, 8.5, 3, 10], "texture": "#0"},
				"south": {"uv": [0, 1.5, 4, 3], "texture": "#0"},
				"west": {"uv": [3, 8.5, 3.5, 10], "texture": "#0"},
				"up": {"uv": [4, 5, 0, 4.5], "texture": "#0"},
				"down": {"uv": [8, 4.5, 4, 5], "texture": "#0"}
			}
		},
		{
			"from": [12, 2, 3],
			"to": [13, 7, 4],
			"rotation": {"angle": 0, "axis": "y", "origin": [4, 0, 0]},
			"faces": {
				"north": {"uv": [5, 7.5, 5.5, 10], "texture": "#0"},
				"east": {"uv": [5.5, 7.5, 6, 10], "texture": "#0"},
				"south": {"uv": [6, 7.5, 6.5, 10], "texture": "#0"},
				"west": {"uv": [6.5, 7.5, 7, 10], "texture": "#0"},
				"up": {"uv": [1, 11, 0.5, 10.5], "texture": "#0"},
				"down": {"uv": [11, 0.5, 10.5, 1], "texture": "#0"}
			}
		},
		{
			"from": [3, 2, 3],
			"to": [4, 7, 4],
			"rotation": {"angle": 0, "axis": "y", "origin": [12, 0, 0]},
			"faces": {
				"north": {"uv": [7, 7.5, 7.5, 10], "texture": "#0"},
				"east": {"uv": [7.5, 7.5, 8, 10], "texture": "#0"},
				"south": {"uv": [0, 8, 0.5, 10.5], "texture": "#0"},
				"west": {"uv": [0.5, 8, 1, 10.5], "texture": "#0"},
				"up": {"uv": [11, 1.5, 10.5, 1], "texture": "#0"},
				"down": {"uv": [11, 1.5, 10.5, 2], "texture": "#0"}
			}
		},
		{
			"from": [11.825, 3.6, 3.025],
			"to": [12.825, 5.5, 3.98],
			"rotation": {"angle": -45, "axis": "z", "origin": [10.5, 4.5, 3.5]},
			"faces": {
				"north": {"uv": [9.5, 1.5, 10, 2.5], "texture": "#0"},
				"east": {"uv": [9.5, 4.5, 10, 5.5], "texture": "#0"},
				"south": {"uv": [9.5, 5.5, 10, 6.5], "texture": "#0"},
				"west": {"uv": [9.5, 6.5, 10, 7.5], "texture": "#0"},
				"up": {"uv": [11, 2.5, 10.5, 2], "texture": "#0"},
				"down": {"uv": [11, 2.5, 10.5, 3], "texture": "#0"}
			}
		},
		{
			"from": [3.175, 3.6, 3.025],
			"to": [4.175, 5.5, 3.98],
			"rotation": {"angle": 45, "axis": "z", "origin": [5.5, 4.5, 3.5]},
			"faces": {
				"north": {"uv": [9.5, 7.5, 10, 8.5], "texture": "#0"},
				"east": {"uv": [9.5, 8.5, 10, 9.5], "texture": "#0"},
				"south": {"uv": [9.5, 9.5, 10, 10.5], "texture": "#0"},
				"west": {"uv": [1, 10, 1.5, 11], "texture": "#0"},
				"up": {"uv": [11, 3.5, 10.5, 3], "texture": "#0"},
				"down": {"uv": [11, 3.5, 10.5, 4], "texture": "#0"}
			}
		},
		{
			"from": [8.125, 3.6, 3.025],
			"to": [9.125, 5.3, 3.98],
			"rotation": {"angle": -45, "axis": "z", "origin": [10.5, 4.5, 3.5]},
			"faces": {
				"north": {"uv": [1.5, 10, 2, 11], "texture": "#0"},
				"east": {"uv": [10, 1.5, 10.5, 2.5], "texture": "#0"},
				"south": {"uv": [2, 10, 2.5, 11], "texture": "#0"},
				"west": {"uv": [2.5, 10, 3, 11], "texture": "#0"},
				"up": {"uv": [11, 4.5, 10.5, 4], "texture": "#0"},
				"down": {"uv": [5.5, 10.5, 5, 11], "texture": "#0"}
			}
		},
		{
			"from": [6.875, 3.6, 3.025],
			"to": [7.875, 5.3, 3.98],
			"rotation": {"angle": 45, "axis": "z", "origin": [5.5, 4.5, 3.5]},
			"faces": {
				"north": {"uv": [10, 2.5, 10.5, 3.5], "texture": "#0"},
				"east": {"uv": [3, 10, 3.5, 11], "texture": "#0"},
				"south": {"uv": [3.5, 10, 4, 11], "texture": "#0"},
				"west": {"uv": [10, 3.5, 10.5, 4.5], "texture": "#0"},
				"up": {"uv": [11, 5.5, 10.5, 5], "texture": "#0"},
				"down": {"uv": [6, 10.5, 5.5, 11], "texture": "#0"}
			}
		},
		{
			"from": [4, 6, 3],
			"to": [5, 7, 4],
			"rotation": {"angle": 0, "axis": "y", "origin": [4, 0, 0]},
			"faces": {
				"north": {"uv": [10.5, 5.5, 11, 6], "texture": "#0"},
				"east": {"uv": [6.5, 10.5, 7, 11], "texture": "#0"},
				"south": {"uv": [10.5, 6.5, 11, 7], "texture": "#0"},
				"west": {"uv": [7, 10.5, 7.5, 11], "texture": "#0"},
				"up": {"uv": [11, 7.5, 10.5, 7], "texture": "#0"},
				"down": {"uv": [8, 10.5, 7.5, 11], "texture": "#0"}
			}
		},
		{
			"from": [4, 2, 3],
			"to": [5, 3, 4],
			"rotation": {"angle": 0, "axis": "y", "origin": [4, 0, 0]},
			"faces": {
				"north": {"uv": [10.5, 7.5, 11, 8], "texture": "#0"},
				"east": {"uv": [8, 10.5, 8.5, 11], "texture": "#0"},
				"south": {"uv": [10.5, 8, 11, 8.5], "texture": "#0"},
				"west": {"uv": [8.5, 10.5, 9, 11], "texture": "#0"},
				"up": {"uv": [11, 9, 10.5, 8.5], "texture": "#0"},
				"down": {"uv": [9.5, 10.5, 9, 11], "texture": "#0"}
			}
		},
		{
			"from": [11, 2, 3],
			"to": [12, 3, 4],
			"rotation": {"angle": 0, "axis": "y", "origin": [12, 0, 0]},
			"faces": {
				"north": {"uv": [10.5, 9, 11, 9.5], "texture": "#0"},
				"east": {"uv": [9.5, 10.5, 10, 11], "texture": "#0"},
				"south": {"uv": [10.5, 9.5, 11, 10], "texture": "#0"},
				"west": {"uv": [10, 10.5, 10.5, 11], "texture": "#0"},
				"up": {"uv": [11, 10.5, 10.5, 10], "texture": "#0"},
				"down": {"uv": [11, 10.5, 10.5, 11], "texture": "#0"}
			}
		},
		{
			"from": [11, 6, 3],
			"to": [12, 7, 4],
			"rotation": {"angle": 0, "axis": "y", "origin": [12, 0, 0]},
			"faces": {
				"north": {"uv": [0, 11, 0.5, 11.5], "texture": "#0"},
				"east": {"uv": [11, 0, 11.5, 0.5], "texture": "#0"},
				"south": {"uv": [0.5, 11, 1, 11.5], "texture": "#0"},
				"west": {"uv": [11, 0.5, 11.5, 1], "texture": "#0"},
				"up": {"uv": [1.5, 11.5, 1, 11], "texture": "#0"},
				"down": {"uv": [11.5, 1, 11, 1.5], "texture": "#0"}
			}
		},
		{
			"from": [5, 6, 3],
			"to": [11, 9, 4],
			"rotation": {"angle": 0, "axis": "y", "origin": [4, 0, 0]},
			"faces": {
				"north": {"uv": [0, 3, 3, 4.5], "texture": "#0"},
				"east": {"uv": [3.5, 8.5, 4, 10], "texture": "#0"},
				"south": {"uv": [3, 3, 6, 4.5], "texture": "#0"},
				"west": {"uv": [4, 8.5, 4.5, 10], "texture": "#0"},
				"up": {"uv": [5, 5.5, 2, 5], "texture": "#0"},
				"down": {"uv": [8, 5, 5, 5.5], "texture": "#0"}
			}
		},
		{
			"from": [5, 2, 3],
			"to": [11, 3, 4],
			"rotation": {"angle": 0, "axis": "y", "origin": [4, 0, 0]},
			"faces": {
				"north": {"uv": [2, 5.5, 5, 6], "texture": "#0"},
				"east": {"uv": [1.5, 11, 2, 11.5], "texture": "#0"},
				"south": {"uv": [5, 5.5, 8, 6], "texture": "#0"},
				"west": {"uv": [11, 1.5, 11.5, 2], "texture": "#0"},
				"up": {"uv": [5, 6.5, 2, 6], "texture": "#0"},
				"down": {"uv": [9, 3, 6, 3.5], "texture": "#0"}
			}
		},
		{
			"from": [4, 0, 3],
			"to": [6, 2, 4],
			"rotation": {"angle": 0, "axis": "y", "origin": [4, 0, 0]},
			"faces": {
				"north": {"uv": [6, 3.5, 7, 4.5], "texture": "#0"},
				"east": {"uv": [4, 10, 4.5, 11], "texture": "#0"},
				"south": {"uv": [7, 3.5, 8, 4.5], "texture": "#0"},
				"west": {"uv": [4.5, 10, 5, 11], "texture": "#0"},
				"up": {"uv": [11, 5, 10, 4.5], "texture": "#0"},
				"down": {"uv": [6, 10, 5, 10.5], "texture": "#0"}
			}
		},
		{
			"from": [6, 1, 3],
			"to": [10, 2, 4],
			"rotation": {"angle": 0, "axis": "y", "origin": [4, 0, 0]},
			"faces": {
				"north": {"uv": [1, 8, 3, 8.5], "texture": "#0"},
				"east": {"uv": [2, 11, 2.5, 11.5], "texture": "#0"},
				"south": {"uv": [3, 8, 5, 8.5], "texture": "#0"},
				"west": {"uv": [11, 2, 11.5, 2.5], "texture": "#0"},
				"up": {"uv": [10, 4, 8, 3.5], "texture": "#0"},
				"down": {"uv": [10, 4, 8, 4.5], "texture": "#0"}
			}
		},
		{
			"from": [10, 0, 3],
			"to": [12, 2, 4],
			"rotation": {"angle": 0, "axis": "y", "origin": [4, 0, 0]},
			"faces": {
				"north": {"uv": [8, 4.5, 9, 5.5], "texture": "#0"},
				"east": {"uv": [10, 5, 10.5, 6], "texture": "#0"},
				"south": {"uv": [8, 5.5, 9, 6.5], "texture": "#0"},
				"west": {"uv": [6, 10, 6.5, 11], "texture": "#0"},
				"up": {"uv": [11, 6.5, 10, 6], "texture": "#0"},
				"down": {"uv": [7.5, 10, 6.5, 10.5], "texture": "#0"}
			}
		},
		{
			"from": [3.725, 6.6, 3],
			"to": [5.725, 9.6, 5],
			"rotation": {"angle": -22.5, "axis": "x", "origin": [3.725, 6.6, 3]},
			"faces": {
				"north": {"uv": [5, 6, 6, 7.5], "texture": "#0"},
				"east": {"uv": [6, 6, 7, 7.5], "texture": "#0"},
				"south": {"uv": [0, 6.5, 1, 8], "texture": "#0"},
				"west": {"uv": [1, 6.5, 2, 8], "texture": "#0"},
				"up": {"uv": [9, 7.5, 8, 6.5], "texture": "#0"},
				"down": {"uv": [9, 7.5, 8, 8.5], "texture": "#0"}
			}
		},
		{
			"from": [10.675, 9.375, 2.1],
			"to": [11.975, 12.775, 3.4],
			"rotation": {"angle": 0, "axis": "y", "origin": [11.35, 10.775, 3.95]},
			"faces": {
				"north": {"uv": [4.5, 8.5, 5, 10], "texture": "#0"},
				"east": {"uv": [8, 8.5, 8.5, 10], "texture": "#0"},
				"south": {"uv": [8.5, 8.5, 9, 10], "texture": "#0"},
				"west": {"uv": [9, 1, 9.5, 2.5], "texture": "#0"},
				"up": {"uv": [3, 11.5, 2.5, 11], "texture": "#0"},
				"down": {"uv": [11.5, 2.5, 11, 3], "texture": "#0"}
			}
		},
		{
			"from": [4.075, 9.375, 2.1],
			"to": [5.375, 12.775, 3.4],
			"rotation": {"angle": 0, "axis": "y", "origin": [4.7, 10.775, 3.95]},
			"faces": {
				"north": {"uv": [9, 4.5, 9.5, 6], "texture": "#0"},
				"east": {"uv": [9, 6, 9.5, 7.5], "texture": "#0"},
				"south": {"uv": [9, 7.5, 9.5, 9], "texture": "#0"},
				"west": {"uv": [9, 9, 9.5, 10.5], "texture": "#0"},
				"up": {"uv": [3.5, 11.5, 3, 11], "texture": "#0"},
				"down": {"uv": [11.5, 3, 11, 3.5], "texture": "#0"}
			}
		},
		{
			"from": [10.325, 6.6, 3],
			"to": [12.325, 9.6, 5],
			"rotation": {"angle": -22.5, "axis": "x", "origin": [12.325, 6.6, 3]},
			"faces": {
				"north": {"uv": [2, 6.5, 3, 8], "texture": "#0"},
				"east": {"uv": [3, 6.5, 4, 8], "texture": "#0"},
				"south": {"uv": [4, 6.5, 5, 8], "texture": "#0"},
				"west": {"uv": [7, 6, 8, 7.5], "texture": "#0"},
				"up": {"uv": [9.5, 1, 8.5, 0], "texture": "#0"},
				"down": {"uv": [2, 8.5, 1, 9.5], "texture": "#0"}
			}
		},
		{
			"from": [12.6, 4, 4],
			"to": [12.61, 5, 13.225],
			"faces": {
				"north": {"uv": [0, 0, 0, 0.5], "texture": "#0"},
				"east": {"uv": [4, 0, 8.5, 0.5], "texture": "#0"},
				"south": {"uv": [0, 0, 0, 0.5], "texture": "#0"},
				"west": {"uv": [3.5, 4.5, 8, 5], "texture": "#0"},
				"up": {"uv": [6, 0, 8.5, 0.5], "texture": "#0"},
				"down": {"uv": [8.5, 0, 6, 0.5], "texture": "#0"}
			}
		},
		{
			"from": [3.4, 4, 13.225],
			"to": [12.6, 5, 13.235],
			"rotation": {"angle": 0, "axis": "y", "origin": [12.6, 4.5, 8.5]},
			"faces": {
				"north": {"uv": [4, 1, 8.5, 1.5], "texture": "#0"},
				"east": {"uv": [0, 0, 0, 0.5], "texture": "#0"},
				"south": {"uv": [4, 1.5, 8.5, 2], "texture": "#0"},
				"west": {"uv": [0, 0, 0, 0.5], "texture": "#0"},
				"up": {"uv": [6, 4.5, 3.5, 5], "texture": "#0"},
				"down": {"uv": [6, 4.5, 3.5, 5], "texture": "#0"}
			}
		},
		{
			"from": [3.39, 4, 4],
			"to": [3.4, 5, 13.225],
			"rotation": {"angle": 0, "axis": "y", "origin": [16, 0, 0]},
			"faces": {
				"north": {"uv": [0, 0, 0, 0.5], "texture": "#0"},
				"east": {"uv": [4, 2, 8.5, 2.5], "texture": "#0"},
				"south": {"uv": [6.5, 1, 8.5, 1.5], "texture": "#0"},
				"west": {"uv": [4, 2.5, 8.5, 3], "texture": "#0"},
				"up": {"uv": [4, 3, 6.5, 2.5], "texture": "#0"},
				"down": {"uv": [4, 2.5, 6.5, 3], "texture": "#0"}
			}
		}
	],
	"display": {
		"thirdperson_righthand": {
			"rotation": [90, 0, 0],
			"translation": [0, -2.5, 4.25],
			"scale": [0.7, 0.7, 0.7]
		},
		"thirdperson_lefthand": {
			"rotation": [90, 0, 0],
			"translation": [0, -2.5, 4.25],
			"scale": [0.7, 0.7, 0.7]
		},
		"firstperson_righthand": {
			"rotation": [0, 90, 0],
			"translation": [6.25, 6, -3.5],
			"scale": [0.9, 0.9, 0.9]
		},
		"firstperson_lefthand": {
			"rotation": [0, 90, 0],
			"translation": [6.25, 6, -3.5],
			"scale": [0.9, 0.9, 0.9]
		},
		"ground": {
			"translation": [0, 4.5, 0]
		},
		"gui": {
			"rotation": [0, 180, 0],
			"translation": [0, 2.25, 0],
			"scale": [1.1, 1.1, 1.1]
		},
		"head": {
			"rotation": [0, 0.15, 0.09],
			"translation": [0, 5.75, -1],
			"scale": [1.58203, 1.58203, 1.58203]
		},
		"fixed": {
			"translation": [0, 7.5, 9.5],
			"scale": [2.21875, 2.21875, 2.21875]
		}
	},
	"groups": [
		{
			"name": "cube",
			"origin": [3, 0, 0],
			"color": 0,
			"children": [0, 1, 2, 3, 4, 5, 6, 7, 8, 9, 10, 11, 12, 13, 14, 15, 16, 17, 18, 19, 20, 21, 22, 23, 24, 25, 26]
		}
	]
}