{
	"credit": "Made with Blockbench",
	"texture_size": [64, 64],
	"textures": {
		"0": "./main",
		"1": "./mata",
		"2": "./mulut",
		"particle": "./main"
	},
	"elements": [
		{
			"from": [9, 8, 17],
			"to": [23, 10, 17],
			"rotation": {"angle": 0, "axis": "y", "origin": [8, 1, 8]},
			"faces": {
				"north": {"uv": [5, 0, 8.5, 0.5], "texture": "#0"},
				"east": {"uv": [7.5, 10.75, 8, 11.25], "texture": "#0"},
				"south": {"uv": [5, 0.5, 8.5, 1], "texture": "#0"},
				"west": {"uv": [10.75, 10.25, 11.25, 10.75], "texture": "#0"},
				"up": {"uv": [8.5, 1.5, 5, 1], "texture": "#0"},
				"down": {"uv": [8.5, 1.5, 5, 2], "texture": "#0"}
			}
		},
		{
			"from": [9, 8, -1],
			"to": [23, 10, -1],
			"rotation": {"angle": 0, "axis": "y", "origin": [8, 1, 8]},
			"faces": {
				"north": {"uv": [8.5, 0.5, 5, 1], "texture": "#0"},
				"east": {"uv": [8, 10.75, 7.5, 11.25], "texture": "#0"},
				"south": {"uv": [8.5, 0, 5, 0.5], "texture": "#0"},
				"west": {"uv": [11.25, 10.25, 10.75, 10.75], "texture": "#0"},
				"up": {"uv": [8.5, 1, 5, 1.5], "texture": "#0"},
				"down": {"uv": [8.5, 2, 5, 1.5], "texture": "#0"}
			}
		},
		{
			"from": [23, 8, -1],
			"to": [23, 10, 17],
			"rotation": {"angle": 0, "axis": "y", "origin": [18, 9, -1]},
			"faces": {
				"north": {"uv": [11.25, 10.25, 10.75, 10.75], "texture": "#0"},
				"east": {"uv": [8.5, 0.5, 5, 1], "texture": "#0"},
				"south": {"uv": [8, 10.75, 7.5, 11.25], "texture": "#0"},
				"west": {"uv": [8.5, 0, 5, 0.5], "texture": "#0"},
				"up": {"uv": [8.5, 1, 5, 1.5], "rotation": 90, "texture": "#0"},
				"down": {"uv": [8.5, 2, 5, 1.5], "rotation": 270, "texture": "#0"}
			}
		},
		{
			"from": [7, 16, 2],
			"to": [9, 18, 14],
			"rotation": {"angle": 0, "axis": "y", "origin": [5.86726, 10.91563, 8]},
			"faces": {
				"north": {"uv": [9, 10.5, 9.5, 11], "texture": "#0"},
				"east": {"uv": [5, 0, 8.5, 1], "texture": "#0"},
				"south": {"uv": [10.5, 9.25, 11, 9.75], "texture": "#0"},
				"west": {"uv": [7.5, 5, 10.5, 5.5], "texture": "#0"},
				"up": {"uv": [5.5, 11, 5, 8], "texture": "#0"},
				"down": {"uv": [6, 8, 5.5, 11], "texture": "#0"}
			}
		},
		{
			"from": [7, 12, 0],
			"to": [9, 16, 16],
			"rotation": {"angle": 0, "axis": "y", "origin": [5.86726, 10.91563, 8]},
			"faces": {
				"north": {"uv": [2.5, 10, 3, 11], "texture": "#0"},
				"east": {"uv": [5, 0, 8.25, 1], "texture": "#0"},
				"south": {"uv": [10, 5.5, 10.5, 6.5], "texture": "#0"},
				"west": {"uv": [4, 4, 8, 5], "texture": "#0"},
				"up": {"uv": [2.5, 9, 2, 5], "texture": "#0"},
				"down": {"uv": [3, 5, 2.5, 9], "texture": "#0"}
			}
		},
		{
			"from": [7, 6, -2],
			"to": [9, 12, 18],
			"rotation": {"angle": 0, "axis": "y", "origin": [5.86726, 10.91563, 8]},
			"faces": {
				"north": {"uv": [9, 5.5, 9.5, 7], "texture": "#0"},
				"east": {"uv": [5, 0, 8.5, 1], "texture": "#0"},
				"south": {"uv": [9, 7.5, 9.5, 9], "texture": "#0"},
				"west": {"uv": [0, 1.5, 5, 3], "texture": "#0"},
				"up": {"uv": [0.5, 10, 0, 5], "texture": "#0"},
				"down": {"uv": [1, 5, 0.5, 10], "texture": "#0"}
			}
		},
		{
			"from": [7, 2, 0],
			"to": [9, 6, 16],
			"rotation": {"angle": 0, "axis": "y", "origin": [5.86726, 10.91563, 8]},
			"faces": {
				"north": {"uv": [1.5, 10, 2.5, 10.5], "rotation": 90, "texture": "#0"},
				"east": {"uv": [5, 1, 8.25, 0], "texture": "#0"},
				"south": {"uv": [2, 10.5, 2.5, 11], "texture": "#0"},
				"west": {"uv": [0, 4, 4, 5], "texture": "#0"},
				"up": {"uv": [1.5, 9, 1, 5], "texture": "#0"},
				"down": {"uv": [2, 5, 1.5, 9], "texture": "#0"}
			}
		},
		{
			"from": [7, 0, 2],
			"to": [9, 2, 14],
			"rotation": {"angle": 0, "axis": "y", "origin": [5.86726, 10.91563, 8]},
			"faces": {
				"north": {"uv": [9, 4.5, 9.5, 5], "texture": "#0"},
				"east": {"uv": [5, 0, 8.5, 1], "texture": "#0"},
				"south": {"uv": [10.5, 6, 11, 6.5], "texture": "#0"},
				"west": {"uv": [7, 7, 10, 7.5], "texture": "#0"},
				"up": {"uv": [4.5, 10.5, 4, 7.5], "texture": "#0"},
				"down": {"uv": [5, 7.5, 4.5, 10.5], "texture": "#0"}
			}
		},
		{
			"from": [6.9, 0.9, 0.2],
			"to": [8.9, 8.9, 14.8],
			"faces": {
				"north": {"uv": [0, 0, 0, 0.83333], "texture": "#2"},
				"east": {"uv": [0, 0, 1.33333, 0.83333], "texture": "#2"},
				"south": {"uv": [0, 0, 0, 0.83333], "texture": "#2"},
				"west": {"uv": [0, 8, 16, 16], "texture": "#2"},
				"up": {"uv": [0, 0, 0, 1.33333], "texture": "#2"},
				"down": {"uv": [0, 0, 0, 1.33333], "texture": "#2"}
			}
		},
		{
			"from": [6.9, 9.4, 0],
			"to": [6.9, 15.4, 5],
			"faces": {
				"north": {"uv": [0, 0, 0, 0.33333], "texture": "#1"},
				"east": {"uv": [0, 0, 0.33333, 0.33333], "texture": "#1"},
				"south": {"uv": [0, 0, 0, 0.33333], "texture": "#1"},
				"west": {"uv": [0, 1, 4.83333, 6.83333], "texture": "#1"},
				"up": {"uv": [0, 0, 0, 0.33333], "texture": "#1"},
				"down": {"uv": [0, 0, 0, 0.33333], "texture": "#1"}
			}
		},
		{
			"from": [6.9, 7, 11.2],
			"to": [6.9, 13, 16.2],
			"faces": {
				"north": {"uv": [0, 0, 0, 0.33333], "texture": "#1"},
				"east": {"uv": [0, 0, 0.33333, 0.33333], "texture": "#1"},
				"south": {"uv": [0, 0, 0, 0.33333], "texture": "#1"},
				"west": {"uv": [10.33333, 1, 15.16667, 6.83333], "texture": "#1"},
				"up": {"uv": [0, 0, 0, 0.33333], "texture": "#1"},
				"down": {"uv": [0, 0, 0, 0.33333], "texture": "#1"}
			}
		}
	],
	"display": {
		"thirdperson_righthand": {
			"rotation": [-2, -90, -90],
			"translation": [0, 0.75, 1.5],
			"scale": [0.4, 0.4, 0.4]
		},
		"thirdperson_lefthand": {
			"rotation": [2, 90, 90],
			"translation": [0, 0.75, 1.5],
			"scale": [0.4, 0.4, 0.4]
		},
		"firstperson_righthand": {
			"rotation": [0, 35, 0],
			"translation": [-0.75, 4.25, 0],
			"scale": [0.4, 0.4, 0.4]
		},
		"firstperson_lefthand": {
			"rotation": [-180, -60, 180],
			"translation": [-0.75, 4.25, 0],
			"scale": [0.4, 0.4, 0.4]
		},
		"ground": {
			"translation": [0, 5.25, 0],
			"scale": [0.6, 0.6, 0.6]
		},
		"gui": {
			"rotation": [36, 41, 0],
			"translation": [-2.65, -1.8, 0],
			"scale": [0.5, 0.5, 0.5]
		},
		"head": {
			"rotation": [0, -90, 0],
			"translation": [0, -0.5, -7.5],
			"scale": [0.9, 0.9, 0.9]
		},
		"fixed": {
			"rotation": [0, -90, 0],
			"translation": [0, 0, -1]
		}
	},
	"groups": [
		{
			"name": "tali",
			"origin": [8, 1, 8],
			"color": 0,
			"children": [0, 1, 2]
		},
		{
			"name": "main",
			"origin": [4.78316, 7.6585, 8],
			"color": 0,
			"children": [3, 4, 5, 6, 7, 8]
		},
		{
			"name": "mata",
			"origin": [0, 0, 0],
			"color": 0,
			"children": [9, 10]
		}
	]
}