{
	"credit": "Made with Blockbench",
	"textures": {
		"0": "./animasi_asap_01",
		"1": "./animasi_asap_02",
		"4": "./hijau",
		"7": "./rante_hitam",
		"8": "./muka_2",
		"13": "./texture",
		"14": "./texture_1",
		"particle": "./animasi_asap_01"
	},
	"elements": [
		{
			"from": [6.95, 16.88922, -5.80421],
			"to": [9.45, 18.88922, -3.80421],
			"rotation": {"angle": 45, "axis": "x", "origin": [8.2, 5.08501, 8]},
			"faces": {
				"north": {"uv": [1.6875, 0.25, 1.4375, 0.5], "texture": "#4"},
				"east": {"uv": [1.6875, 0.25, 1.4375, 0], "texture": "#4"},
				"south": {"uv": [1.6875, 0.75, 1.4375, 0.5], "texture": "#4"},
				"west": {"uv": [1.6875, 0.25, 1.4375, 0], "texture": "#4"},
				"up": {"uv": [1.6875, 0.75, 1.4375, 0.5], "texture": "#4"},
				"down": {"uv": [1.6875, 0.5, 1.4375, 0.25], "texture": "#4"}
			}
		},
		{
			"from": [7.7, 22.2, 8],
			"to": [8.7, 23.7, 10],
			"rotation": {"angle": -22.5, "axis": "x", "origin": [8.2, 23.675, 9.575]},
			"faces": {
				"north": {"uv": [0.5, 1.625, 0.625, 1.4375], "texture": "#4"},
				"east": {"uv": [0.875, 1.5625, 0.625, 1.375], "texture": "#4"},
				"south": {"uv": [0.5, 1.625, 0.625, 1.4375], "texture": "#4"},
				"west": {"uv": [0.625, 1.5625, 0.875, 1.375], "texture": "#4"},
				"up": {"uv": [1.125, 1.375, 0.875, 1.5], "rotation": 90, "texture": "#4"},
				"down": {"uv": [1.125, 1.375, 0.875, 1.5], "rotation": 90, "texture": "#4"}
			}
		},
		{
			"from": [7.8, 23.08188, 9.52574],
			"to": [8.6, 24.58188, 10.52574],
			"rotation": {"angle": 22.5, "axis": "x", "origin": [8.2, 23.675, 9.575]},
			"faces": {
				"north": {"uv": [1.4375, 1, 1.25, 1.1], "rotation": 270, "texture": "#4"},
				"east": {"uv": [1.25, 0.875, 1.4375, 1], "rotation": 270, "texture": "#4"},
				"south": {"uv": [1.4375, 1, 1.25, 1.1], "rotation": 90, "texture": "#4"},
				"west": {"uv": [1.4375, 0.875, 1.25, 1], "rotation": 90, "texture": "#4"},
				"up": {"uv": [1.2125, 1.25, 1.3125, 1.125], "texture": "#4"},
				"down": {"uv": [1.2125, 1.25, 1.3125, 1.125], "rotation": 180, "texture": "#4"}
			}
		},
		{
			"from": [7.95, 23.9, 9.9],
			"to": [8.45, 24.9, 10.4],
			"rotation": {"angle": -22.5, "axis": "x", "origin": [8.2, 23.675, 9.575]},
			"faces": {
				"north": {"uv": [1.25, 1.25, 1.125, 1.3125], "rotation": 90, "texture": "#4"},
				"east": {"uv": [1.25, 1.25, 1.125, 1.3125], "rotation": 90, "texture": "#4"},
				"south": {"uv": [1.25, 1.25, 1.125, 1.3125], "rotation": 90, "texture": "#4"},
				"west": {"uv": [1.25, 1.25, 1.125, 1.3125], "rotation": 90, "texture": "#4"},
				"up": {"uv": [1.25, 1.3125, 1.3125, 1.25], "texture": "#4"},
				"down": {"uv": [1.25, 1.3125, 1.3125, 1.25], "texture": "#4"}
			}
		},
		{
			"from": [7.7, 22.2, 6],
			"to": [8.7, 23.7, 8],
			"rotation": {"angle": 22.5, "axis": "x", "origin": [8.2, 23.675, 6.425]},
			"faces": {
				"north": {"uv": [0.625, 1.625, 0.5, 1.4375], "texture": "#4"},
				"east": {"uv": [0.625, 1.5625, 0.875, 1.375], "texture": "#4"},
				"south": {"uv": [0.625, 1.625, 0.5, 1.4375], "texture": "#4"},
				"west": {"uv": [0.875, 1.5625, 0.625, 1.375], "texture": "#4"},
				"up": {"uv": [0.875, 1.375, 1.125, 1.5], "rotation": 90, "texture": "#4"},
				"down": {"uv": [0.875, 1.375, 1.125, 1.5], "rotation": 90, "texture": "#4"}
			}
		},
		{
			"from": [7.8, 23.08188, 5.47426],
			"to": [8.6, 24.58188, 6.47426],
			"rotation": {"angle": -22.5, "axis": "x", "origin": [8.2, 23.675, 6.425]},
			"faces": {
				"north": {"uv": [1.4375, 1.1, 1.25, 1], "rotation": 90, "texture": "#4"},
				"east": {"uv": [1.25, 1, 1.4375, 0.875], "rotation": 270, "texture": "#4"},
				"south": {"uv": [1.4375, 1.1, 1.25, 1], "rotation": 270, "texture": "#4"},
				"west": {"uv": [1.4375, 1, 1.25, 0.875], "rotation": 90, "texture": "#4"},
				"up": {"uv": [1.2125, 1.125, 1.3125, 1.25], "texture": "#4"},
				"down": {"uv": [1.2125, 1.125, 1.3125, 1.25], "rotation": 180, "texture": "#4"}
			}
		},
		{
			"from": [7.95, 23.9, 5.6],
			"to": [8.45, 24.9, 6.1],
			"rotation": {"angle": 22.5, "axis": "x", "origin": [8.2, 23.675, 6.425]},
			"faces": {
				"north": {"uv": [1.25, 1.3125, 1.125, 1.25], "rotation": 90, "texture": "#4"},
				"east": {"uv": [1.25, 1.3125, 1.125, 1.25], "rotation": 90, "texture": "#4"},
				"south": {"uv": [1.25, 1.3125, 1.125, 1.25], "rotation": 90, "texture": "#4"},
				"west": {"uv": [1.25, 1.3125, 1.125, 1.25], "rotation": 90, "texture": "#4"},
				"up": {"uv": [1.25, 1.25, 1.3125, 1.3125], "texture": "#4"},
				"down": {"uv": [1.25, 1.25, 1.3125, 1.3125], "texture": "#4"}
			}
		},
		{
			"from": [7.45, 15, 8.65],
			"to": [8.95, 17.7, 9.95],
			"rotation": {"angle": -22.5, "axis": "x", "origin": [8.2, 13.21499, 8]},
			"faces": {
				"north": {"uv": [7, 5, 7.75, 6.25], "texture": "#13"},
				"east": {"uv": [7, 6.5, 7.75, 7.75], "texture": "#13"},
				"south": {"uv": [0, 7.5, 0.75, 8.75], "texture": "#13"},
				"west": {"uv": [1, 7.5, 1.75, 8.75], "texture": "#13"},
				"up": {"uv": [8.75, 8.75, 8, 8], "texture": "#13"},
				"down": {"uv": [0.75, 9, 0, 9.75], "texture": "#13"}
			}
		},
		{
			"from": [7.45, 12.6, 7.85],
			"to": [8.95, 15.7, 9.15],
			"rotation": {"angle": 0, "axis": "y", "origin": [8.2, 13.21499, 8]},
			"faces": {
				"north": {"uv": [5, 4, 5.75, 5.5], "texture": "#13"},
				"east": {"uv": [5, 5.5, 5.75, 7], "texture": "#13"},
				"south": {"uv": [6, 0, 6.75, 1.5], "texture": "#13"},
				"west": {"uv": [6, 1.5, 6.75, 3], "texture": "#13"},
				"up": {"uv": [9.75, 0.75, 9, 0], "texture": "#13"},
				"down": {"uv": [1.75, 9, 1, 9.75], "texture": "#13"}
			}
		},
		{
			"from": [7.65, 10.5, 7.85],
			"to": [8.75, 12.7, 9.15],
			"rotation": {"angle": 0, "axis": "y", "origin": [8.2, 9.71499, 7.7]},
			"faces": {
				"north": {"uv": [6, 4, 7, 6], "texture": "#14"},
				"east": {"uv": [0, 0, 1.5, 2], "texture": "#14"},
				"south": {"uv": [6, 6, 7, 8], "texture": "#14"},
				"west": {"uv": [0, 2, 1.5, 4], "texture": "#14"},
				"up": {"uv": [5, 9.5, 4, 8], "texture": "#14"},
				"down": {"uv": [9, 4, 8, 5.5], "texture": "#14"}
			}
		},
		{
			"from": [7.45, 10.1, 7.95],
			"to": [8.95, 13.2, 9.25],
			"rotation": {"angle": 22.5, "axis": "x", "origin": [8.2, 13.21499, 8]},
			"faces": {
				"north": {"uv": [6, 3, 6.75, 4.5], "texture": "#13"},
				"east": {"uv": [4, 6, 4.75, 7.5], "texture": "#13"},
				"south": {"uv": [6, 4.5, 6.75, 6], "texture": "#13"},
				"west": {"uv": [6, 6, 6.75, 7.5], "texture": "#13"},
				"up": {"uv": [9.75, 1.75, 9, 1], "texture": "#13"},
				"down": {"uv": [2.75, 9, 2, 9.75], "texture": "#13"}
			}
		},
		{
			"from": [7.45, 7.5, 7.95],
			"to": [8.95, 10.1, 9.25],
			"rotation": {"angle": 22.5, "axis": "x", "origin": [8.2, 13.21499, 8]},
			"faces": {
				"north": {"uv": [2, 7.5, 2.75, 8.75], "texture": "#13"},
				"east": {"uv": [3, 7.5, 3.75, 8.75], "texture": "#13"},
				"south": {"uv": [4, 7.5, 4.75, 8.75], "texture": "#13"},
				"west": {"uv": [6, 7.5, 6.75, 8.75], "texture": "#13"},
				"up": {"uv": [9.75, 2.75, 9, 2], "texture": "#13"},
				"down": {"uv": [3.75, 9, 3, 9.75], "texture": "#13"}
			}
		},
		{
			"from": [7.45, -3.3, 5.85],
			"to": [8.95, 7.7, 7.15],
			"rotation": {"angle": 0, "axis": "y", "origin": [8.2, 13.21499, 8]},
			"faces": {
				"north": {"uv": [0, 0, 0.75, 4.25], "texture": "#13"},
				"east": {"uv": [1, 0, 1.75, 4.25], "texture": "#13"},
				"south": {"uv": [2, 0, 2.75, 4.25], "texture": "#13"},
				"west": {"uv": [3, 0, 3.75, 4.25], "texture": "#13"},
				"up": {"uv": [9.75, 3.75, 9, 3], "texture": "#13"},
				"down": {"uv": [4.75, 9, 4, 9.75], "texture": "#13"}
			}
		},
		{
			"from": [7.45, -2.8, 1.85],
			"to": [8.95, -1.7, 3.15],
			"rotation": {"angle": -22.5, "axis": "x", "origin": [8.2, 7.41499, 8]},
			"faces": {
				"north": {"uv": [9, 8, 9.75, 8.5], "texture": "#13"},
				"east": {"uv": [9, 8.5, 9.75, 9], "texture": "#13"},
				"south": {"uv": [9, 9, 9.75, 9.5], "texture": "#13"},
				"west": {"uv": [9, 9.5, 9.75, 10], "texture": "#13"},
				"up": {"uv": [9.75, 4.75, 9, 4], "texture": "#13"},
				"down": {"uv": [5.75, 9, 5, 9.75], "texture": "#13"}
			}
		},
		{
			"from": [7.35, -3.1, 1.65],
			"to": [9.05, -2.6, 3.45],
			"rotation": {"angle": -22.5, "axis": "x", "origin": [8.2, 7.41499, 8]},
			"faces": {
				"north": {"uv": [10, 7, 10.75, 7.25], "texture": "#13"},
				"east": {"uv": [10, 5, 11, 5.25], "texture": "#13"},
				"south": {"uv": [10, 7.5, 10.75, 7.75], "texture": "#13"},
				"west": {"uv": [10, 5.5, 11, 5.75], "texture": "#13"},
				"up": {"uv": [8.75, 1, 8, 0], "texture": "#13"},
				"down": {"uv": [8.75, 1, 8, 2], "texture": "#13"}
			}
		},
		{
			"from": [7.45, -10.1, 6.35],
			"to": [8.95, -4.1, 7.65],
			"rotation": {"angle": 0, "axis": "y", "origin": [8.2, 7.31499, 8]},
			"faces": {
				"north": {"uv": [4, 0, 4.75, 3], "texture": "#13"},
				"east": {"uv": [4, 3, 4.75, 6], "texture": "#13"},
				"south": {"uv": [0, 4.5, 0.75, 7.5], "texture": "#13"},
				"west": {"uv": [1, 4.5, 1.75, 7.5], "texture": "#13"},
				"up": {"uv": [9.75, 5.75, 9, 5], "texture": "#13"},
				"down": {"uv": [6.75, 9, 6, 9.75], "texture": "#13"}
			}
		},
		{
			"from": [7.45, -12.6, 12.95],
			"to": [8.95, -8.9, 14.25],
			"rotation": {"angle": 22.5, "axis": "x", "origin": [8.2, 7.31499, 8]},
			"faces": {
				"north": {"uv": [2, 4.5, 2.75, 6.25], "texture": "#13"},
				"east": {"uv": [3, 4.5, 3.75, 6.25], "texture": "#13"},
				"south": {"uv": [5, 0, 5.75, 1.75], "texture": "#13"},
				"west": {"uv": [5, 2, 5.75, 3.75], "texture": "#13"},
				"up": {"uv": [9.75, 6.75, 9, 6], "texture": "#13"},
				"down": {"uv": [7.75, 9, 7, 9.75], "texture": "#13"}
			}
		},
		{
			"from": [7.35, -9.2, 12.65],
			"to": [9.05, -8.7, 14.45],
			"rotation": {"angle": 22.5, "axis": "x", "origin": [8.2, 7.31499, 8]},
			"faces": {
				"north": {"uv": [8, 10, 8.75, 10.25], "texture": "#13"},
				"east": {"uv": [6, 10, 7, 10.25], "texture": "#13"},
				"south": {"uv": [10, 8, 10.75, 8.25], "texture": "#13"},
				"west": {"uv": [10, 6, 11, 6.25], "texture": "#13"},
				"up": {"uv": [8.75, 3, 8, 2], "texture": "#13"},
				"down": {"uv": [8.75, 3, 8, 4], "texture": "#13"}
			}
		},
		{
			"from": [7.35, -12, 12.65],
			"to": [9.05, -11.5, 14.45],
			"rotation": {"angle": 22.5, "axis": "x", "origin": [8.2, 7.31499, 8]},
			"faces": {
				"north": {"uv": [10, 8.5, 10.75, 8.75], "texture": "#13"},
				"east": {"uv": [10, 6.5, 11, 6.75], "texture": "#13"},
				"south": {"uv": [9, 10, 9.75, 10.25], "texture": "#13"},
				"west": {"uv": [7, 10, 8, 10.25], "texture": "#13"},
				"up": {"uv": [8.75, 5, 8, 4], "texture": "#13"},
				"down": {"uv": [5.75, 8, 5, 9], "texture": "#13"}
			}
		},
		{
			"from": [7.35, -13.9, 12.65],
			"to": [9.05, -12.4, 14.45],
			"rotation": {"angle": 22.5, "axis": "x", "origin": [8.2, 7.31499, 8]},
			"faces": {
				"north": {"uv": [9, 7, 9.75, 7.75], "texture": "#13"},
				"east": {"uv": [8, 5, 9, 5.75], "texture": "#13"},
				"south": {"uv": [8, 9, 8.75, 9.75], "texture": "#13"},
				"west": {"uv": [8, 6, 9, 6.75], "texture": "#13"},
				"up": {"uv": [7.75, 9, 7, 8], "texture": "#13"},
				"down": {"uv": [8.75, 7, 8, 8], "texture": "#13"}
			}
		},
		{
			"from": [7.25, 12.7, 7.55],
			"to": [9.15, 13.3, 9.45],
			"rotation": {"angle": 0, "axis": "y", "origin": [8.2, 13.21499, 8]},
			"faces": {
				"north": {"uv": [10, 2.5, 11, 2.75], "texture": "#13"},
				"east": {"uv": [3, 10, 4, 10.25], "texture": "#13"},
				"south": {"uv": [10, 3, 11, 3.25], "texture": "#13"},
				"west": {"uv": [10, 3.5, 11, 3.75], "texture": "#13"},
				"up": {"uv": [8, 3, 7, 2], "texture": "#13"},
				"down": {"uv": [8, 3, 7, 4], "texture": "#13"}
			}
		},
		{
			"from": [7.25, 10.1, 7.65],
			"to": [9.15, 10.7, 9.65],
			"rotation": {"angle": 22.5, "axis": "x", "origin": [8.2, 13.21499, 8]},
			"faces": {
				"north": {"uv": [10, 1, 11, 1.25], "texture": "#13"},
				"east": {"uv": [10, 1.5, 11, 1.75], "texture": "#13"},
				"south": {"uv": [2, 10, 3, 10.25], "texture": "#13"},
				"west": {"uv": [10, 2, 11, 2.25], "texture": "#13"},
				"up": {"uv": [8, 1, 7, 0], "texture": "#13"},
				"down": {"uv": [8, 1, 7, 2], "texture": "#13"}
			}
		},
		{
			"from": [7.25, 7.6, 5.55],
			"to": [9.15, 8.2, 7.55],
			"rotation": {"angle": 0, "axis": "y", "origin": [8.2, 13.21499, 8]},
			"faces": {
				"north": {"uv": [4, 10, 5, 10.25], "texture": "#13"},
				"east": {"uv": [10, 4, 11, 4.25], "texture": "#13"},
				"south": {"uv": [10, 4.5, 11, 4.75], "texture": "#13"},
				"west": {"uv": [5, 10, 6, 10.25], "texture": "#13"},
				"up": {"uv": [8, 5, 7, 4], "texture": "#13"},
				"down": {"uv": [6, 7, 5, 8], "texture": "#13"}
			}
		},
		{
			"from": [7.25, 14.9, 8.35],
			"to": [9.15, 15.5, 10.25],
			"rotation": {"angle": -22.5, "axis": "x", "origin": [8.2, 13.21499, 8]},
			"faces": {
				"north": {"uv": [0, 10, 1, 10.25], "texture": "#13"},
				"east": {"uv": [10, 0, 11, 0.25], "texture": "#13"},
				"south": {"uv": [10, 0.5, 11, 0.75], "texture": "#13"},
				"west": {"uv": [1, 10, 2, 10.25], "texture": "#13"},
				"up": {"uv": [3, 7.5, 2, 6.5], "texture": "#13"},
				"down": {"uv": [4, 6.5, 3, 7.5], "texture": "#13"}
			}
		},
		{
			"from": [7.65, 14.1, 9.35],
			"to": [8.75, 15.8, 10.05],
			"rotation": {"angle": -22.5, "axis": "x", "origin": [8.2, 13.21499, 8]},
			"faces": {
				"north": {"uv": [0, 8, 1, 9.5], "texture": "#14"},
				"east": {"uv": [8, 9, 8.5, 10.5], "texture": "#14"},
				"south": {"uv": [8, 0, 9, 1.5], "texture": "#14"},
				"west": {"uv": [9, 8, 9.5, 9.5], "texture": "#14"},
				"up": {"uv": [1, 12.5, 0, 12], "texture": "#14"},
				"down": {"uv": [4, 12, 3, 12.5], "texture": "#14"}
			}
		},
		{
			"from": [7.65, -6.2, 8.05],
			"to": [8.75, -4.5, 8.75],
			"rotation": {"angle": -22.5, "axis": "x", "origin": [8.2, -7.08501, 6.5]},
			"faces": {
				"north": {"uv": [7, 8, 8, 9.5], "texture": "#14"},
				"east": {"uv": [4, 10, 4.5, 11.5], "texture": "#14"},
				"south": {"uv": [8, 7, 9, 8.5], "texture": "#14"},
				"west": {"uv": [10, 6, 10.5, 7.5], "texture": "#14"},
				"up": {"uv": [13, 3.5, 12, 3], "texture": "#14"},
				"down": {"uv": [5, 12, 4, 12.5], "texture": "#14"}
			}
		},
		{
			"from": [7.65, -7.6, 8.05],
			"to": [8.75, -5.9, 8.75],
			"rotation": {"angle": -22.5, "axis": "x", "origin": [8.2, -8.78501, 6.5]},
			"faces": {
				"north": {"uv": [9, 0, 10, 1.5], "texture": "#14"},
				"east": {"uv": [1, 11, 1.5, 12.5], "texture": "#14"},
				"south": {"uv": [9, 2, 10, 3.5], "texture": "#14"},
				"west": {"uv": [2, 11, 2.5, 12.5], "texture": "#14"},
				"up": {"uv": [13, 4.5, 12, 4], "texture": "#14"},
				"down": {"uv": [13, 5, 12, 5.5], "texture": "#14"}
			}
		},
		{
			"from": [7.65, -9.1, 8.25],
			"to": [8.75, -7.4, 8.95],
			"rotation": {"angle": -22.5, "axis": "x", "origin": [8.2, -10.48501, 6.5]},
			"faces": {
				"north": {"uv": [9, 4, 10, 5.5], "texture": "#14"},
				"east": {"uv": [11, 6, 11.5, 7.5], "texture": "#14"},
				"south": {"uv": [5, 9, 6, 10.5], "texture": "#14"},
				"west": {"uv": [8, 11, 8.5, 12.5], "texture": "#14"},
				"up": {"uv": [7, 12.5, 6, 12], "texture": "#14"},
				"down": {"uv": [13, 6, 12, 6.5], "texture": "#14"}
			}
		},
		{
			"from": [7.65, -10.7, 8.25],
			"to": [8.75, -9, 8.95],
			"rotation": {"angle": -22.5, "axis": "x", "origin": [8.2, -12.08501, 6.5]},
			"faces": {
				"north": {"uv": [9, 4, 10, 5.5], "texture": "#14"},
				"east": {"uv": [11, 6, 11.5, 7.5], "texture": "#14"},
				"south": {"uv": [5, 9, 6, 10.5], "texture": "#14"},
				"west": {"uv": [8, 11, 8.5, 12.5], "texture": "#14"},
				"up": {"uv": [7, 12.5, 6, 12], "texture": "#14"},
				"down": {"uv": [13, 6, 12, 6.5], "texture": "#14"}
			}
		},
		{
			"from": [7.65, 12.7, 9.15],
			"to": [8.75, 14.2, 10.35],
			"rotation": {"angle": -22.5, "axis": "x", "origin": [8.2, 11.21499, 8.1]},
			"faces": {
				"north": {"uv": [1, 8, 2, 9.5], "texture": "#14"},
				"east": {"uv": [2, 8, 3, 9.5], "texture": "#14"},
				"south": {"uv": [8, 2, 9, 3.5], "texture": "#14"},
				"west": {"uv": [3, 8, 4, 9.5], "texture": "#14"},
				"up": {"uv": [7, 10, 6, 9], "texture": "#14"},
				"down": {"uv": [10, 7, 9, 8], "texture": "#14"}
			}
		},
		{
			"from": [7.25, 7.9, 1.95],
			"to": [9.15, 7.9, 3.75],
			"rotation": {"angle": -22.5, "axis": "x", "origin": [8.2, 7.61499, 5.7]},
			"faces": {
				"north": {"uv": [0, 0, 4, 0], "texture": "#7"},
				"east": {"uv": [0, 0, 4, 0], "texture": "#7"},
				"south": {"uv": [0, 0, 4, 0], "texture": "#7"},
				"west": {"uv": [0, 0, 4, 0], "texture": "#7"},
				"up": {"uv": [8, 4, 4, 0], "texture": "#7"},
				"down": {"uv": [8, 4, 4, 8], "texture": "#7"}
			}
		},
		{
			"from": [7.25, 9.1, 3.75],
			"to": [9.15, 9.1, 5.55],
			"rotation": {"angle": -22.5, "axis": "x", "origin": [8.2, 9.21499, 8.3]},
			"faces": {
				"north": {"uv": [0, 0, 4, 0], "texture": "#7"},
				"east": {"uv": [0, 0, 4, 0], "texture": "#7"},
				"south": {"uv": [0, 0, 4, 0], "texture": "#7"},
				"west": {"uv": [0, 0, 4, 0], "texture": "#7"},
				"up": {"uv": [8, 4, 4, 0], "texture": "#7"},
				"down": {"uv": [8, 4, 4, 8], "texture": "#7"}
			}
		},
		{
			"from": [8.25, 8.5, 2.55],
			"to": [8.25, 9.8, 4.35],
			"rotation": {"angle": -22.5, "axis": "x", "origin": [8.2, 9.21499, 8.6]},
			"faces": {
				"north": {"uv": [0, 0, 0, 3], "texture": "#7"},
				"east": {"uv": [0, 8, 4, 11], "texture": "#7"},
				"south": {"uv": [0, 0, 0, 3], "texture": "#7"},
				"west": {"uv": [8, 0, 12, 3], "texture": "#7"},
				"up": {"uv": [0, 4, 0, 0], "texture": "#7"},
				"down": {"uv": [0, 0, 0, 4], "texture": "#7"}
			}
		},
		{
			"from": [8.25, 5.9, 0.95],
			"to": [8.25, 7.2, 2.75],
			"rotation": {"angle": 0, "axis": "y", "origin": [8.2, 9.21499, 8.6]},
			"faces": {
				"north": {"uv": [0, 0, 0, 3], "texture": "#7"},
				"east": {"uv": [4, 8, 8, 11], "texture": "#7"},
				"south": {"uv": [0, 0, 0, 3], "texture": "#7"},
				"west": {"uv": [8, 4, 12, 7], "texture": "#7"},
				"up": {"uv": [0, 4, 0, 0], "texture": "#7"},
				"down": {"uv": [0, 0, 0, 4], "texture": "#7"}
			}
		},
		{
			"from": [8.2, 21.8, 5.5],
			"to": [8.2, 25.8, 10.5],
			"rotation": {"angle": 0, "axis": "y", "origin": [8.2, 14.58501, 8]},
			"faces": {
				"north": {"uv": [2.5625, 0.75, 2.875, 0.5], "texture": "#4"},
				"east": {"uv": [15.375, 4.3125, 16, 3.8125], "texture": "#4"},
				"south": {"uv": [2.5625, 0.75, 2.875, 0.5], "texture": "#4"},
				"west": {"uv": [15.375, 4.3125, 16, 3.8125], "texture": "#4"},
				"up": {"uv": [2.5625, 0.5, 2.1875, 0.8125], "rotation": 270, "texture": "#4"},
				"down": {"uv": [2.5625, 0.5, 2.1875, 0.8125], "rotation": 270, "texture": "#4"}
			}
		},
		{
			"from": [8.1, 6.8, -16],
			"to": [8.1, 28.8, 7],
			"rotation": {"angle": 0, "axis": "y", "origin": [8.2, 23.8, -3]},
			"faces": {
				"north": {"uv": [2.5625, 0.75, 2.875, 0.5], "texture": "#4"},
				"east": {"uv": [15.875, 10.75, 13, 8], "texture": "#4"},
				"south": {"uv": [2.5625, 0.75, 2.875, 0.5], "texture": "#4"},
				"west": {"uv": [13, 10.75, 15.875, 8], "texture": "#4"},
				"up": {"uv": [2.5625, 0.5, 2.1875, 0.8125], "rotation": 270, "texture": "#4"},
				"down": {"uv": [2.5625, 0.5, 2.1875, 0.8125], "rotation": 270, "texture": "#4"}
			}
		},
		{
			"from": [8.4, 6.8, -16],
			"to": [8.4, 28.8, 7],
			"rotation": {"angle": 0, "axis": "y", "origin": [8.2, 23.8, -3]},
			"faces": {
				"north": {"uv": [2.875, 0.75, 2.5625, 0.5], "texture": "#4"},
				"east": {"uv": [15.875, 10.75, 13, 8], "texture": "#4"},
				"south": {"uv": [2.875, 0.75, 2.5625, 0.5], "texture": "#4"},
				"west": {"uv": [13, 10.75, 15.875, 8], "texture": "#4"},
				"up": {"uv": [2.5625, 0.8125, 2.1875, 0.5], "rotation": 270, "texture": "#4"},
				"down": {"uv": [2.5625, 0.8125, 2.1875, 0.5], "rotation": 270, "texture": "#4"}
			}
		},
		{
			"from": [8.2, 24.9, -6.7],
			"to": [8.2, 30.9, 0.3],
			"rotation": {"angle": 0, "axis": "z", "origin": [8.2, 27.9, 1.8]},
			"faces": {
				"north": {"uv": [0, 0, 0, 10], "rotation": 180, "texture": "#1"},
				"east": {"uv": [0, 14, 12, 0], "rotation": 270, "texture": "#1"},
				"south": {"uv": [0, 10, 0, 0], "texture": "#1"},
				"west": {"uv": [12, 14, 0, 0], "rotation": 90, "texture": "#1"},
				"up": {"uv": [0, 10, 0, 0], "rotation": 180, "texture": "#1"},
				"down": {"uv": [0, 10, 0, 0], "texture": "#1"}
			}
		},
		{
			"from": [6.8, 16.5, 6.5],
			"to": [9.8, 21.3, 9.5],
			"rotation": {"angle": 0, "axis": "y", "origin": [8.2, 13.58501, 8]},
			"faces": {
				"north": {"uv": [2.4375, 1.5625, 2.0625, 1.1875], "texture": "#4"},
				"east": {"uv": [2.0625, 1.5625, 1.6875, 1.1875], "texture": "#4"},
				"south": {"uv": [2.4375, 1.5625, 2.0625, 1.1875], "texture": "#4"},
				"west": {"uv": [2.0625, 1.5625, 1.6875, 1.1875], "texture": "#4"},
				"up": {"uv": [2.4375, 1.5625, 2.8125, 1.1875], "rotation": 90, "texture": "#4"},
				"down": {"uv": [2.4375, 1.5625, 2.8125, 1.1875], "rotation": 90, "texture": "#4"}
			}
		},
		{
			"from": [8.2, 18.4, 12.18155],
			"to": [8.2, 27.4, 23.18155],
			"rotation": {"angle": 0, "axis": "y", "origin": [8.2, 13.43214, 13.68155]},
			"faces": {
				"north": {"uv": [0.1875, 1.75, 0.375, 2], "rotation": 180, "texture": "#4"},
				"east": {"uv": [11.4375, 4.25, 12.5625, 5.625], "rotation": 270, "texture": "#4"},
				"south": {"uv": [0.1875, 1.75, 0.375, 2], "rotation": 180, "texture": "#4"},
				"west": {"uv": [11.4375, 5.625, 12.5625, 4.25], "rotation": 270, "texture": "#4"},
				"up": {"uv": [0.25, 1.625, 0.4375, 1.75], "rotation": 180, "texture": "#4"},
				"down": {"uv": [0.6875, 1.625, 0.875, 1.75], "rotation": 180, "texture": "#4"}
			}
		},
		{
			"from": [7.3, 16.4, 5.75],
			"to": [9.3, 18.4, 10.25],
			"rotation": {"angle": 0, "axis": "y", "origin": [8.2, 13.58501, 8]},
			"faces": {
				"north": {"uv": [3.6875, 0.25, 3.4375, 0], "texture": "#4"},
				"east": {"uv": [3.4375, 0.25, 2.875, 0], "texture": "#4"},
				"south": {"uv": [3.6875, 0.25, 3.4375, 0], "texture": "#4"},
				"west": {"uv": [3.4375, 0.25, 2.875, 0], "texture": "#4"},
				"up": {"uv": [2.875, 0.5, 3.4375, 0.25], "rotation": 90, "texture": "#4"},
				"down": {"uv": [2.875, 0.5, 3.4375, 0.25], "rotation": 90, "texture": "#4"}
			}
		},
		{
			"from": [7.8, 15.4, 10.2],
			"to": [8.6, 15.9, 11.2],
			"rotation": {"angle": -45, "axis": "x", "origin": [8.2, 16.93564, 11.21336]},
			"faces": {
				"north": {"uv": [0.25, 1.625, 0.1875, 1.5], "rotation": 270, "texture": "#4"},
				"east": {"uv": [0, 1.5, 0.0625, 1.625], "rotation": 270, "texture": "#4"},
				"south": {"uv": [0.25, 1.625, 0.1875, 1.5], "rotation": 270, "texture": "#4"},
				"west": {"uv": [0.0625, 1.5, 0, 1.625], "rotation": 270, "texture": "#4"},
				"up": {"uv": [0.0625, 1.5, 0.1875, 1.625], "rotation": 180, "texture": "#4"},
				"down": {"uv": [0.0625, 1.625, 0.1875, 1.5], "rotation": 180, "texture": "#4"}
			}
		},
		{
			"from": [7.85, 15.42699, 11.1458],
			"to": [8.55, 15.92699, 12.1458],
			"rotation": {"angle": 22.5, "axis": "x", "origin": [8.2, 16.93564, 11.21336]},
			"faces": {
				"north": {"uv": [0.4125, 1.5, 0.5, 1.5625], "texture": "#4"},
				"east": {"uv": [0.5, 1.5, 0.375, 1.4375], "rotation": 180, "texture": "#4"},
				"south": {"uv": [0.4125, 1.5, 0.5, 1.5625], "texture": "#4"},
				"west": {"uv": [0.5, 1.5, 0.375, 1.4375], "rotation": 180, "texture": "#4"},
				"up": {"uv": [0.375, 1.5875, 0.25, 1.5], "rotation": 90, "texture": "#4"},
				"down": {"uv": [0.375, 1.5875, 0.25, 1.5], "rotation": 90, "texture": "#4"}
			}
		},
		{
			"from": [7.7, 15.30065, 11.14225],
			"to": [8.7, 16.80065, 12.14225],
			"rotation": {"angle": -45, "axis": "x", "origin": [8.2, 16.93564, 11.21336]},
			"faces": {
				"north": {"uv": [1.1875, 1.125, 1, 1.25], "rotation": 270, "texture": "#4"},
				"east": {"uv": [1, 1.375, 0.8125, 1.25], "rotation": 270, "texture": "#4"},
				"south": {"uv": [1.1875, 1.125, 1, 1.25], "rotation": 270, "texture": "#4"},
				"west": {"uv": [1, 1.25, 0.8125, 1.375], "rotation": 270, "texture": "#4"},
				"up": {"uv": [1, 1.375, 1.125, 1.25], "texture": "#4"},
				"down": {"uv": [1, 1.375, 1.125, 1.25], "texture": "#4"}
			}
		},
		{
			"from": [7.45, 16.80065, 10.79225],
			"to": [8.95, 18.30065, 12.29225],
			"rotation": {"angle": -45, "axis": "x", "origin": [8.2, 16.93564, 11.21336]},
			"faces": {
				"north": {"uv": [0.375, 1.3125, 0.1875, 1.5], "rotation": 270, "texture": "#4"},
				"east": {"uv": [1, 1.25, 0.8125, 1.0625], "rotation": 270, "texture": "#4"},
				"south": {"uv": [0.375, 1.3125, 0.1875, 1.5], "rotation": 270, "texture": "#4"},
				"west": {"uv": [1, 1.0625, 0.8125, 1.25], "rotation": 270, "texture": "#4"},
				"up": {"uv": [0.625, 1.375, 0.8125, 1.1875], "texture": "#4"},
				"down": {"uv": [0.625, 1.375, 0.8125, 1.1875], "texture": "#4"}
			}
		},
		{
			"from": [7.45, 16.80065, 3.70775],
			"to": [8.95, 18.30065, 5.20775],
			"rotation": {"angle": 45, "axis": "x", "origin": [8.2, 16.93564, 4.78664]},
			"faces": {
				"north": {"uv": [0.375, 1.5, 0.1875, 1.3125], "rotation": 270, "texture": "#4"},
				"east": {"uv": [1, 1.0625, 0.8125, 1.25], "rotation": 270, "texture": "#4"},
				"south": {"uv": [0.375, 1.5, 0.1875, 1.3125], "rotation": 270, "texture": "#4"},
				"west": {"uv": [1, 1.25, 0.8125, 1.0625], "rotation": 270, "texture": "#4"},
				"up": {"uv": [0.625, 1.1875, 0.8125, 1.375], "texture": "#4"},
				"down": {"uv": [0.625, 1.1875, 0.8125, 1.375], "texture": "#4"}
			}
		},
		{
			"from": [7.7, 15.30065, 3.85775],
			"to": [8.7, 16.80065, 4.85775],
			"rotation": {"angle": 45, "axis": "x", "origin": [8.2, 16.93564, 4.78664]},
			"faces": {
				"north": {"uv": [1.1875, 1.25, 1, 1.125], "rotation": 270, "texture": "#4"},
				"east": {"uv": [1, 1.25, 0.8125, 1.375], "rotation": 270, "texture": "#4"},
				"south": {"uv": [1.1875, 1.25, 1, 1.125], "rotation": 270, "texture": "#4"},
				"west": {"uv": [1, 1.375, 0.8125, 1.25], "rotation": 270, "texture": "#4"},
				"up": {"uv": [1, 1.25, 1.125, 1.375], "texture": "#4"},
				"down": {"uv": [1, 1.25, 1.125, 1.375], "texture": "#4"}
			}
		},
		{
			"from": [7.8, 15.4, 4.8],
			"to": [8.6, 15.9, 5.8],
			"rotation": {"angle": 45, "axis": "x", "origin": [8.2, 16.93564, 4.78664]},
			"faces": {
				"north": {"uv": [0.25, 1.5, 0.1875, 1.625], "rotation": 270, "texture": "#4"},
				"east": {"uv": [0, 1.625, 0.0625, 1.5], "rotation": 270, "texture": "#4"},
				"south": {"uv": [0.25, 1.5, 0.1875, 1.625], "rotation": 270, "texture": "#4"},
				"west": {"uv": [0.0625, 1.625, 0, 1.5], "rotation": 270, "texture": "#4"},
				"up": {"uv": [0.0625, 1.625, 0.1875, 1.5], "rotation": 180, "texture": "#4"},
				"down": {"uv": [0.0625, 1.5, 0.1875, 1.625], "rotation": 180, "texture": "#4"}
			}
		},
		{
			"from": [7.85, 15.42699, 3.8542],
			"to": [8.55, 15.92699, 4.8542],
			"rotation": {"angle": -22.5, "axis": "x", "origin": [8.2, 16.93564, 4.78664]},
			"faces": {
				"north": {"uv": [0.5, 1.5, 0.4125, 1.5625], "texture": "#4"},
				"east": {"uv": [0.375, 1.5, 0.5, 1.4375], "rotation": 180, "texture": "#4"},
				"south": {"uv": [0.5, 1.5, 0.4125, 1.5625], "texture": "#4"},
				"west": {"uv": [0.375, 1.5, 0.5, 1.4375], "rotation": 180, "texture": "#4"},
				"up": {"uv": [0.25, 1.5875, 0.375, 1.5], "rotation": 90, "texture": "#4"},
				"down": {"uv": [0.25, 1.5875, 0.375, 1.5], "rotation": 90, "texture": "#4"}
			}
		},
		{
			"from": [6.2, 14.9, 1.4],
			"to": [10.3, 16.9, 1.9],
			"rotation": {"angle": 22.5, "axis": "x", "origin": [-3.9, 7.1, 16]},
			"faces": {
				"north": {"uv": [2.5, 5, 5, 6], "texture": "#8"},
				"east": {"uv": [12.5, 7.5, 12.75, 8.5], "texture": "#8"},
				"south": {"uv": [5, 3, 7.5, 4], "texture": "#8"},
				"west": {"uv": [8, 12.5, 8.25, 13.5], "texture": "#8"},
				"up": {"uv": [15, 0.25, 12.5, 0], "texture": "#8"},
				"down": {"uv": [15, 0.5, 12.5, 0.75], "texture": "#8"}
			}
		},
		{
			"from": [6.2, 15.1, 13.9],
			"to": [10.3, 16.5, 14],
			"rotation": {"angle": -22.5, "axis": "x", "origin": [-3.9, 7, 0.3]},
			"faces": {
				"north": {"uv": [0, 3, 2.5, 4], "texture": "#8"},
				"east": {"uv": [12.5, 4, 12.75, 5], "texture": "#8"},
				"south": {"uv": [2.5, 3, 5, 4], "texture": "#8"},
				"west": {"uv": [12.5, 5, 12.75, 6], "texture": "#8"},
				"up": {"uv": [7.5, 8.25, 5, 8], "texture": "#8"},
				"down": {"uv": [10, 8, 7.5, 8.25], "texture": "#8"}
			}
		},
		{
			"from": [6.2, 14.9, 1.9],
			"to": [10.3, 16.3, 2],
			"rotation": {"angle": 22.5, "axis": "x", "origin": [-3.9, 7.1, 16]},
			"faces": {
				"north": {"uv": [2.5, 5, 5, 6], "texture": "#8"},
				"east": {"uv": [12.5, 7.5, 12.75, 8.5], "texture": "#8"},
				"south": {"uv": [5, 3, 7.5, 4], "texture": "#8"},
				"west": {"uv": [8, 12.5, 8.25, 13.5], "texture": "#8"},
				"up": {"uv": [15, 0.25, 12.5, 0], "texture": "#8"},
				"down": {"uv": [15, 0.5, 12.5, 0.75], "texture": "#8"}
			}
		},
		{
			"from": [6.2, 14.3, 2],
			"to": [10.3, 16.3, 2.5],
			"rotation": {"angle": 22.5, "axis": "x", "origin": [-3.9, 7.1, 16]},
			"faces": {
				"north": {"uv": [0, 4, 2.5, 5], "texture": "#8"},
				"east": {"uv": [5.5, 12.5, 5.75, 13.5], "texture": "#8"},
				"south": {"uv": [2.5, 4, 5, 5], "texture": "#8"},
				"west": {"uv": [6, 12.5, 6.25, 13.5], "texture": "#8"},
				"up": {"uv": [2.5, 8.75, 0, 8.5], "texture": "#8"},
				"down": {"uv": [5, 8.5, 2.5, 8.75], "texture": "#8"}
			}
		},
		{
			"from": [6.2, 16.5, 8.6],
			"to": [10.3, 16.8, 8.8],
			"rotation": {"angle": 0, "axis": "y", "origin": [-3.9, 7.2, -0.8]},
			"faces": {
				"north": {"uv": [0, 12, 2.5, 12.25], "texture": "#8"},
				"east": {"uv": [7.5, 13, 7.75, 13.25], "texture": "#8"},
				"south": {"uv": [2.5, 12, 5, 12.25], "texture": "#8"},
				"west": {"uv": [13, 7.5, 13.25, 7.75], "texture": "#8"},
				"up": {"uv": [7.5, 12.25, 5, 12], "texture": "#8"},
				"down": {"uv": [10, 12, 7.5, 12.25], "texture": "#8"}
			}
		},
		{
			"from": [6.2, 16.5, 6.9],
			"to": [10.3, 16.8, 7.1],
			"rotation": {"angle": 0, "axis": "y", "origin": [-3.9, 7.2, -0.4]},
			"faces": {
				"north": {"uv": [10, 11, 12.5, 11.25], "texture": "#8"},
				"east": {"uv": [13, 6.5, 13.25, 6.75], "texture": "#8"},
				"south": {"uv": [0, 11.5, 2.5, 11.75], "texture": "#8"},
				"west": {"uv": [7, 13, 7.25, 13.25], "texture": "#8"},
				"up": {"uv": [5, 11.75, 2.5, 11.5], "texture": "#8"},
				"down": {"uv": [7.5, 11.5, 5, 11.75], "texture": "#8"}
			}
		},
		{
			"from": [6.2, 18, 6.9],
			"to": [10.3, 18.4, 8.8],
			"rotation": {"angle": 0, "axis": "y", "origin": [-3.9, 4.4, 0]},
			"faces": {
				"north": {"uv": [5, 9, 7.5, 9.25], "texture": "#8"},
				"east": {"uv": [7, 12.5, 8, 12.75], "texture": "#8"},
				"south": {"uv": [7.5, 9, 10, 9.25], "texture": "#8"},
				"west": {"uv": [12.5, 7, 13.5, 7.25], "texture": "#8"},
				"up": {"uv": [7.5, 2, 5, 1], "texture": "#8"},
				"down": {"uv": [7.5, 2, 5, 3], "texture": "#8"}
			}
		},
		{
			"from": [6.2, 17.7, 6.9],
			"to": [10.3, 18, 7.2],
			"rotation": {"angle": 0, "axis": "y", "origin": [-3.9, 7.5, -0.6]},
			"faces": {
				"north": {"uv": [2.5, 10, 5, 10.25], "texture": "#8"},
				"east": {"uv": [2, 13, 2.25, 13.25], "texture": "#8"},
				"south": {"uv": [10, 2.5, 12.5, 2.75], "texture": "#8"},
				"west": {"uv": [2.5, 13, 2.75, 13.25], "texture": "#8"},
				"up": {"uv": [12.5, 3.25, 10, 3], "texture": "#8"},
				"down": {"uv": [12.5, 3.5, 10, 3.75], "texture": "#8"}
			}
		},
		{
			"from": [6.2, 17.7, 8.5],
			"to": [10.3, 18, 8.8],
			"rotation": {"angle": 0, "axis": "y", "origin": [-3.9, 7.5, -0.6]},
			"faces": {
				"north": {"uv": [10, 6.5, 12.5, 6.75], "texture": "#8"},
				"east": {"uv": [4, 13, 4.25, 13.25], "texture": "#8"},
				"south": {"uv": [10, 7, 12.5, 7.25], "texture": "#8"},
				"west": {"uv": [13, 4, 13.25, 4.25], "texture": "#8"},
				"up": {"uv": [10, 10.25, 7.5, 10], "texture": "#8"},
				"down": {"uv": [12.5, 7.5, 10, 7.75], "texture": "#8"}
			}
		},
		{
			"from": [6.2, 17, 7.3],
			"to": [10.3, 17.2, 8.4],
			"rotation": {"angle": 0, "axis": "y", "origin": [-3.9, 7.5, -0.6]},
			"faces": {
				"north": {"uv": [10, 4, 12.5, 4.25], "texture": "#8"},
				"east": {"uv": [12.5, 11.5, 13, 11.75], "texture": "#8"},
				"south": {"uv": [10, 4.5, 12.5, 4.75], "texture": "#8"},
				"west": {"uv": [12, 12.5, 12.5, 12.75], "texture": "#8"},
				"up": {"uv": [10, 4.5, 7.5, 4], "texture": "#8"},
				"down": {"uv": [10, 4.5, 7.5, 5], "texture": "#8"}
			}
		},
		{
			"from": [6.2, 17.8, 7.3],
			"to": [10.3, 18, 8.4],
			"rotation": {"angle": 0, "axis": "y", "origin": [-3.9, 7.5, -0.6]},
			"faces": {
				"north": {"uv": [10, 4, 12.5, 4.25], "texture": "#8"},
				"east": {"uv": [12.5, 11.5, 13, 11.75], "texture": "#8"},
				"south": {"uv": [10, 4.5, 12.5, 4.75], "texture": "#8"},
				"west": {"uv": [12, 12.5, 12.5, 12.75], "texture": "#8"},
				"up": {"uv": [10, 4.5, 7.5, 4], "texture": "#8"},
				"down": {"uv": [10, 4.5, 7.5, 5], "texture": "#8"}
			}
		},
		{
			"from": [6.2, 16.8, 6.9],
			"to": [10.3, 17, 8.8],
			"rotation": {"angle": 0, "axis": "y", "origin": [-3.9, 7.2, -0.6]},
			"faces": {
				"north": {"uv": [7.5, 11.5, 10, 11.75], "texture": "#8"},
				"east": {"uv": [12.5, 3.5, 13.75, 3.75], "texture": "#8"},
				"south": {"uv": [10, 11.5, 12.5, 11.75], "texture": "#8"},
				"west": {"uv": [4, 12.5, 5.25, 12.75], "texture": "#8"},
				"up": {"uv": [5, 1.25, 2.5, 0], "texture": "#8"},
				"down": {"uv": [5, 1.5, 2.5, 2.75], "texture": "#8"}
			}
		},
		{
			"from": [6.2, 19.9, 3.9],
			"to": [10.3, 20.2, 4.2],
			"rotation": {"angle": 22.5, "axis": "x", "origin": [-3.9, 7.2, -0.6]},
			"faces": {
				"north": {"uv": [5, 10, 7.5, 10.25], "texture": "#8"},
				"east": {"uv": [3, 13, 3.25, 13.25], "texture": "#8"},
				"south": {"uv": [10, 5, 12.5, 5.25], "texture": "#8"},
				"west": {"uv": [3.5, 13, 3.75, 13.25], "texture": "#8"},
				"up": {"uv": [12.5, 5.75, 10, 5.5], "texture": "#8"},
				"down": {"uv": [12.5, 6, 10, 6.25], "texture": "#8"}
			}
		},
		{
			"from": [6.2, 13.4, 9.9],
			"to": [10.3, 13.8, 10.2],
			"rotation": {"angle": -22.5, "axis": "x", "origin": [-3.9, 7.2, -0.4]},
			"faces": {
				"north": {"uv": [10, 0.5, 12.5, 0.75], "texture": "#8"},
				"east": {"uv": [1, 13, 1.25, 13.25], "texture": "#8"},
				"south": {"uv": [10, 1, 12.5, 1.25], "texture": "#8"},
				"west": {"uv": [1.5, 13, 1.75, 13.25], "texture": "#8"},
				"up": {"uv": [12.5, 1.75, 10, 1.5], "texture": "#8"},
				"down": {"uv": [12.5, 2, 10, 2.25], "texture": "#8"}
			}
		},
		{
			"from": [6.2, 13.4, 10.2],
			"to": [10.3, 13.7, 10.5],
			"rotation": {"angle": -22.5, "axis": "x", "origin": [-3.9, 7.2, -0.6]},
			"faces": {
				"north": {"uv": [5, 11, 2.5, 11.25], "rotation": 180, "texture": "#8"},
				"east": {"uv": [13, 5.5, 13.25, 5.75], "rotation": 270, "texture": "#8"},
				"south": {"uv": [2.5, 11.25, 0, 11], "texture": "#8"},
				"west": {"uv": [13, 6, 13.25, 6.25], "rotation": 90, "texture": "#8"},
				"up": {"uv": [7.5, 10.5, 10, 10.75], "rotation": 180, "texture": "#8"},
				"down": {"uv": [10, 10.5, 12.5, 10.75], "texture": "#8"}
			}
		},
		{
			"from": [6.2, 13.8, 10],
			"to": [10.3, 14.2, 10.2],
			"rotation": {"angle": -22.5, "axis": "x", "origin": [-3.9, 7.2, -0.4]},
			"faces": {
				"north": {"uv": [5, 9.5, 7.5, 9.75], "texture": "#8"},
				"east": {"uv": [0, 13, 0.25, 13.25], "texture": "#8"},
				"south": {"uv": [7.5, 9.5, 10, 9.75], "texture": "#8"},
				"west": {"uv": [0.5, 13, 0.75, 13.25], "texture": "#8"},
				"up": {"uv": [2.5, 10.25, 0, 10], "texture": "#8"},
				"down": {"uv": [12.5, 0, 10, 0.25], "texture": "#8"}
			}
		},
		{
			"from": [6.2, 19.9, 4.2],
			"to": [10.3, 20.3, 4.5],
			"rotation": {"angle": 22.5, "axis": "x", "origin": [-3.9, 7.2, -0.8]},
			"faces": {
				"north": {"uv": [10, 10, 12.5, 10.25], "texture": "#8"},
				"east": {"uv": [5, 13, 5.25, 13.25], "texture": "#8"},
				"south": {"uv": [0, 10.5, 2.5, 10.75], "texture": "#8"},
				"west": {"uv": [13, 5, 13.25, 5.25], "texture": "#8"},
				"up": {"uv": [5, 10.75, 2.5, 10.5], "texture": "#8"},
				"down": {"uv": [7.5, 10.5, 5, 10.75], "texture": "#8"}
			}
		},
		{
			"from": [6.2, 20.3, 4.2],
			"to": [10.3, 20.6, 4.4],
			"rotation": {"angle": 22.5, "axis": "x", "origin": [-3.9, 7.2, -0.8]},
			"faces": {
				"north": {"uv": [10, 8, 12.5, 8.25], "texture": "#8"},
				"east": {"uv": [4.5, 13, 4.75, 13.25], "texture": "#8"},
				"south": {"uv": [10, 8.5, 12.5, 8.75], "texture": "#8"},
				"west": {"uv": [13, 4.5, 13.25, 4.75], "texture": "#8"},
				"up": {"uv": [12.5, 9.25, 10, 9], "texture": "#8"},
				"down": {"uv": [12.5, 9.5, 10, 9.75], "texture": "#8"}
			}
		},
		{
			"from": [6.2, 29.9, 6.7],
			"to": [10.3, 31.6, 7.1],
			"rotation": {"angle": 45, "axis": "x", "origin": [-3.9, 21.9, -6.4]},
			"faces": {
				"north": {"uv": [0, 6, 2.5, 6.75], "texture": "#8"},
				"east": {"uv": [12.5, 9, 12.75, 9.75], "texture": "#8"},
				"south": {"uv": [2.5, 6, 5, 6.75], "texture": "#8"},
				"west": {"uv": [9.5, 12.5, 9.75, 13.25], "texture": "#8"},
				"up": {"uv": [2.5, 9.75, 0, 9.5], "texture": "#8"},
				"down": {"uv": [5, 9.5, 2.5, 9.75], "texture": "#8"}
			}
		},
		{
			"from": [6.2, 14.5, 13.4],
			"to": [10.3, 16.5, 13.9],
			"rotation": {"angle": -22.5, "axis": "x", "origin": [-3.9, 7, 0.3]},
			"faces": {
				"north": {"uv": [0, 5, 2.5, 6], "texture": "#8"},
				"east": {"uv": [12.5, 6, 12.75, 7], "texture": "#8"},
				"south": {"uv": [5, 0, 7.5, 1], "texture": "#8"},
				"west": {"uv": [6.5, 12.5, 6.75, 13.5], "texture": "#8"},
				"up": {"uv": [7.5, 8.75, 5, 8.5], "texture": "#8"},
				"down": {"uv": [10, 8.5, 7.5, 8.75], "texture": "#8"}
			}
		},
		{
			"from": [6.2, 20.5, 6.6],
			"to": [10.3, 21, 9.2],
			"rotation": {"angle": 0, "axis": "y", "origin": [-3.9, 7, 0]},
			"faces": {
				"north": {"uv": [0, 8, 2.5, 8.25], "texture": "#8"},
				"east": {"uv": [2.5, 12.5, 3.75, 12.75], "texture": "#8"},
				"south": {"uv": [2.5, 8, 5, 8.25], "texture": "#8"},
				"west": {"uv": [12.5, 3, 13.75, 3.25], "texture": "#8"},
				"up": {"uv": [2.5, 1.25, 0, 0], "texture": "#8"},
				"down": {"uv": [2.5, 1.5, 0, 2.75], "texture": "#8"}
			}
		},
		{
			"from": [6.2, 17.1, 14],
			"to": [10.3, 17.5, 15.2],
			"rotation": {"angle": -22.5, "axis": "x", "origin": [-3.9, 7, 0.3]},
			"faces": {
				"north": {"uv": [7.5, 7, 10, 7.25], "texture": "#8"},
				"east": {"uv": [12.5, 11, 13, 11.25], "texture": "#8"},
				"south": {"uv": [7.5, 7.5, 10, 7.75], "texture": "#8"},
				"west": {"uv": [11.5, 12.5, 12, 12.75], "texture": "#8"},
				"up": {"uv": [10, 3.5, 7.5, 3], "texture": "#8"},
				"down": {"uv": [10, 3.5, 7.5, 4], "texture": "#8"}
			}
		},
		{
			"from": [6.1, 19.8, 7.1],
			"to": [10.4, 20, 8.8],
			"rotation": {"angle": 0, "axis": "y", "origin": [-3.9, 7.5, -0.6]},
			"faces": {
				"north": {"uv": [10, 12, 12.5, 12.25], "texture": "#8"},
				"east": {"uv": [10, 12.5, 10.75, 12.75], "texture": "#8"},
				"south": {"uv": [0, 12.5, 2.5, 12.75], "texture": "#8"},
				"west": {"uv": [12.5, 10, 13.25, 10.25], "texture": "#8"},
				"up": {"uv": [10, 0.75, 7.5, 0], "texture": "#8"},
				"down": {"uv": [10, 1, 7.5, 1.75], "texture": "#8"}
			}
		},
		{
			"from": [6.2, 15.1, 14],
			"to": [10.3, 17.1, 14.5],
			"rotation": {"angle": -22.5, "axis": "x", "origin": [-3.9, 7, 0.3]},
			"faces": {
				"north": {"uv": [0, 3, 2.5, 4], "texture": "#8"},
				"east": {"uv": [12.5, 4, 12.75, 5], "texture": "#8"},
				"south": {"uv": [2.5, 3, 5, 4], "texture": "#8"},
				"west": {"uv": [12.5, 5, 12.75, 6], "texture": "#8"},
				"up": {"uv": [7.5, 8.25, 5, 8], "texture": "#8"},
				"down": {"uv": [10, 8, 7.5, 8.25], "texture": "#8"}
			}
		},
		{
			"from": [6.2, 20.9, 17.8],
			"to": [10.3, 21.3, 19.4],
			"rotation": {"angle": 45, "axis": "x", "origin": [-3.9, 34.5, 9.7]},
			"faces": {
				"north": {"uv": [0, 9, 2.5, 9.25], "texture": "#8"},
				"east": {"uv": [8.5, 12.5, 9.25, 12.75], "texture": "#8"},
				"south": {"uv": [2.5, 9, 5, 9.25], "texture": "#8"},
				"west": {"uv": [12.5, 8.5, 13.25, 8.75], "texture": "#8"},
				"up": {"uv": [7.5, 4.75, 5, 4], "texture": "#8"},
				"down": {"uv": [7.5, 5, 5, 5.75], "texture": "#8"}
			}
		},
		{
			"from": [6.1, 20, 7.3],
			"to": [10.4, 21.5, 8.6],
			"rotation": {"angle": 0, "axis": "y", "origin": [-3.9, 7.5, -0.6]},
			"faces": {
				"north": {"uv": [5, 6, 7.5, 6.75], "texture": "#8"},
				"east": {"uv": [12.5, 1, 13.25, 1.75], "texture": "#8"},
				"south": {"uv": [0, 7, 2.5, 7.75], "texture": "#8"},
				"west": {"uv": [12.5, 2, 13.25, 2.75], "texture": "#8"},
				"up": {"uv": [5, 7.75, 2.5, 7], "texture": "#8"},
				"down": {"uv": [7.5, 7, 5, 7.75], "texture": "#8"}
			}
		},
		{
			"from": [6.2, 16.9, 0.8],
			"to": [10.3, 17.3, 1.9],
			"rotation": {"angle": 22.5, "axis": "x", "origin": [-3.9, 7.1, 16]},
			"faces": {
				"north": {"uv": [7.5, 6, 10, 6.25], "texture": "#8"},
				"east": {"uv": [12.5, 10.5, 13, 10.75], "texture": "#8"},
				"south": {"uv": [7.5, 6.5, 10, 6.75], "texture": "#8"},
				"west": {"uv": [11, 12.5, 11.5, 12.75], "texture": "#8"},
				"up": {"uv": [10, 2.5, 7.5, 2], "texture": "#8"},
				"down": {"uv": [10, 2.5, 7.5, 3], "texture": "#8"}
			}
		},
		{
			"from": [7.7, 25.28842, 4.78098],
			"to": [8.7, 26.78842, 5.78098],
			"rotation": {"angle": 22.5, "axis": "x", "origin": [8.2, 23.83417, 5.506]},
			"faces": {
				"north": {"uv": [0.8125, 0.5625, 0.9375, 0.375], "texture": "#4"},
				"east": {"uv": [0.9375, 0.5625, 1.0625, 0.375], "rotation": 180, "texture": "#4"},
				"south": {"uv": [0.8125, 0.5625, 0.9375, 0.375], "texture": "#4"},
				"west": {"uv": [1.0625, 0.5625, 0.9375, 0.375], "rotation": 180, "texture": "#4"},
				"up": {"uv": [0.8125, 0.6875, 0.9375, 0.5625], "rotation": 90, "texture": "#4"},
				"down": {"uv": [0.8125, 0.6875, 0.9375, 0.5625], "rotation": 90, "texture": "#4"}
			}
		},
		{
			"from": [7.75, 25.73897, 6.97192],
			"to": [8.65, 26.93897, 7.67192],
			"rotation": {"angle": -22.5, "axis": "x", "origin": [8.2, 23.83417, 5.506]},
			"faces": {
				"north": {"uv": [1.175, 0.375, 1.0625, 0.525], "texture": "#4"},
				"east": {"uv": [0.775, 0.6875, 0.8625, 0.8375], "texture": "#4"},
				"south": {"uv": [1.0625, 0.525, 1.175, 0.375], "rotation": 180, "texture": "#4"},
				"west": {"uv": [0.8625, 0.8375, 0.775, 0.6875], "rotation": 180, "texture": "#4"},
				"up": {"uv": [1.05, 0.5625, 0.9625, 0.675], "rotation": 270, "texture": "#4"},
				"down": {"uv": [1.05, 0.5625, 0.9625, 0.675], "rotation": 90, "texture": "#4"}
			}
		},
		{
			"from": [7.45, 24.59018, 3.78121],
			"to": [8.95, 26.09018, 6.78121],
			"rotation": {"angle": -22.5, "axis": "x", "origin": [8.2, 23.83417, 5.506]},
			"faces": {
				"north": {"uv": [0.1875, 1.5, 0, 1.3125], "texture": "#4"},
				"east": {"uv": [0.8125, 0.1875, 1.1875, 0], "rotation": 180, "texture": "#4"},
				"south": {"uv": [0.1875, 1.5, 0, 1.3125], "rotation": 180, "texture": "#4"},
				"west": {"uv": [0.8125, 0.1875, 1.1875, 0], "texture": "#4"},
				"up": {"uv": [1.1875, 0.375, 0.8125, 0.1875], "rotation": 270, "texture": "#4"},
				"down": {"uv": [1.1875, 0.375, 0.8125, 0.1875], "rotation": 90, "texture": "#4"}
			}
		},
		{
			"from": [7.2, 21.24846, 2.69138],
			"to": [9.2, 24.24846, 4.69138],
			"rotation": {"angle": 22.5, "axis": "x", "origin": [8.2, 23.83417, 5.506]},
			"faces": {
				"north": {"uv": [0.375, 1.1875, 0.75, 0.9375], "rotation": 270, "texture": "#4"},
				"east": {"uv": [0.375, 0.9375, 0.75, 0.6875], "rotation": 270, "texture": "#4"},
				"south": {"uv": [0.375, 1.1875, 0.75, 0.9375], "rotation": 270, "texture": "#4"},
				"west": {"uv": [0.375, 0.6875, 0.75, 0.9375], "rotation": 270, "texture": "#4"},
				"up": {"uv": [0.375, 1.4375, 0.625, 1.1875], "texture": "#4"},
				"down": {"uv": [0.375, 1.4375, 0.625, 1.1875], "texture": "#4"}
			}
		},
		{
			"from": [7.05, 21.07297, 1.67496],
			"to": [9.35, 24.07297, 4.17496],
			"rotation": {"angle": -22.5, "axis": "x", "origin": [8.2, 23.83417, 5.506]},
			"faces": {
				"north": {"uv": [0, 1.2875, 0.375, 1], "rotation": 90, "texture": "#4"},
				"east": {"uv": [0, 1, 0.375, 0.6875], "rotation": 90, "texture": "#4"},
				"south": {"uv": [0.375, 1.2875, 0, 1], "rotation": 270, "texture": "#4"},
				"west": {"uv": [0.375, 1, 0, 0.6875], "rotation": 270, "texture": "#4"},
				"up": {"uv": [0.525, 0.6875, 0.8125, 0.375], "texture": "#4"},
				"down": {"uv": [0.525, 0.6875, 0.8125, 0.375], "rotation": 180, "texture": "#4"}
			}
		},
		{
			"from": [6.95, 18.90249, 4.65256],
			"to": [9.45, 21.90249, 8.65256],
			"rotation": {"angle": 22.5, "axis": "x", "origin": [8.2, 23.83417, 5.506]},
			"faces": {
				"north": {"uv": [0.8125, 0.375, 0.5, 0], "texture": "#4"},
				"east": {"uv": [0.5, 0.375, 0, 0], "texture": "#4"},
				"south": {"uv": [0.8125, 0.375, 0.5, 0], "texture": "#4"},
				"west": {"uv": [0, 0.375, 0.5, 0], "texture": "#4"},
				"up": {"uv": [0, 0.6875, 0.5, 0.375], "rotation": 90, "texture": "#4"},
				"down": {"uv": [0.5, 0.6875, 0, 0.375], "rotation": 90, "texture": "#4"}
			}
		},
		{
			"from": [7.65, 19.58028, 9.81785],
			"to": [8.35, 20.08028, 10.81785],
			"rotation": {"angle": -22.5, "axis": "x", "origin": [8, 19.83028, 10.31785]},
			"color": 8,
			"faces": {
				"north": {"uv": [0.55, 0.28125, 0.59375, 0.3125], "texture": "#missing"},
				"east": {"uv": [0.5, 0.34375, 0.4375, 0.375], "texture": "#missing"},
				"south": {"uv": [0.55, 0.28125, 0.59375, 0.3125], "rotation": 180, "texture": "#missing"},
				"west": {"uv": [0.4375, 0.34375, 0.5, 0.375], "rotation": 180, "texture": "#missing"},
				"up": {"uv": [0.4375, 0.375, 0.5, 0.41875], "rotation": 270, "texture": "#missing"},
				"down": {"uv": [0.4375, 0.375, 0.5, 0.41875], "rotation": 90, "texture": "#missing"}
			}
		},
		{
			"from": [7.75, 25.73897, 8.32808],
			"to": [8.65, 26.93897, 9.02808],
			"rotation": {"angle": 22.5, "axis": "x", "origin": [8.2, 23.83417, 10.494]},
			"faces": {
				"north": {"uv": [1.175, 0.525, 1.0625, 0.375], "rotation": 180, "texture": "#4"},
				"east": {"uv": [0.8625, 0.6875, 0.775, 0.8375], "texture": "#4"},
				"south": {"uv": [1.0625, 0.375, 1.175, 0.525], "texture": "#4"},
				"west": {"uv": [0.775, 0.8375, 0.8625, 0.6875], "rotation": 180, "texture": "#4"},
				"up": {"uv": [0.9625, 0.5625, 1.05, 0.675], "rotation": 270, "texture": "#4"},
				"down": {"uv": [0.9625, 0.5625, 1.05, 0.675], "rotation": 90, "texture": "#4"}
			}
		},
		{
			"from": [7.7, 25.28842, 10.21902],
			"to": [8.7, 26.78842, 11.21902],
			"rotation": {"angle": -22.5, "axis": "x", "origin": [8.2, 23.83417, 10.494]},
			"faces": {
				"north": {"uv": [0.9375, 0.5625, 0.8125, 0.375], "texture": "#4"},
				"east": {"uv": [1.0625, 0.5625, 0.9375, 0.375], "rotation": 180, "texture": "#4"},
				"south": {"uv": [0.9375, 0.5625, 0.8125, 0.375], "texture": "#4"},
				"west": {"uv": [0.9375, 0.5625, 1.0625, 0.375], "rotation": 180, "texture": "#4"},
				"up": {"uv": [0.9375, 0.6875, 0.8125, 0.5625], "rotation": 90, "texture": "#4"},
				"down": {"uv": [0.9375, 0.6875, 0.8125, 0.5625], "rotation": 90, "texture": "#4"}
			}
		},
		{
			"from": [7.45, 24.59018, 9.21879],
			"to": [8.95, 26.09018, 12.21879],
			"rotation": {"angle": 22.5, "axis": "x", "origin": [8.2, 23.83417, 10.494]},
			"faces": {
				"north": {"uv": [0, 1.5, 0.1875, 1.3125], "rotation": 180, "texture": "#4"},
				"east": {"uv": [1.1875, 0.1875, 0.8125, 0], "rotation": 180, "texture": "#4"},
				"south": {"uv": [0, 1.5, 0.1875, 1.3125], "texture": "#4"},
				"west": {"uv": [1.1875, 0.1875, 0.8125, 0], "texture": "#4"},
				"up": {"uv": [0.8125, 0.375, 1.1875, 0.1875], "rotation": 270, "texture": "#4"},
				"down": {"uv": [0.8125, 0.375, 1.1875, 0.1875], "rotation": 90, "texture": "#4"}
			}
		},
		{
			"from": [7.2, 21.24846, 11.30862],
			"to": [9.2, 24.24846, 13.30862],
			"rotation": {"angle": -22.5, "axis": "x", "origin": [8.2, 23.83417, 10.494]},
			"faces": {
				"north": {"uv": [0.375, 0.9375, 0.75, 1.1875], "rotation": 270, "texture": "#4"},
				"east": {"uv": [0.375, 0.6875, 0.75, 0.9375], "rotation": 270, "texture": "#4"},
				"south": {"uv": [0.375, 0.9375, 0.75, 1.1875], "rotation": 270, "texture": "#4"},
				"west": {"uv": [0.375, 0.9375, 0.75, 0.6875], "rotation": 270, "texture": "#4"},
				"up": {"uv": [0.375, 1.1875, 0.625, 1.4375], "texture": "#4"},
				"down": {"uv": [0.375, 1.1875, 0.625, 1.4375], "texture": "#4"}
			}
		},
		{
			"from": [7.05, 21.07297, 11.82504],
			"to": [9.35, 24.07297, 14.32504],
			"rotation": {"angle": 22.5, "axis": "x", "origin": [8.2, 23.83417, 10.494]},
			"faces": {
				"north": {"uv": [0.375, 1, 0, 1.2875], "rotation": 270, "texture": "#4"},
				"east": {"uv": [0, 0.6875, 0.375, 1], "rotation": 90, "texture": "#4"},
				"south": {"uv": [0, 1, 0.375, 1.2875], "rotation": 90, "texture": "#4"},
				"west": {"uv": [0.375, 0.6875, 0, 1], "rotation": 270, "texture": "#4"},
				"up": {"uv": [0.525, 0.375, 0.8125, 0.6875], "texture": "#4"},
				"down": {"uv": [0.525, 0.375, 0.8125, 0.6875], "rotation": 180, "texture": "#4"}
			}
		},
		{
			"from": [6.95, 18.90249, 7.34744],
			"to": [9.45, 21.90249, 11.34744],
			"rotation": {"angle": -22.5, "axis": "x", "origin": [8.2, 23.83417, 10.494]},
			"faces": {
				"north": {"uv": [0.5, 0.375, 0.8125, 0], "texture": "#4"},
				"east": {"uv": [0, 0.375, 0.5, 0], "texture": "#4"},
				"south": {"uv": [0.5, 0.375, 0.8125, 0], "texture": "#4"},
				"west": {"uv": [0.5, 0.375, 0, 0], "texture": "#4"},
				"up": {"uv": [0.5, 0.6875, 0, 0.375], "rotation": 90, "texture": "#4"},
				"down": {"uv": [0, 0.6875, 0.5, 0.375], "rotation": 90, "texture": "#4"}
			}
		},
		{
			"from": [7.45, 17.9, 10.61029],
			"to": [8.95, 18.9, 12.61029],
			"rotation": {"angle": 45, "axis": "x", "origin": [8.2, 16.99865, 13.74379]},
			"faces": {
				"north": {"uv": [0.25, 1.625, 0.4375, 1.75], "texture": "#4"},
				"east": {"uv": [0, 1.625, 0.25, 1.75], "texture": "#4"},
				"south": {"uv": [0.25, 1.625, 0.4375, 1.75], "texture": "#4"},
				"west": {"uv": [0, 1.625, 0.25, 1.75], "texture": "#4"},
				"up": {"uv": [0, 1.75, 0.1875, 2], "texture": "#4"},
				"down": {"uv": [0, 1.75, 0.1875, 2], "texture": "#4"}
			}
		},
		{
			"from": [7.7, 17.43214, 12.93155],
			"to": [8.7, 19.43214, 14.43155],
			"rotation": {"angle": 0, "axis": "y", "origin": [8.2, 19.13214, 14.98155]},
			"faces": {
				"north": {"uv": [0, 1.625, 0.25, 1.75], "rotation": 270, "texture": "#4"},
				"east": {"uv": [0, 1.75, 0.1875, 2], "texture": "#4"},
				"south": {"uv": [0, 1.625, 0.25, 1.75], "rotation": 90, "texture": "#4"},
				"west": {"uv": [0, 1.75, 0.1875, 2], "rotation": 180, "texture": "#4"},
				"up": {"uv": [0.25, 1.625, 0.4375, 1.75], "rotation": 90, "texture": "#4"},
				"down": {"uv": [0.25, 1.625, 0.4375, 1.75], "rotation": 90, "texture": "#4"}
			}
		},
		{
			"from": [7.45, 16.1, 13.18155],
			"to": [8.95, 18.1, 14.18155],
			"rotation": {"angle": 0, "axis": "y", "origin": [8.2, 16.43214, 13.68155]},
			"faces": {
				"north": {"uv": [0, 1.75, 0.1875, 2], "texture": "#4"},
				"east": {"uv": [0.375, 1.75, 0.625, 1.875], "rotation": 270, "texture": "#4"},
				"south": {"uv": [0, 1.75, 0.1875, 2], "rotation": 180, "texture": "#4"},
				"west": {"uv": [0.375, 1.75, 0.625, 1.875], "rotation": 270, "texture": "#4"},
				"up": {"uv": [0.25, 1.625, 0.4375, 1.75], "texture": "#4"},
				"down": {"uv": [0.25, 1.625, 0.4375, 1.75], "rotation": 180, "texture": "#4"}
			}
		},
		{
			"from": [7.7, 14.73214, 12.93155],
			"to": [8.7, 16.73214, 14.43155],
			"rotation": {"angle": 0, "axis": "y", "origin": [8.2, 19.13214, 14.98155]},
			"faces": {
				"north": {"uv": [0.375, 1.75, 0.625, 1.875], "rotation": 90, "texture": "#4"},
				"east": {"uv": [0, 1.75, 0.1875, 2], "texture": "#4"},
				"south": {"uv": [0.375, 1.75, 0.625, 1.875], "rotation": 90, "texture": "#4"},
				"west": {"uv": [0, 1.75, 0.1875, 2], "rotation": 180, "texture": "#4"},
				"up": {"uv": [0.25, 1.625, 0.4375, 1.75], "rotation": 90, "texture": "#4"},
				"down": {"uv": [0.25, 1.625, 0.4375, 1.75], "rotation": 90, "texture": "#4"}
			}
		},
		{
			"from": [7.45, 13.4, 13.18155],
			"to": [8.95, 15.4, 14.18155],
			"rotation": {"angle": 0, "axis": "y", "origin": [8.2, 16.43214, 13.68155]},
			"faces": {
				"north": {"uv": [0.1875, 1.75, 0.375, 2], "rotation": 180, "texture": "#4"},
				"east": {"uv": [0.4375, 1.625, 0.6875, 1.75], "rotation": 270, "texture": "#4"},
				"south": {"uv": [0.1875, 1.75, 0.375, 2], "rotation": 180, "texture": "#4"},
				"west": {"uv": [0.4375, 1.625, 0.6875, 1.75], "rotation": 270, "texture": "#4"},
				"up": {"uv": [0.25, 1.625, 0.4375, 1.75], "rotation": 180, "texture": "#4"},
				"down": {"uv": [0.6875, 1.625, 0.875, 1.75], "rotation": 180, "texture": "#4"}
			}
		},
		{
			"from": [8.2, 11.3, 12],
			"to": [8.2, 14.3, 15],
			"rotation": {"angle": 0, "axis": "y", "origin": [0.2, 12.4, 16.4]},
			"faces": {
				"north": {"uv": [0, 0, 0, 0.375], "texture": "#4"},
				"east": {"uv": [14.125, 2.5625, 13.75, 2.9375], "texture": "#4"},
				"south": {"uv": [0, 0, 0, 0.375], "texture": "#4"},
				"west": {"uv": [14.125, 2.5625, 13.75, 2.9375], "texture": "#4"},
				"up": {"uv": [0, 0.375, 0, 0], "texture": "#4"},
				"down": {"uv": [0, 0.375, 0, 0], "texture": "#4"}
			}
		},
		{
			"from": [7.45, 17.9, 3.38971],
			"to": [8.95, 18.9, 5.38971],
			"rotation": {"angle": -45, "axis": "x", "origin": [8.2, 16.99865, 2.25621]},
			"faces": {
				"north": {"uv": [0.4375, 1.625, 0.25, 1.75], "texture": "#4"},
				"east": {"uv": [0.25, 1.625, 0, 1.75], "texture": "#4"},
				"south": {"uv": [0.4375, 1.625, 0.25, 1.75], "texture": "#4"},
				"west": {"uv": [0.25, 1.625, 0, 1.75], "texture": "#4"},
				"up": {"uv": [0, 2, 0.1875, 1.75], "texture": "#4"},
				"down": {"uv": [0, 2, 0.1875, 1.75], "texture": "#4"}
			}
		},
		{
			"from": [7.7, 17.23214, 1.56845],
			"to": [8.7, 19.23214, 3.06845],
			"rotation": {"angle": 0, "axis": "y", "origin": [8.2, 19.13214, 1.01845]},
			"faces": {
				"north": {"uv": [0.375, 1.875, 0.625, 1.75], "rotation": 90, "texture": "#4"},
				"east": {"uv": [0.1875, 1.75, 0, 2], "texture": "#4"},
				"south": {"uv": [0.375, 1.875, 0.625, 1.75], "rotation": 90, "texture": "#4"},
				"west": {"uv": [0.1875, 1.75, 0, 2], "rotation": 180, "texture": "#4"},
				"up": {"uv": [0.4375, 1.625, 0.25, 1.75], "rotation": 90, "texture": "#4"},
				"down": {"uv": [0.4375, 1.625, 0.25, 1.75], "rotation": 90, "texture": "#4"}
			}
		},
		{
			"from": [7.45, 15.9, 1.81845],
			"to": [8.95, 17.9, 2.81845],
			"rotation": {"angle": 0, "axis": "y", "origin": [8.2, 16.43214, 2.31845]},
			"faces": {
				"north": {"uv": [0.375, 1.75, 0.1875, 2], "rotation": 180, "texture": "#4"},
				"east": {"uv": [0.4375, 1.75, 0.6875, 1.625], "rotation": 270, "texture": "#4"},
				"south": {"uv": [0.375, 1.75, 0.1875, 2], "rotation": 180, "texture": "#4"},
				"west": {"uv": [0.4375, 1.75, 0.6875, 1.625], "rotation": 270, "texture": "#4"},
				"up": {"uv": [0.25, 1.75, 0.4375, 1.625], "rotation": 180, "texture": "#4"},
				"down": {"uv": [0.6875, 1.75, 0.875, 1.625], "rotation": 180, "texture": "#4"}
			}
		},
		{
			"from": [8.2, 13.8, 1],
			"to": [8.2, 16.8, 4],
			"rotation": {"angle": 0, "axis": "y", "origin": [0.2, 12.4, -0.4]},
			"faces": {
				"north": {"uv": [0, 0, 0, 0.375], "texture": "#4"},
				"east": {"uv": [13.75, 2.5625, 14.125, 2.9375], "texture": "#4"},
				"south": {"uv": [0, 0, 0, 0.375], "texture": "#4"},
				"west": {"uv": [13.75, 2.5625, 14.125, 2.9375], "texture": "#4"},
				"up": {"uv": [0, 0, 0, 0.375], "texture": "#4"},
				"down": {"uv": [0, 0, 0, 0.375], "texture": "#4"}
			}
		},
		{
			"from": [8, 25.6, 5.5],
			"to": [8, 30.6, 9.5],
			"rotation": {"angle": 0, "axis": "y", "origin": [0.2, 7.4, 16]},
			"faces": {
				"north": {"uv": [0, 0, 0, 8], "texture": "#0"},
				"east": {"uv": [0, 0, 8, 10], "texture": "#0"},
				"south": {"uv": [0, 0, 0, 8], "texture": "#0"},
				"west": {"uv": [8, 0, 0, 10], "texture": "#0"},
				"up": {"uv": [0, 0, 0, 8], "texture": "#0"},
				"down": {"uv": [0, 8, 0, 0], "texture": "#0"}
			}
		}
	],
	"gui_light": "front",
	"display": {
		"thirdperson_righthand": {
			"rotation": [6, 0, 0],
			"translation": [0, 16.25, 4.25],
			"scale": [0.87773, 1.2332, 1.28008]
		},
		"thirdperson_lefthand": {
			"rotation": [-24.73, -35.53, -93.54],
			"translation": [-2, -6, 13.25],
			"scale": [0.97148, 1.07696, 1.18242]
		},
		"firstperson_righthand": {
			"rotation": [5, 0, 0],
			"translation": [4, 3, -0.5],
			"scale": [0.77, 0.77695, 0.84727]
		},
		"firstperson_lefthand": {
			"rotation": [-178, 1, 0],
			"translation": [1.5, -6.5, 0],
			"scale": [0.69336, 0.69922, 0.62891]
		},
		"ground": {
			"rotation": [-45, 0, 0],
			"translation": [0, 10.25, 0],
			"scale": [0.75, 0.75, 0.75]
		},
		"gui": {
			"rotation": [90, 45, -90],
			"translation": [-1.25, -2.5, -1.5],
			"scale": [0.38281, 0.36914, 0.37304]
		},
		"head": {
			"rotation": [-106.67, -1.79, -22.46],
			"translation": [20.25, -8.25, 0],
			"scale": [1.74023, 1.875, 2.2168]
		},
		"fixed": {
			"rotation": [-180, -37, 91],
			"translation": [1.5, -1, -44],
			"scale": [2.38, 2.38, 2.38]
		}
	},
	"groups": [
		{
			"name": "avarice",
			"origin": [8, 8, 8],
			"color": 0,
			"children": [
				{
					"name": "group",
					"origin": [8.5, -4.81499, 8],
					"color": 0,
					"children": [
						{
							"name": "group",
							"origin": [8.5, -4.81499, 8],
							"color": 0,
							"children": []
						}
					]
				},
				0,
				1,
				2,
				3,
				4,
				5,
				6,
				7,
				8,
				9,
				10,
				11,
				12,
				13,
				14,
				15,
				16,
				17,
				18,
				19,
				20,
				21,
				22,
				23,
				24,
				25,
				26,
				27,
				28,
				29,
				30,
				31,
				32,
				33,
				{
					"name": "group",
					"origin": [16, 12, 0],
					"color": 0,
					"children": [34, 35, 36, 37, 38, 39, 40, 41, 42, 43, 44, 45, 46, 47, 48, 49, 50, 51, 52, 53, 54, 55, 56, 57, 58, 59, 60, 61, 62, 63, 64, 65, 66, 67, 68, 69, 70, 71, 72, 73, 74, 75]
				},
				76,
				77,
				78,
				79,
				80,
				81,
				82,
				83,
				84,
				85,
				86,
				87,
				88,
				89,
				90,
				91,
				92,
				93,
				94,
				95,
				96,
				97,
				98,
				99
			]
		}
	]
}