{
	"credit": "Made with Blockbench",
	"texture_size": [64, 64],
	"textures": {
		"0": "./googleglasses",
		"particle": "./googleglasses"
	},
	"elements": [
		{
			"from": [0, 0, 8],
			"to": [16, 6, 8],
			"faces": {
				"north": {"uv": [0, 0, 4, 1.5], "texture": "#0"},
				"east": {"uv": [0, 0, 4, 1.5], "texture": "#0"},
				"south": {"uv": [0, 0, 4, 1.5], "texture": "#0"},
				"west": {"uv": [0, 0, 4, 1.5], "texture": "#0"},
				"up": {"uv": [0, 0, 4, 1.5], "texture": "#0"},
				"down": {"uv": [0, 0, 4, 1.5], "texture": "#0"}
			}
		},
		{
			"from": [16, 0, 8],
			"to": [16, 4, 16],
			"faces": {
				"north": {"uv": [4.5, 4, 6.5, 5], "texture": "#0"},
				"east": {"uv": [4.5, 4, 6.5, 5], "texture": "#0"},
				"south": {"uv": [4.5, 4, 6.5, 5], "texture": "#0"},
				"west": {"uv": [4.5, 4, 6.5, 5], "texture": "#0"},
				"up": {"uv": [4.5, 4, 6.5, 5], "texture": "#0"},
				"down": {"uv": [4.5, 4, 6.5, 5], "texture": "#0"}
			}
		},
		{
			"from": [0, 0, 8],
			"to": [0, 4, 16],
			"faces": {
				"north": {"uv": [4, 5, 6, 6], "texture": "#0"},
				"east": {"uv": [4, 5, 6, 6], "texture": "#0"},
				"south": {"uv": [4, 5, 6, 6], "texture": "#0"},
				"west": {"uv": [4, 5, 6, 6], "texture": "#0"},
				"up": {"uv": [4, 5, 6, 6], "texture": "#0"},
				"down": {"uv": [4, 5, 6, 6], "texture": "#0"}
			}
		},
		{
			"from": [-2, 10, -1],
			"to": [0, 18, 1],
			"rotation": {"angle": 22.5, "axis": "x", "origin": [0, -3, -1]},
			"faces": {
				"north": {"uv": [6, 5, 6.5, 7], "texture": "#0"},
				"east": {"uv": [6.5, 4, 7, 6], "texture": "#0"},
				"south": {"uv": [6.5, 6, 7, 8], "texture": "#0"},
				"west": {"uv": [7, 0, 7.5, 2], "texture": "#0"},
				"up": {"uv": [9, 7, 8.5, 6.5], "texture": "#0"},
				"down": {"uv": [9, 7, 8.5, 7.5], "texture": "#0"}
			}
		},
		{
			"from": [4, 10, -1],
			"to": [6, 18, 1],
			"rotation": {"angle": 22.5, "axis": "x", "origin": [0, -3, -1]},
			"faces": {
				"north": {"uv": [7, 4, 7.5, 6], "texture": "#0"},
				"east": {"uv": [6, 7, 6.5, 9], "texture": "#0"},
				"south": {"uv": [7, 6, 7.5, 8], "texture": "#0"},
				"west": {"uv": [0, 7.5, 0.5, 9.5], "texture": "#0"},
				"up": {"uv": [9, 9, 8.5, 8.5], "texture": "#0"},
				"down": {"uv": [3, 9, 2.5, 9.5], "texture": "#0"}
			}
		},
		{
			"from": [10, 10, -1],
			"to": [12, 18, 1],
			"rotation": {"angle": 22.5, "axis": "x", "origin": [0, -3, -1]},
			"faces": {
				"north": {"uv": [0.5, 7.5, 1, 9.5], "texture": "#0"},
				"east": {"uv": [1, 7.5, 1.5, 9.5], "texture": "#0"},
				"south": {"uv": [1.5, 7.5, 2, 9.5], "texture": "#0"},
				"west": {"uv": [2, 7.5, 2.5, 9.5], "texture": "#0"},
				"up": {"uv": [9.5, 7, 9, 6.5], "texture": "#0"},
				"down": {"uv": [7.5, 9, 7, 9.5], "texture": "#0"}
			}
		},
		{
			"from": [16, 10, -1],
			"to": [18, 18, 1],
			"rotation": {"angle": 22.5, "axis": "x", "origin": [0, -3, -1]},
			"faces": {
				"north": {"uv": [7.5, 3, 8, 5], "texture": "#0"},
				"east": {"uv": [3.5, 7.5, 4, 9.5], "texture": "#0"},
				"south": {"uv": [4, 7.5, 4.5, 9.5], "texture": "#0"},
				"west": {"uv": [4.5, 7.5, 5, 9.5], "texture": "#0"},
				"up": {"uv": [5.5, 9.75, 5, 9.25], "texture": "#0"},
				"down": {"uv": [6, 9.25, 5.5, 9.75], "texture": "#0"}
			}
		},
		{
			"from": [6, 11, -1],
			"to": [10, 17, 1],
			"rotation": {"angle": 22.5, "axis": "x", "origin": [0, -3, -1]},
			"faces": {
				"north": {"uv": [0, 6, 1, 7.5], "texture": "#0"},
				"east": {"uv": [8, 2, 8.5, 3.5], "texture": "#0"},
				"south": {"uv": [1, 6, 2, 7.5], "texture": "#0"},
				"west": {"uv": [8, 3.5, 8.5, 5], "texture": "#0"},
				"up": {"uv": [9.5, 3, 8.5, 2.5], "texture": "#0"},
				"down": {"uv": [9.5, 3, 8.5, 3.5], "texture": "#0"}
			}
		},
		{
			"from": [-1, 11, 1],
			"to": [-1, 17, 5],
			"rotation": {"angle": 22.5, "axis": "x", "origin": [0, -3, -1]},
			"faces": {
				"north": {"uv": [4, 6, 5, 7.5], "texture": "#0"},
				"east": {"uv": [5, 6, 4, 7.5], "texture": "#0"},
				"south": {"uv": [4, 6, 5, 7.5], "texture": "#0"},
				"west": {"uv": [4, 6, 5, 7.5], "texture": "#0"},
				"up": {"uv": [4, 6, 5, 7.5], "texture": "#0"},
				"down": {"uv": [4, 6, 5, 7.5], "texture": "#0"}
			}
		},
		{
			"from": [-1, 11, 5],
			"to": [-1, 15, 17],
			"rotation": {"angle": 22.5, "axis": "x", "origin": [0, -3, -1]},
			"faces": {
				"north": {"uv": [4, 2, 7, 3], "texture": "#0"},
				"east": {"uv": [4, 2, 7, 3], "texture": "#0"},
				"south": {"uv": [4, 2, 7, 3], "texture": "#0"},
				"west": {"uv": [4, 2, 7, 3], "texture": "#0"},
				"up": {"uv": [4, 2, 7, 3], "texture": "#0"},
				"down": {"uv": [4, 2, 7, 3], "texture": "#0"}
			}
		},
		{
			"from": [-1, 3, 21],
			"to": [-1, 7, 25],
			"rotation": {"angle": 0, "axis": "y", "origin": [0, -3, -1]},
			"faces": {
				"north": {"uv": [7.5, 6, 8.5, 7], "texture": "#0"},
				"east": {"uv": [8.5, 6, 7.5, 7], "texture": "#0"},
				"south": {"uv": [7.5, 6, 8.5, 7], "texture": "#0"},
				"west": {"uv": [7.5, 6, 8.5, 7], "texture": "#0"},
				"up": {"uv": [7.5, 6, 8.5, 7], "texture": "#0"},
				"down": {"uv": [7.5, 6, 8.5, 7], "texture": "#0"}
			}
		},
		{
			"from": [-1, 3, 25],
			"to": [17, 7, 25],
			"rotation": {"angle": 0, "axis": "y", "origin": [0, -3, -1]},
			"faces": {
				"north": {"uv": [4.5, 4, 0, 5], "texture": "#0"},
				"east": {"uv": [0, 4, 4.5, 5], "texture": "#0"},
				"south": {"uv": [0, 4, 4.5, 5], "texture": "#0"},
				"west": {"uv": [0, 4, 4.5, 5], "texture": "#0"},
				"up": {"uv": [0, 4, 4.5, 5], "texture": "#0"},
				"down": {"uv": [0, 4, 4.5, 5], "texture": "#0"}
			}
		},
		{
			"from": [17, 3, 21],
			"to": [17, 7, 25],
			"rotation": {"angle": 0, "axis": "y", "origin": [0, -3, -1]},
			"faces": {
				"north": {"uv": [7.5, 6, 8.5, 7], "texture": "#0"},
				"east": {"uv": [7.5, 6, 8.5, 7], "texture": "#0"},
				"south": {"uv": [7.5, 6, 8.5, 7], "texture": "#0"},
				"west": {"uv": [8.5, 6, 7.5, 7], "texture": "#0"},
				"up": {"uv": [7.5, 6, 8.5, 7], "texture": "#0"},
				"down": {"uv": [7.5, 6, 8.5, 7], "texture": "#0"}
			}
		},
		{
			"from": [17, 11, 5],
			"to": [17, 15, 17],
			"rotation": {"angle": 22.5, "axis": "x", "origin": [0, -3, -1]},
			"faces": {
				"north": {"uv": [4, 2, 7, 3], "texture": "#0"},
				"east": {"uv": [4, 2, 7, 3], "texture": "#0"},
				"south": {"uv": [4, 2, 7, 3], "texture": "#0"},
				"west": {"uv": [7, 2, 4, 3], "texture": "#0"},
				"up": {"uv": [4, 2, 7, 3], "texture": "#0"},
				"down": {"uv": [4, 2, 7, 3], "texture": "#0"}
			}
		},
		{
			"from": [17, 11, 1],
			"to": [17, 17, 5],
			"rotation": {"angle": 22.5, "axis": "x", "origin": [0, -3, -1]},
			"faces": {
				"north": {"uv": [4, 6, 5, 7.5], "texture": "#0"},
				"east": {"uv": [4, 6, 5, 7.5], "texture": "#0"},
				"south": {"uv": [4, 6, 5, 7.5], "texture": "#0"},
				"west": {"uv": [5, 6, 4, 7.5], "texture": "#0"},
				"up": {"uv": [4, 6, 5, 7.5], "texture": "#0"},
				"down": {"uv": [4, 6, 5, 7.5], "texture": "#0"}
			}
		},
		{
			"from": [0, 12, 0],
			"to": [4, 16, 2],
			"rotation": {"angle": 22.5, "axis": "x", "origin": [0, -3, -1]},
			"faces": {
				"north": {"uv": [7, 2, 8, 3], "texture": "#0"},
				"east": {"uv": [3, 9, 3.25, 10], "texture": "#0"},
				"south": {"uv": [7.5, 0, 8.5, 1], "texture": "#0"},
				"west": {"uv": [3.25, 9, 3.5, 10], "texture": "#0"},
				"up": {"uv": [6, 9.25, 5, 9], "texture": "#0"},
				"down": {"uv": [7, 9, 6, 9.25], "texture": "#0"}
			}
		},
		{
			"from": [12, 12, 0],
			"to": [16, 16, 2],
			"rotation": {"angle": 22.5, "axis": "x", "origin": [0, -3, -1]},
			"faces": {
				"north": {"uv": [8, 2, 7, 3], "texture": "#0"},
				"east": {"uv": [9, 7, 9.25, 8], "texture": "#0"},
				"south": {"uv": [2.5, 7.5, 3.5, 8.5], "texture": "#0"},
				"west": {"uv": [7.5, 9, 7.75, 10], "texture": "#0"},
				"up": {"uv": [8.75, 9.25, 7.75, 9], "texture": "#0"},
				"down": {"uv": [10, 8, 9, 8.25], "texture": "#0"}
			}
		},
		{
			"from": [0, 10, -1],
			"to": [4, 12, 1],
			"rotation": {"angle": 22.5, "axis": "x", "origin": [0, -3, -1]},
			"faces": {
				"north": {"uv": [6.5, 8, 7.5, 8.5], "texture": "#0"},
				"east": {"uv": [7.5, 8.5, 8, 9], "texture": "#0"},
				"south": {"uv": [7.5, 8, 8.5, 8.5], "texture": "#0"},
				"west": {"uv": [8.5, 7.5, 9, 8], "texture": "#0"},
				"up": {"uv": [9.5, 0.5, 8.5, 0], "texture": "#0"},
				"down": {"uv": [9.5, 0.5, 8.5, 1], "texture": "#0"}
			}
		},
		{
			"from": [12, 10, -1],
			"to": [16, 12, 1],
			"rotation": {"angle": 22.5, "axis": "x", "origin": [0, -3, -1]},
			"faces": {
				"north": {"uv": [8.5, 3.5, 9.5, 4], "texture": "#0"},
				"east": {"uv": [9, 8.25, 9.5, 8.75], "texture": "#0"},
				"south": {"uv": [8.5, 4, 9.5, 4.5], "texture": "#0"},
				"west": {"uv": [8.75, 9, 9.25, 9.5], "texture": "#0"},
				"up": {"uv": [9.5, 5, 8.5, 4.5], "texture": "#0"},
				"down": {"uv": [6, 8.5, 5, 9], "texture": "#0"}
			}
		},
		{
			"from": [0, 16, -1],
			"to": [4, 18, 1],
			"rotation": {"angle": 22.5, "axis": "x", "origin": [0, -3, -1]},
			"faces": {
				"north": {"uv": [8.5, 1, 9.5, 1.5], "texture": "#0"},
				"east": {"uv": [8, 8.5, 8.5, 9], "texture": "#0"},
				"south": {"uv": [8.5, 1.5, 9.5, 2], "texture": "#0"},
				"west": {"uv": [8.5, 8, 9, 8.5], "texture": "#0"},
				"up": {"uv": [9.5, 2.5, 8.5, 2], "texture": "#0"},
				"down": {"uv": [3.5, 8.5, 2.5, 9], "texture": "#0"}
			}
		},
		{
			"from": [12, 16, -1],
			"to": [16, 18, 1],
			"rotation": {"angle": 22.5, "axis": "x", "origin": [0, -3, -1]},
			"faces": {
				"north": {"uv": [8.5, 5, 9.5, 5.5], "texture": "#0"},
				"east": {"uv": [6, 9.25, 6.5, 9.75], "texture": "#0"},
				"south": {"uv": [8.5, 5.5, 9.5, 6], "texture": "#0"},
				"west": {"uv": [6.5, 9.25, 7, 9.75], "texture": "#0"},
				"up": {"uv": [9.5, 6.5, 8.5, 6], "texture": "#0"},
				"down": {"uv": [7.5, 8.5, 6.5, 9], "texture": "#0"}
			}
		}
	],
	"display": {
		"thirdperson_righthand": {
			"translation": [0, 2.5, 0],
			"scale": [0.3, 0.3, 0.3]
		},
		"thirdperson_lefthand": {
			"translation": [0, 2.25, 0],
			"scale": [0.3, 0.3, 0.3]
		},
		"firstperson_righthand": {
			"rotation": [-180, 44.75, 180],
			"translation": [15.25, 0, -20.75]
		},
		"firstperson_lefthand": {
			"rotation": [-180, 44.75, 180],
			"translation": [15.25, 0, -20.75]
		},
		"ground": {
			"translation": [0, 0, -4.25],
			"scale": [0.5, 0.5, 0.5]
		},
		"gui": {
			"rotation": [-154.82, 47.29, 179.22],
			"translation": [-2.5, -0.75, 0],
			"scale": [0.5, 0.5, 0.5]
		},
		"head": {
			"translation": [0, 2, -7.25],
			"scale": [0.9, 1, 1]
		},
		"fixed": {
			"translation": [0, 1.75, -16.25]
		}
	},
	"groups": [
		{
			"name": "group",
			"origin": [0, 0, 0],
			"color": 0,
			"children": [0, 1, 2]
		},
		{
			"name": "group",
			"origin": [0, 0, 0],
			"color": 0,
			"children": [3, 4, 5, 6, 7, 8, 9, 10, 11, 12, 13, 14, 15, 16, 17, 18, 19, 20]
		}
	]
}