{
	"credit": "EnumXyZB",
	"texture_size": [4, 4],
	"textures": {
		"0": "./tanduk",
		"1": "./api",
		"2": "./mata",
		"particle": "./tanduk"
	},
	"elements": [
		{
			"from": [4, 10, -9],
			"to": [6, 13, -6],
			"rotation": {"angle": 45, "axis": "x", "origin": [0, -1, 0]},
			"faces": {
				"north": {"uv": [5, 4, 6, 5.5], "texture": "#0"},
				"east": {"uv": [0, 0, 2.5, 1.5], "texture": "#0"},
				"south": {"uv": [0, 5.5, 1, 7], "texture": "#0"},
				"west": {"uv": [0, 1.5, 2.5, 3], "texture": "#0"},
				"up": {"uv": [1, 5.5, 0, 3], "texture": "#0"},
				"down": {"uv": [2, 3, 1, 5.5], "texture": "#0"}
			}
		},
		{
			"from": [10, 10, -9],
			"to": [12, 13, -6],
			"rotation": {"angle": 45, "axis": "x", "origin": [0, -1, 0]},
			"faces": {
				"north": {"uv": [1, 5.5, 2, 7], "texture": "#0"},
				"east": {"uv": [2.5, 0, 5, 1.5], "texture": "#0"},
				"south": {"uv": [2, 5.5, 3, 7], "texture": "#0"},
				"west": {"uv": [2.5, 1.5, 5, 3], "texture": "#0"},
				"up": {"uv": [3, 5.5, 2, 3], "texture": "#0"},
				"down": {"uv": [4, 3, 3, 5.5], "texture": "#0"}
			}
		},
		{
			"from": [10.3, 11, 7.1],
			"to": [11.7, 15, 9.5],
			"rotation": {"angle": -22.5, "axis": "x", "origin": [0, -1, 0]},
			"faces": {
				"north": {"uv": [3, 5.5, 3.5, 7.5], "texture": "#0"},
				"east": {"uv": [4, 3, 5, 5], "texture": "#0"},
				"south": {"uv": [3.5, 5.5, 4, 7.5], "texture": "#0"},
				"west": {"uv": [5, 0, 6, 2], "texture": "#0"},
				"up": {"uv": [7, 5.5, 6.5, 4.5], "texture": "#0"},
				"down": {"uv": [7, 5.5, 6.5, 6.5], "texture": "#0"}
			}
		},
		{
			"from": [4.3, 11, 7.1],
			"to": [5.7, 15, 9.5],
			"rotation": {"angle": -22.5, "axis": "x", "origin": [0, -1, 0]},
			"faces": {
				"north": {"uv": [5, 5.5, 5.5, 7.5], "texture": "#0"},
				"east": {"uv": [5, 2, 6, 4], "texture": "#0"},
				"south": {"uv": [5.5, 5.5, 6, 7.5], "texture": "#0"},
				"west": {"uv": [4, 5, 5, 7], "texture": "#0"},
				"up": {"uv": [7, 7.5, 6.5, 6.5], "texture": "#0"},
				"down": {"uv": [0.5, 7, 0, 8], "texture": "#0"}
			}
		},
		{
			"from": [10.5, 16.7, 1.1],
			"to": [11.5, 19.7, 2.1],
			"rotation": {"angle": 0, "axis": "y", "origin": [0, -1, 0]},
			"faces": {
				"north": {"uv": [6, 0, 6.5, 1.5], "texture": "#0"},
				"east": {"uv": [6, 1.5, 6.5, 3], "texture": "#0"},
				"south": {"uv": [6, 3, 6.5, 4.5], "texture": "#0"},
				"west": {"uv": [6, 4.5, 6.5, 6], "texture": "#0"},
				"up": {"uv": [7.5, 0.5, 7, 0], "texture": "#0"},
				"down": {"uv": [1, 7, 0.5, 7.5], "texture": "#0"}
			}
		},
		{
			"from": [4.5, 16.7, 1.1],
			"to": [5.5, 19.7, 2.1],
			"rotation": {"angle": 0, "axis": "y", "origin": [0, -1, 0]},
			"faces": {
				"north": {"uv": [6, 6, 6.5, 7.5], "texture": "#0"},
				"east": {"uv": [6.5, 0, 7, 1.5], "texture": "#0"},
				"south": {"uv": [6.5, 1.5, 7, 3], "texture": "#0"},
				"west": {"uv": [6.5, 3, 7, 4.5], "texture": "#0"},
				"up": {"uv": [7.5, 1, 7, 0.5], "texture": "#0"},
				"down": {"uv": [1.5, 7, 1, 7.5], "texture": "#0"}
			}
		},
		{
			"from": [9.7, 17.9, 1.6],
			"to": [12.2, 21.6, 1.6],
			"faces": {
				"north": {"uv": [10, 0, 7, 4.9375], "texture": "#1"},
				"east": {"uv": [7, 0, 10, 4.98056], "texture": "#1"},
				"south": {"uv": [7, 0, 10, 5.28125], "texture": "#1"},
				"west": {"uv": [7, 0, 10, 4.98056], "texture": "#1"},
				"up": {"uv": [10, 0, 7, 5.28125], "texture": "#1"},
				"down": {"uv": [7, 0, 10, 5.15625], "texture": "#1"}
			}
		},
		{
			"from": [3.8, 17.6, 1.6],
			"to": [6.3, 21.6, 1.6],
			"faces": {
				"north": {"uv": [1, 5.375, 4, 0], "rotation": 180, "texture": "#1"},
				"east": {"uv": [1, 0, 4, 4.625], "rotation": 180, "texture": "#1"},
				"south": {"uv": [4, 5.625, 1, 0], "rotation": 180, "texture": "#1"},
				"west": {"uv": [4, 0, 1, 5.625], "rotation": 180, "texture": "#1"},
				"up": {"uv": [4, 0, 1, 6], "rotation": 180, "texture": "#1"},
				"down": {"uv": [4, 0, 1, 6], "rotation": 180, "texture": "#1"}
			}
		},
		{
			"from": [5.4, 8, 4],
			"to": [7.4, 10, 4],
			"faces": {
				"north": {"uv": [0, 0, 8, 8], "texture": "#2"},
				"east": {"uv": [0, 0, 0, 8], "texture": "#2"},
				"south": {"uv": [8, 0, 16, 8], "texture": "#2"},
				"west": {"uv": [0, 0, 0, 8], "texture": "#2"},
				"up": {"uv": [8, 0, 0, 0], "texture": "#2"},
				"down": {"uv": [8, 0, 0, 0], "texture": "#2"}
			}
		},
		{
			"from": [9, 8, 4],
			"to": [11, 10, 4],
			"faces": {
				"north": {"uv": [8, 0, 16, 8], "texture": "#2"},
				"east": {"uv": [0, 0, 0, 8], "texture": "#2"},
				"south": {"uv": [0, 0, 8, 8], "texture": "#2"},
				"west": {"uv": [0, 0, 0, 8], "texture": "#2"},
				"up": {"uv": [8, 0, 0, 0], "texture": "#2"},
				"down": {"uv": [8, 0, 0, 0], "texture": "#2"}
			}
		}
	],
	"display": {
		"thirdperson_righthand": {
			"rotation": [75.25, 0, 0],
			"translation": [0, -5.5, -2.25],
			"scale": [0.6875, 0.90039, 1]
		},
		"thirdperson_lefthand": {
			"rotation": [70.04, -8.77, -1.56],
			"translation": [-3, -4, -0.25],
			"scale": [0.71094, 0.78711, 1]
		},
		"firstperson_righthand": {
			"rotation": [-180, 76, -180],
			"translation": [3, -1.5, 0]
		},
		"firstperson_lefthand": {
			"translation": [0, -7.75, 0]
		},
		"ground": {
			"translation": [0, -2, 0]
		},
		"gui": {
			"rotation": [-180, 1.25, -180],
			"translation": [0, -5.75, 0]
		},
		"head": {
			"rotation": [-1.5, 0, 0],
			"translation": [-0.25, -2.25, -1.75],
			"scale": [1.96875, 1.61915, 1.17773]
		},
		"fixed": {
			"translation": [0, -6.5, 1.75],
			"scale": [1.53906, 1.39453, 1]
		}
	},
	"groups": [
		{
			"name": "group",
			"origin": [8, 8, 8],
			"color": 0,
			"children": [0, 1, 2, 3, 4, 5]
		},
		{
			"name": "group",
			"origin": [0, 0, 0],
			"color": 0,
			"children": [6, 7]
		},
		{
			"name": "group",
			"origin": [8, 8, 8],
			"color": 0,
			"children": [8, 9]
		}
	]
}