{
	"credit": "EnumZyZB",
	"texture_size": [8, 8],
	"textures": {
		"0": "./darkflame_01_texture",
		"2": "./drakflame_animation_02texture",
		"3": "./texture",
		"particle": "./darkflame_01_texture"
	},
	"elements": [
		{
			"from": [10.3683, 1.3683, 8],
			"to": [31.3683, 21.3683, 8],
			"rotation": {"angle": 45, "axis": "y", "origin": [8, 10.3683, 8.075]},
			"faces": {
				"north": {"uv": [5.75, 11, 0.5, 16], "texture": "#0"},
				"south": {"uv": [5.75, 16, 0.5, 11], "rotation": 180, "texture": "#0"}
			}
		},
		{
			"from": [-15.3683, 1.3683, 8],
			"to": [5.6317, 21.3683, 8],
			"rotation": {"angle": -45, "axis": "y", "origin": [8, 10.3683, 8.075]},
			"faces": {
				"north": {"uv": [5.75, 16, 0.5, 11], "rotation": 180, "texture": "#0"},
				"south": {"uv": [5.75, 11, 0.5, 16], "texture": "#0"}
			}
		},
		{
			"from": [-3, 3.65348, 4.9],
			"to": [7, 11.65348, 4.9],
			"rotation": {"angle": -22.5, "axis": "z", "origin": [8.5, 27.81499, 8]},
			"faces": {
				"north": {"uv": [8, 0, 0, 10], "rotation": 270, "texture": "#2"},
				"south": {"uv": [0, 0, 8, 10], "rotation": 90, "texture": "#2"}
			}
		},
		{
			"from": [8, 3.65348, -1.1],
			"to": [18, 11.65348, -1.1],
			"rotation": {"angle": 22.5, "axis": "z", "origin": [7.5, 27.81499, 8]},
			"faces": {
				"north": {"uv": [8, 10, 0, 0], "rotation": 270, "texture": "#2"},
				"south": {"uv": [0, 10, 8, 0], "rotation": 90, "texture": "#2"}
			}
		},
		{
			"from": [6, 4.65348, -2.9],
			"to": [16, 12.65348, -2.9],
			"rotation": {"angle": 22.5, "axis": "z", "origin": [7.5, 27.81499, 8]},
			"faces": {
				"north": {"uv": [0, 0, 8, 10], "rotation": 90, "texture": "#2"},
				"south": {"uv": [8, 0, 0, 10], "rotation": 270, "texture": "#2"}
			}
		},
		{
			"from": [-2, 3.65348, -2.9],
			"to": [8, 11.65348, -2.9],
			"rotation": {"angle": -22.5, "axis": "z", "origin": [8.5, 27.81499, 8]},
			"faces": {
				"north": {"uv": [0, 10, 8, 0], "rotation": 90, "texture": "#2"},
				"south": {"uv": [8, 10, 0, 0], "rotation": 270, "texture": "#2"}
			}
		},
		{
			"from": [0.70448, 15.02863, -1.45],
			"to": [1.90448, 15.72863, -0.55],
			"rotation": {"angle": 22.5, "axis": "z", "origin": [8, 5.18501, -1]},
			"faces": {
				"north": {"uv": [5.375, 1.375, 5.55, 1.675], "rotation": 270, "texture": "#0"},
				"east": {"uv": [5.375, 1.975, 5.55, 1.75], "rotation": 270, "texture": "#0"},
				"south": {"uv": [5.375, 1.675, 5.55, 1.375], "rotation": 270, "texture": "#0"},
				"west": {"uv": [5.375, 1.975, 5.55, 1.75], "rotation": 270, "texture": "#0"},
				"up": {"uv": [5.625, 1.675, 5.85, 1.375], "rotation": 90, "texture": "#0"},
				"down": {"uv": [5.625, 2.05, 5.85, 1.75], "rotation": 90, "texture": "#0"}
			}
		},
		{
			"name": "h",
			"from": [5.8, 2, 6],
			"to": [10.2, 10, 6],
			"faces": {
				"north": {"uv": [0, 0, 8, 16], "texture": "#3"},
				"east": {"uv": [0, 0, 0, 16], "texture": "#3"},
				"south": {"uv": [8, 0, 16, 16], "texture": "#3"},
				"west": {"uv": [0, 0, 0, 16], "texture": "#3"},
				"up": {"uv": [8, 0, 0, 0], "texture": "#3"},
				"down": {"uv": [8, 0, 0, 0], "texture": "#3"}
			}
		}
	],
	"gui_light": "front",
	"display": {
		"thirdperson_righthand": {
			"rotation": [-112.5, 2.25, 180],
			"translation": [1.25, 2.25, 0],
			"scale": [0.27109, 0.27109, 0.27109]
		},
		"thirdperson_lefthand": {
			"rotation": [-112.5, -7.5, 180],
			"translation": [-6.5, -3, 9.5],
			"scale": [1.07187, 1.51523, 0.97617]
		},
		"firstperson_righthand": {
			"translation": [1.25, 3.75, 0.5],
			"scale": [0.32383, 0.32383, 0.32383]
		},
		"firstperson_lefthand": {
			"rotation": [46, 175, 35],
			"translation": [3.5, -34.75, 0.5],
			"scale": [0.32383, 0.32383, 0.32383]
		},
		"ground": {
			"translation": [0, 6, 0],
			"scale": [0.70742, 1.03359, 0.49648]
		},
		"gui": {
			"rotation": [-156.44, 3.77, 179.47],
			"translation": [0.5, -1.5, -1.5],
			"scale": [0.50938, 0.63047, 0.33555]
		},
		"head": {
			"rotation": [0, -180, 0],
			"translation": [-0.75, -14, 3],
			"scale": [1.68594, 2.45352, 1.6]
		},
		"fixed": {
			"rotation": [-3, 0, 0],
			"translation": [1.75, 3.75, -1],
			"scale": [2, 2.73438, 2.5]
		}
	},
	"groups": [
		0,
		1,
		2,
		3,
		4,
		5,
		{
			"name": "group",
			"origin": [8.5, 4.18501, -7],
			"color": 0,
			"children": []
		},
		{
			"name": "group",
			"origin": [8.5, 17.81499, -1],
			"color": 0,
			"children": [6]
		},
		{
			"name": "group",
			"origin": [0, 16, 0],
			"color": 0,
			"children": [7]
		}
	]
}