{
	"credit": "Made with Blockbench",
	"texture_size": [64, 64],
	"textures": {
		"0": "./kaguma",
		"particle": "./kaguma"
	},
	"elements": [
		{
			"from": [2, 0, 0],
			"to": [14, 2, 2],
			"faces": {
				"north": {"uv": [7, 5, 10, 5.5], "texture": "#0"},
				"east": {"uv": [5, 8.75, 5.5, 9.25], "texture": "#0"},
				"south": {"uv": [7, 5.5, 10, 6], "texture": "#0"},
				"west": {"uv": [9, 8, 9.5, 8.5], "texture": "#0"},
				"up": {"uv": [10, 6.5, 7, 6], "texture": "#0"},
				"down": {"uv": [10, 6.5, 7, 7], "texture": "#0"}
			}
		},
		{
			"from": [0, 2, 0],
			"to": [16, 18, 2],
			"faces": {
				"north": {"uv": [0, 0, 4, 4], "texture": "#0"},
				"east": {"uv": [5.5, 0, 6, 4], "texture": "#0"},
				"south": {"uv": [0, 4, 4, 8], "texture": "#0"},
				"west": {"uv": [5.5, 4, 6, 8], "texture": "#0"},
				"up": {"uv": [10, 0.5, 6, 0], "texture": "#0"},
				"down": {"uv": [10, 0.5, 6, 1], "texture": "#0"}
			}
		},
		{
			"from": [0, 8, 1],
			"to": [2, 10, 16],
			"faces": {
				"north": {"uv": [1.5, 9.5, 2, 10], "texture": "#0"},
				"east": {"uv": [6, 1, 9.75, 1.5], "texture": "#0"},
				"south": {"uv": [3.5, 9.5, 4, 10], "texture": "#0"},
				"west": {"uv": [6, 1.5, 9.75, 2], "texture": "#0"},
				"up": {"uv": [6.5, 5.75, 6, 2], "texture": "#0"},
				"down": {"uv": [6.5, 5.75, 6, 9.5], "texture": "#0"}
			}
		},
		{
			"from": [16, 6, 0],
			"to": [18, 12, 2],
			"rotation": {"angle": 0, "axis": "y", "origin": [16, 0, 0]},
			"faces": {
				"north": {"uv": [3.5, 8, 4, 9.5], "texture": "#0"},
				"east": {"uv": [5.5, 8, 6, 9.5], "texture": "#0"},
				"south": {"uv": [8, 7, 8.5, 8.5], "texture": "#0"},
				"west": {"uv": [4, 8.5, 4.5, 10], "texture": "#0"},
				"up": {"uv": [5.5, 9.75, 5, 9.25], "texture": "#0"},
				"down": {"uv": [0.5, 9.5, 0, 10], "texture": "#0"}
			}
		},
		{
			"from": [14, 8, 1],
			"to": [16, 10, 16],
			"rotation": {"angle": 0, "axis": "y", "origin": [16, 0, 0]},
			"faces": {
				"north": {"uv": [5.5, 9.5, 6, 10], "texture": "#0"},
				"east": {"uv": [6.5, 2, 10.25, 2.5], "texture": "#0"},
				"south": {"uv": [6, 9.5, 6.5, 10], "texture": "#0"},
				"west": {"uv": [6.5, 2.5, 10.25, 3], "texture": "#0"},
				"up": {"uv": [7, 6.75, 6.5, 3], "texture": "#0"},
				"down": {"uv": [7, 6.75, 6.5, 10.5], "texture": "#0"}
			}
		},
		{
			"from": [1.6, 8, 14],
			"to": [14.1, 10, 16],
			"faces": {
				"north": {"uv": [7, 3, 10.125, 3.5], "texture": "#0"},
				"east": {"uv": [8, 9.5, 8.5, 10], "texture": "#0"},
				"south": {"uv": [7, 3.5, 10.125, 4], "texture": "#0"},
				"west": {"uv": [9.5, 8, 10, 8.5], "texture": "#0"},
				"up": {"uv": [10.125, 4.5, 7, 4], "texture": "#0"},
				"down": {"uv": [10.125, 4.5, 7, 5], "texture": "#0"}
			}
		},
		{
			"from": [6.8, 13.9, 0.1],
			"to": [12.8, 20.9, 2.1],
			"rotation": {"angle": 22.5, "axis": "z", "origin": [0, 0, 0]},
			"faces": {
				"north": {"uv": [4, 3.5, 5.5, 5.25], "texture": "#0"},
				"east": {"uv": [2.5, 8, 3, 9.75], "texture": "#0"},
				"south": {"uv": [4, 5.25, 5.5, 7], "texture": "#0"},
				"west": {"uv": [3, 8, 3.5, 9.75], "texture": "#0"},
				"up": {"uv": [10.5, 8, 9, 7.5], "texture": "#0"},
				"down": {"uv": [9.5, 9, 8, 9.5], "texture": "#0"}
			}
		},
		{
			"from": [3.2, 13.9, 0.1],
			"to": [9.2, 20.9, 2.1],
			"rotation": {"angle": -22.5, "axis": "z", "origin": [16, 0, 0]},
			"faces": {
				"north": {"uv": [4, 0, 5.5, 1.75], "texture": "#0"},
				"east": {"uv": [5, 7, 5.5, 8.75], "texture": "#0"},
				"south": {"uv": [4, 1.75, 5.5, 3.5], "texture": "#0"},
				"west": {"uv": [2, 8, 2.5, 9.75], "texture": "#0"},
				"up": {"uv": [9.5, 9, 8, 8.5], "texture": "#0"},
				"down": {"uv": [10.5, 7, 9, 7.5], "texture": "#0"}
			}
		},
		{
			"from": [7.7, 20.9, 1.1],
			"to": [11.7, 26.9, 1.1],
			"rotation": {"angle": 22.5, "axis": "z", "origin": [-0.1, 0, 0]},
			"faces": {
				"north": {"uv": [4, 7, 5, 8.5], "texture": "#0"},
				"east": {"uv": [0, 0, 0, 1.5], "texture": "#0"},
				"south": {"uv": [7, 7, 8, 8.5], "texture": "#0"},
				"west": {"uv": [0, 0, 0, 1.5], "texture": "#0"},
				"up": {"uv": [1, 0, 0, 0], "texture": "#0"},
				"down": {"uv": [1, 0, 0, 0], "texture": "#0"}
			}
		},
		{
			"from": [4.1, 20.9, 1.1],
			"to": [8.1, 26.9, 1.1],
			"rotation": {"angle": -22.5, "axis": "z", "origin": [15.9, 0, 0]},
			"faces": {
				"north": {"uv": [0, 8, 1, 9.5], "texture": "#0"},
				"east": {"uv": [0, 0, 0, 1.5], "texture": "#0"},
				"south": {"uv": [1, 8, 2, 9.5], "texture": "#0"},
				"west": {"uv": [0, 0, 0, 1.5], "texture": "#0"},
				"up": {"uv": [1, 0, 0, 0], "texture": "#0"},
				"down": {"uv": [1, 0, 0, 0], "texture": "#0"}
			}
		},
		{
			"from": [-2, 6, 0],
			"to": [0, 12, 2],
			"faces": {
				"north": {"uv": [4.5, 8.5, 5, 10], "texture": "#0"},
				"east": {"uv": [7, 8.5, 7.5, 10], "texture": "#0"},
				"south": {"uv": [8.5, 7, 9, 8.5], "texture": "#0"},
				"west": {"uv": [7.5, 8.5, 8, 10], "texture": "#0"},
				"up": {"uv": [1, 10, 0.5, 9.5], "texture": "#0"},
				"down": {"uv": [1.5, 9.5, 1, 10], "texture": "#0"}
			}
		}
	],
	"display": {
		"thirdperson_righthand": {
			"rotation": [127.94, 39.1, -160.33],
			"translation": [0, -1, 0],
			"scale": [0.32617, 0.27734, 0.37109]
		},
		"thirdperson_lefthand": {
			"scale": [0, 0, 1]
		},
		"firstperson_righthand": {
			"rotation": [-180, 79, -180],
			"translation": [7.5, 4, 0],
			"scale": [0.50586, 0.63281, 1]
		},
		"firstperson_lefthand": {
			"translation": [-4.75, 0, 0],
			"scale": [0, 0, 1]
		},
		"gui": {
			"rotation": [-180, -0.25, -180],
			"translation": [0, -2.75, 0],
			"scale": [0.87109, 0.77344, 1]
		}
	}
}