{
	"credit": "Made with Blockbench",
	"texture_size": [128, 128],
	"textures": {
		"0": "./jam_texture.png",
		"particle": "./jam_texture.png"
	},
	"elements": [
		{
			"name": "hexadecagon",
			"from": [7, 8.02175, 24],
			"to": [9, 15.97825, 28],
			"rotation": {"angle": -45, "axis": "x", "origin": [8, 12, 8]},
			"faces": {
				"north": {"uv": [4, 6.625, 4.25, 7.625], "texture": "#0"},
				"east": {"uv": [5, 0, 5.5, 1], "texture": "#0"},
				"south": {"uv": [4.25, 6.625, 4.5, 7.625], "texture": "#0"},
				"west": {"uv": [5, 1, 5.5, 2], "texture": "#0"},
				"up": {"uv": [7.5, 6.125, 7.25, 5.625], "texture": "#0"},
				"down": {"uv": [7.5, 6.125, 7.25, 6.625], "texture": "#0"}
			}
		},
		{
			"name": "hexadecagon",
			"from": [7, 8.02175, 24],
			"to": [9, 15.97825, 28],
			"rotation": {"angle": -22.5, "axis": "x", "origin": [8, 12, 8]},
			"faces": {
				"north": {"uv": [4.5, 6.625, 4.75, 7.625], "texture": "#0"},
				"east": {"uv": [5, 2, 5.5, 3], "texture": "#0"},
				"south": {"uv": [4.75, 6.625, 5, 7.625], "texture": "#0"},
				"west": {"uv": [5, 3, 5.5, 4], "texture": "#0"},
				"up": {"uv": [7.5, 7.125, 7.25, 6.625], "texture": "#0"},
				"down": {"uv": [7.5, 7.125, 7.25, 7.625], "texture": "#0"}
			}
		},
		{
			"name": "hexadecagon",
			"from": [7, 8.02175, 24],
			"to": [9, 15.97825, 28],
			"rotation": {"angle": 0, "axis": "x", "origin": [8, 12, 8]},
			"faces": {
				"north": {"uv": [5, 6.625, 5.25, 7.625], "texture": "#0"},
				"east": {"uv": [4, 5, 4.5, 6], "texture": "#0"},
				"south": {"uv": [6.75, 2, 7, 3], "texture": "#0"},
				"west": {"uv": [5, 4, 5.5, 5], "texture": "#0"},
				"up": {"uv": [7.75, 0.5, 7.5, 0], "texture": "#0"},
				"down": {"uv": [7.75, 0.5, 7.5, 1], "texture": "#0"}
			}
		},
		{
			"name": "hexadecagon",
			"from": [7, 8.02175, 24],
			"to": [9, 15.97825, 28],
			"rotation": {"angle": 22.5, "axis": "x", "origin": [8, 12, 8]},
			"faces": {
				"north": {"uv": [6.75, 3, 7, 4], "texture": "#0"},
				"east": {"uv": [4.5, 5, 5, 6], "texture": "#0"},
				"south": {"uv": [6.75, 4, 7, 5], "texture": "#0"},
				"west": {"uv": [5, 5, 5.5, 6], "texture": "#0"},
				"up": {"uv": [7.75, 1.5, 7.5, 1], "texture": "#0"},
				"down": {"uv": [7.75, 1.5, 7.5, 2], "texture": "#0"}
			}
		},
		{
			"name": "hexadecagon",
			"from": [7, 8.02175, 24],
			"to": [9, 15.97825, 28],
			"rotation": {"angle": 45, "axis": "x", "origin": [8, 12, 8]},
			"faces": {
				"north": {"uv": [6.75, 5, 7, 6], "texture": "#0"},
				"east": {"uv": [5.5, 0, 6, 1], "texture": "#0"},
				"south": {"uv": [6.75, 6, 7, 7], "texture": "#0"},
				"west": {"uv": [5.5, 1, 6, 2], "texture": "#0"},
				"up": {"uv": [7.75, 2.5, 7.5, 2], "texture": "#0"},
				"down": {"uv": [7.75, 2.5, 7.5, 3], "texture": "#0"}
			}
		},
		{
			"name": "hexadecagon",
			"from": [7, -8, 4.02175],
			"to": [9, -4, 11.97825],
			"rotation": {"angle": -22.5, "axis": "x", "origin": [8, 12, 8]},
			"faces": {
				"north": {"uv": [7.5, 3, 7.75, 3.5], "texture": "#0"},
				"east": {"uv": [5.5, 2, 6.5, 2.5], "texture": "#0"},
				"south": {"uv": [7.5, 3.5, 7.75, 4], "texture": "#0"},
				"west": {"uv": [5.5, 2.5, 6.5, 3], "texture": "#0"},
				"up": {"uv": [7.25, 1, 7, 0], "texture": "#0"},
				"down": {"uv": [7.25, 1, 7, 2], "texture": "#0"}
			}
		},
		{
			"name": "hexadecagon",
			"from": [7, -8, 3.91005],
			"to": [9, -4.12983, 11.97825],
			"rotation": {"angle": 0, "axis": "x", "origin": [8, -4.62983, 14.8883]},
			"faces": {
				"north": {"uv": [7.5, 3, 7.75, 3.5], "texture": "#0"},
				"east": {"uv": [5.5, 2, 6.5, 2.5], "texture": "#0"},
				"south": {"uv": [7.5, 3.5, 7.75, 4], "texture": "#0"},
				"west": {"uv": [5.5, 2.5, 6.5, 3], "texture": "#0"},
				"up": {"uv": [7.25, 1, 7, 0], "texture": "#0"},
				"down": {"uv": [7.25, 1, 7, 2], "texture": "#0"}
			}
		},
		{
			"name": "hexadecagon",
			"from": [8, -4, -7.97825],
			"to": [8, 28, 23.97825],
			"rotation": {"angle": 0, "axis": "x", "origin": [8, 12, 8]},
			"faces": {
				"north": {"uv": [0, 0, 0, 4], "texture": "#0"},
				"east": {"uv": [0, 0, 4, 4], "texture": "#0"},
				"south": {"uv": [0, 0, 0, 4], "texture": "#0"},
				"west": {"uv": [0, 4, 4, 8], "texture": "#0"},
				"up": {"uv": [0, 4, 0, 0], "texture": "#0"},
				"down": {"uv": [0, 0, 0, 4], "texture": "#0"}
			}
		},
		{
			"name": "hexadecagon",
			"from": [7, 28, 4.02175],
			"to": [9, 32, 11.97825],
			"rotation": {"angle": 22.5, "axis": "x", "origin": [8, 12, 8]},
			"faces": {
				"north": {"uv": [4, 7.625, 4.25, 8.125], "texture": "#0"},
				"east": {"uv": [6, 1, 7, 1.5], "texture": "#0"},
				"south": {"uv": [4.25, 7.625, 4.5, 8.125], "texture": "#0"},
				"west": {"uv": [6, 1.5, 7, 2], "texture": "#0"},
				"up": {"uv": [7.25, 7, 7, 6], "texture": "#0"},
				"down": {"uv": [6.5, 7, 6.25, 8], "texture": "#0"}
			}
		},
		{
			"name": "hexadecagon",
			"from": [7, 28, 4.02175],
			"to": [9, 32, 11.97825],
			"rotation": {"angle": 0, "axis": "x", "origin": [8, 12, 8]},
			"faces": {
				"north": {"uv": [7.75, 7.5, 7.5, 8], "texture": "#0"},
				"east": {"uv": [7, 0, 6, 0.5], "texture": "#0"},
				"south": {"uv": [7.75, 7, 7.5, 7.5], "texture": "#0"},
				"west": {"uv": [7, 0.5, 6, 1], "texture": "#0"},
				"up": {"uv": [6, 7, 5.75, 8], "texture": "#0"},
				"down": {"uv": [6.25, 8, 6, 7], "texture": "#0"}
			}
		},
		{
			"name": "hexadecagon",
			"from": [7, 28, 4.02175],
			"to": [9, 32, 11.97825],
			"rotation": {"angle": -22.5, "axis": "x", "origin": [8, 12, 8]},
			"faces": {
				"north": {"uv": [4.5, 7.625, 4.25, 8.125], "texture": "#0"},
				"east": {"uv": [7, 1, 6, 1.5], "texture": "#0"},
				"south": {"uv": [4.25, 7.625, 4, 8.125], "texture": "#0"},
				"west": {"uv": [7, 1.5, 6, 2], "texture": "#0"},
				"up": {"uv": [7.25, 6, 7, 7], "texture": "#0"},
				"down": {"uv": [6.5, 8, 6.25, 7], "texture": "#0"}
			}
		},
		{
			"name": "hexadecagon",
			"from": [7, 8.02175, -12],
			"to": [9, 15.97825, -8],
			"rotation": {"angle": 45, "axis": "x", "origin": [8, 12, 8]},
			"faces": {
				"north": {"uv": [4.5, 6.625, 4.25, 7.625], "texture": "#0"},
				"east": {"uv": [5.5, 0, 5, 1], "texture": "#0"},
				"south": {"uv": [4.25, 6.625, 4, 7.625], "texture": "#0"},
				"west": {"uv": [5.5, 1, 5, 2], "texture": "#0"},
				"up": {"uv": [7.5, 5.625, 7.25, 6.125], "texture": "#0"},
				"down": {"uv": [7.5, 6.625, 7.25, 6.125], "texture": "#0"}
			}
		},
		{
			"name": "hexadecagon",
			"from": [7, 8.02175, -12],
			"to": [9, 15.97825, -8],
			"rotation": {"angle": 22.5, "axis": "x", "origin": [8, 12, 8]},
			"faces": {
				"north": {"uv": [5, 6.625, 4.75, 7.625], "texture": "#0"},
				"east": {"uv": [5.5, 2, 5, 3], "texture": "#0"},
				"south": {"uv": [4.75, 6.625, 4.5, 7.625], "texture": "#0"},
				"west": {"uv": [5.5, 3, 5, 4], "texture": "#0"},
				"up": {"uv": [7.5, 6.625, 7.25, 7.125], "texture": "#0"},
				"down": {"uv": [7.5, 7.625, 7.25, 7.125], "texture": "#0"}
			}
		},
		{
			"name": "hexadecagon",
			"from": [7, 8.02175, -12],
			"to": [9, 15.97825, -8],
			"rotation": {"angle": 0, "axis": "x", "origin": [8, 12, 8]},
			"faces": {
				"north": {"uv": [7, 2, 6.75, 3], "texture": "#0"},
				"east": {"uv": [4.5, 5, 4, 6], "texture": "#0"},
				"south": {"uv": [5.25, 6.625, 5, 7.625], "texture": "#0"},
				"west": {"uv": [5.5, 4, 5, 5], "texture": "#0"},
				"up": {"uv": [7.75, 0, 7.5, 0.5], "texture": "#0"},
				"down": {"uv": [7.75, 1, 7.5, 0.5], "texture": "#0"}
			}
		},
		{
			"name": "hexadecagon",
			"from": [7, 8.02175, -12],
			"to": [9, 15.97825, -8],
			"rotation": {"angle": -22.5, "axis": "x", "origin": [8, 12, 8]},
			"faces": {
				"north": {"uv": [7, 4, 6.75, 5], "texture": "#0"},
				"east": {"uv": [5, 5, 4.5, 6], "texture": "#0"},
				"south": {"uv": [7, 3, 6.75, 4], "texture": "#0"},
				"west": {"uv": [5.5, 5, 5, 6], "texture": "#0"},
				"up": {"uv": [7.75, 1, 7.5, 1.5], "texture": "#0"},
				"down": {"uv": [7.75, 2, 7.5, 1.5], "texture": "#0"}
			}
		},
		{
			"name": "hexadecagon",
			"from": [7, 8.02175, -12],
			"to": [9, 15.97825, -8],
			"rotation": {"angle": -45, "axis": "x", "origin": [8, 12, 8]},
			"faces": {
				"north": {"uv": [7, 6, 6.75, 7], "texture": "#0"},
				"east": {"uv": [6, 0, 5.5, 1], "texture": "#0"},
				"south": {"uv": [7, 5, 6.75, 6], "texture": "#0"},
				"west": {"uv": [6, 1, 5.5, 2], "texture": "#0"},
				"up": {"uv": [7.75, 2, 7.5, 2.5], "texture": "#0"},
				"down": {"uv": [7.75, 3, 7.5, 2.5], "texture": "#0"}
			}
		},
		{
			"name": "hexadecagon",
			"from": [7, -8, 4.02175],
			"to": [9, -4, 11.97825],
			"rotation": {"angle": 22.5, "axis": "x", "origin": [8, 12, 8]},
			"faces": {
				"north": {"uv": [7.75, 3.5, 7.5, 4], "texture": "#0"},
				"east": {"uv": [6.5, 2, 5.5, 2.5], "texture": "#0"},
				"south": {"uv": [7.75, 3, 7.5, 3.5], "texture": "#0"},
				"west": {"uv": [6.5, 2.5, 5.5, 3], "texture": "#0"},
				"up": {"uv": [7.25, 0, 7, 1], "texture": "#0"},
				"down": {"uv": [7.25, 2, 7, 1], "texture": "#0"}
			}
		},
		{
			"from": [7, 12.075, 19.575],
			"to": [9, 13.925, 21.425],
			"rotation": {"angle": 0, "axis": "y", "origin": [8, 11, 8]},
			"faces": {
				"north": {"uv": [4.5, 7.625, 4.75, 7.875], "texture": "#0"},
				"east": {"uv": [4.75, 7.625, 5, 7.875], "texture": "#0"},
				"south": {"uv": [5, 7.625, 5.25, 7.875], "texture": "#0"},
				"west": {"uv": [6.5, 7.625, 6.75, 7.875], "texture": "#0"},
				"up": {"uv": [7, 7.875, 6.75, 7.625], "texture": "#0"},
				"down": {"uv": [7.25, 7.625, 7, 7.875], "texture": "#0"}
			}
		},
		{
			"from": [7, -0.925, 7.075],
			"to": [9, 0.925, 8.925],
			"rotation": {"angle": 0, "axis": "y", "origin": [8, 6, 8]},
			"faces": {
				"north": {"uv": [7.25, 7.625, 7.5, 7.875], "texture": "#0"},
				"east": {"uv": [7.75, 0, 8, 0.25], "texture": "#0"},
				"south": {"uv": [7.75, 0.25, 8, 0.5], "texture": "#0"},
				"west": {"uv": [7.75, 0.5, 8, 0.75], "texture": "#0"},
				"up": {"uv": [8, 1, 7.75, 0.75], "texture": "#0"},
				"down": {"uv": [8, 1, 7.75, 1.25], "texture": "#0"}
			}
		},
		{
			"from": [7, 12.075, -5.425],
			"to": [9, 13.925, -3.575],
			"rotation": {"angle": 0, "axis": "y", "origin": [8, 11, 8]},
			"faces": {
				"north": {"uv": [7.75, 2.75, 8, 3], "texture": "#0"},
				"east": {"uv": [7.75, 3, 8, 3.25], "texture": "#0"},
				"south": {"uv": [7.75, 3.25, 8, 3.5], "texture": "#0"},
				"west": {"uv": [7.75, 3.5, 8, 3.75], "texture": "#0"},
				"up": {"uv": [8, 4, 7.75, 3.75], "texture": "#0"},
				"down": {"uv": [8, 4, 7.75, 4.25], "texture": "#0"}
			}
		},
		{
			"from": [7, 10.575, 5.575],
			"to": [9, 15.425, 10.425],
			"rotation": {"angle": -22.5, "axis": "x", "origin": [8, 13, 8]},
			"faces": {
				"north": {"uv": [6.5, 7, 6.75, 7.625], "texture": "#0"},
				"east": {"uv": [4, 6, 4.625, 6.625], "texture": "#0"},
				"south": {"uv": [6.75, 7, 7, 7.625], "texture": "#0"},
				"west": {"uv": [4.625, 6, 5.25, 6.625], "texture": "#0"},
				"up": {"uv": [7.25, 7.625, 7, 7], "texture": "#0"},
				"down": {"uv": [7.5, 0, 7.25, 0.625], "texture": "#0"}
			}
		},
		{
			"from": [7, 24.075, 7.075],
			"to": [9, 25.925, 8.925],
			"rotation": {"angle": 0, "axis": "y", "origin": [8, 11, 8]},
			"faces": {
				"north": {"uv": [7.75, 1.25, 8, 1.5], "texture": "#0"},
				"east": {"uv": [7.75, 1.5, 8, 1.75], "texture": "#0"},
				"south": {"uv": [7.75, 1.75, 8, 2], "texture": "#0"},
				"west": {"uv": [7.75, 2, 8, 2.25], "texture": "#0"},
				"up": {"uv": [8, 2.5, 7.75, 2.25], "texture": "#0"},
				"down": {"uv": [8, 2.5, 7.75, 2.75], "texture": "#0"}
			}
		},
		{
			"from": [7.001, 2.51534, 7.01902],
			"to": [8.999, 13.36334, 8.61702],
			"rotation": {"angle": 22.5, "axis": "x", "origin": [8, 13.18198, 7.81802]},
			"faces": {
				"north": {"uv": [7.75, 1.75, 8, 2], "rotation": 180, "texture": "#0"},
				"east": {"uv": [7.75, 1.5, 8, 1.75], "rotation": 180, "texture": "#0"},
				"south": {"uv": [7.75, 1.25, 8, 1.5], "rotation": 180, "texture": "#0"},
				"west": {"uv": [7.75, 2, 8, 2.25], "rotation": 180, "texture": "#0"},
				"up": {"uv": [8, 2.5, 7.75, 2.75], "texture": "#0"},
				"down": {"uv": [8, 2.5, 7.75, 2.25], "texture": "#0"}
			}
		},
		{
			"from": [7, 2.58972, 15.56028],
			"to": [9, 4.43972, 17.41028],
			"rotation": {"angle": 0, "axis": "x", "origin": [8, 3.51472, 16.48528]},
			"faces": {
				"north": {"uv": [6.5, 7.875, 6.75, 8.125], "texture": "#0"},
				"east": {"uv": [6.75, 7.875, 7, 8.125], "texture": "#0"},
				"south": {"uv": [7, 7.875, 7.25, 8.125], "texture": "#0"},
				"west": {"uv": [7.25, 7.875, 7.5, 8.125], "texture": "#0"},
				"up": {"uv": [0.25, 8.25, 0, 8], "texture": "#0"},
				"down": {"uv": [8.25, 0, 8, 0.25], "texture": "#0"}
			}
		},
		{
			"from": [7, 2.23617, -1.76383],
			"to": [9, 4.08617, 0.08617],
			"rotation": {"angle": 0, "axis": "x", "origin": [8, 3.16117, -0.83883]},
			"faces": {
				"north": {"uv": [7.75, 7.25, 8, 7.5], "texture": "#0"},
				"east": {"uv": [7.75, 7.5, 8, 7.75], "texture": "#0"},
				"south": {"uv": [7.75, 7.75, 8, 8], "texture": "#0"},
				"west": {"uv": [4.5, 7.875, 4.75, 8.125], "texture": "#0"},
				"up": {"uv": [5, 8.125, 4.75, 7.875], "texture": "#0"},
				"down": {"uv": [5.25, 7.875, 5, 8.125], "texture": "#0"}
			}
		},
		{
			"from": [7, 20.91383, 15.91383],
			"to": [9, 22.76383, 17.76383],
			"rotation": {"angle": 0, "axis": "x", "origin": [8, 21.83883, 16.83883]},
			"faces": {
				"north": {"uv": [7.75, 5.75, 8, 6], "texture": "#0"},
				"east": {"uv": [7.75, 6, 8, 6.25], "texture": "#0"},
				"south": {"uv": [7.75, 6.25, 8, 6.5], "texture": "#0"},
				"west": {"uv": [7.75, 6.5, 8, 6.75], "texture": "#0"},
				"up": {"uv": [8, 7, 7.75, 6.75], "texture": "#0"},
				"down": {"uv": [8, 7, 7.75, 7.25], "texture": "#0"}
			}
		},
		{
			"from": [7, 20.56028, -1.41028],
			"to": [9, 22.41028, 0.43972],
			"rotation": {"angle": 0, "axis": "x", "origin": [8, 21.48528, -0.48528]},
			"faces": {
				"north": {"uv": [7.75, 4.25, 8, 4.5], "texture": "#0"},
				"east": {"uv": [7.75, 4.5, 8, 4.75], "texture": "#0"},
				"south": {"uv": [7.75, 4.75, 8, 5], "texture": "#0"},
				"west": {"uv": [7.75, 5, 8, 5.25], "texture": "#0"},
				"up": {"uv": [8, 5.5, 7.75, 5.25], "texture": "#0"},
				"down": {"uv": [8, 5.5, 7.75, 5.75], "texture": "#0"}
			}
		}
	],
	"display": {
		"thirdperson_righthand": {
			"rotation": [69, 0, 0],
			"translation": [-0.75, 2, -2],
			"scale": [0.34375, 0.34375, 0.34375]
		},
		"thirdperson_lefthand": {
			"rotation": [69, 0, 0],
			"translation": [-0.75, 2, -2],
			"scale": [0.34375, 0.34375, 0.34375]
		},
		"firstperson_righthand": {
			"rotation": [0, 0, -21.75],
			"scale": [0.33008, 0.33008, 0.33008]
		},
		"firstperson_lefthand": {
			"rotation": [0, 0, -21.75],
			"scale": [0.33008, 0.33008, 0.33008]
		},
		"ground": {
			"translation": [0, 5.5, 0],
			"scale": [0.2793, 0.2793, 0.2793]
		},
		"gui": {
			"rotation": [0, 90, 0],
			"translation": [0, -1.5, 0],
			"scale": [0.34375, 0.34375, 0.34375]
		},
		"head": {
			"rotation": [0, -90, 0],
			"translation": [0, 80, 0],
			"scale": [4, 4, 4]
		},
		"fixed": {
			"rotation": [0, 90, 0],
			"translation": [0, -5, 0]
		}
	},
	"groups": [
		{
			"name": "hexadecagon",
			"origin": [8, 8, 8],
			"color": 0,
			"nbt": "{}",
			"children": [0, 1, 2, 3, 4, 5, 6, 7, 8, 9, 10, 11, 12, 13, 14, 15, 16]
		},
		17,
		18,
		19,
		20,
		21,
		22,
		23,
		24,
		25,
		26
	]
}