{
	"credit": "EnumXyZB",
	"textures": {
		"0": "./main"
	},
	"elements": [
		{
			"from": [6, 9.75, 7.875],
			"to": [7, 10.5, 8.225],
			"rotation": {"angle": 0, "axis": "y", "origin": [-2.5, 0, 7.875]},
			"faces": {
				"north": {"uv": [1.5, 0, 0.5, 0.75], "texture": "#0"},
				"east": {"uv": [1.25, 0, 1.5, 0.75], "texture": "#0"},
				"south": {"uv": [0.5, 0, 1.5, 0.75], "texture": "#0"},
				"west": {"uv": [0.5, 0, 0.75, 0.75], "texture": "#0"},
				"up": {"uv": [0.5, 0, 1.5, 0.25], "texture": "#0"},
				"down": {"uv": [0.5, 0.5, 1.5, 0.75], "texture": "#0"}
			}
		},
		{
			"from": [7.25, 10.25, 7.875],
			"to": [8.75, 10.5, 8.225],
			"rotation": {"angle": 0, "axis": "y", "origin": [-2.5, 0, 7.875]},
			"faces": {
				"north": {"uv": [3.25, 0, 1.75, 0.25], "texture": "#0"},
				"east": {"uv": [3, 0, 3.25, 0.25], "texture": "#0"},
				"south": {"uv": [1.75, 0, 3.25, 0.25], "texture": "#0"},
				"west": {"uv": [1.75, 0, 2, 0.25], "texture": "#0"},
				"up": {"uv": [1.75, 0, 3.25, 0.25], "texture": "#0"},
				"down": {"uv": [1.75, 0, 3.25, 0.25], "texture": "#0"}
			}
		},
		{
			"from": [9, 9.75, 7.875],
			"to": [10, 10.5, 8.225],
			"rotation": {"angle": 0, "axis": "y", "origin": [-2.5, 0, 7.875]},
			"faces": {
				"north": {"uv": [4.5, 0, 3.5, 0.75], "texture": "#0"},
				"east": {"uv": [4.25, 0, 4.5, 0.75], "texture": "#0"},
				"south": {"uv": [3.5, 0, 4.5, 0.75], "texture": "#0"},
				"west": {"uv": [3.5, 0, 3.75, 0.75], "texture": "#0"},
				"up": {"uv": [3.5, 0, 4.5, 0.25], "texture": "#0"},
				"down": {"uv": [3.5, 0.5, 4.5, 0.75], "texture": "#0"}
			}
		},
		{
			"from": [7, 8.75, 7.875],
			"to": [7.25, 10.25, 8.225],
			"rotation": {"angle": 0, "axis": "y", "origin": [-2.5, 0, 7.875]},
			"faces": {
				"north": {"uv": [1.75, 0.25, 1.5, 1.75], "texture": "#0"},
				"east": {"uv": [1.5, 0.25, 1.75, 1.75], "texture": "#0"},
				"south": {"uv": [1.5, 0.25, 1.75, 1.75], "texture": "#0"},
				"west": {"uv": [1.5, 0.25, 1.75, 1.75], "texture": "#0"},
				"up": {"uv": [1.5, 0.25, 1.75, 0.5], "texture": "#0"},
				"down": {"uv": [1.5, 1.5, 1.75, 1.75], "texture": "#0"}
			}
		},
		{
			"from": [7.5, 10, 7.875],
			"to": [8.5, 10.25, 8.225],
			"rotation": {"angle": 0, "axis": "y", "origin": [-2.5, 0, 7.875]},
			"faces": {
				"north": {"uv": [3, 0.25, 2, 0.5], "texture": "#0"},
				"east": {"uv": [2.75, 0.25, 3, 0.5], "texture": "#0"},
				"south": {"uv": [2, 0.25, 3, 0.5], "texture": "#0"},
				"west": {"uv": [2, 0.25, 2.25, 0.5], "texture": "#0"},
				"up": {"uv": [2, 0.25, 3, 0.5], "texture": "#0"},
				"down": {"uv": [2, 0.25, 3, 0.5], "texture": "#0"}
			}
		},
		{
			"from": [8.75, 8.75, 7.875],
			"to": [9, 10.25, 8.225],
			"rotation": {"angle": 0, "axis": "y", "origin": [-2.5, 0, 7.875]},
			"faces": {
				"north": {"uv": [3.5, 0.25, 3.25, 1.75], "texture": "#0"},
				"east": {"uv": [3.25, 0.25, 3.5, 1.75], "texture": "#0"},
				"south": {"uv": [3.25, 0.25, 3.5, 1.75], "texture": "#0"},
				"west": {"uv": [3.25, 0.25, 3.5, 1.75], "texture": "#0"},
				"up": {"uv": [3.25, 0.25, 3.5, 0.5], "texture": "#0"},
				"down": {"uv": [3.25, 1.5, 3.5, 1.75], "texture": "#0"}
			}
		},
		{
			"from": [7.25, 9.5, 7.875],
			"to": [7.5, 10, 8.225],
			"rotation": {"angle": 0, "axis": "y", "origin": [-2.5, 0, 7.875]},
			"faces": {
				"north": {"uv": [2, 0.5, 1.75, 1], "texture": "#0"},
				"east": {"uv": [1.75, 0.5, 2, 1], "texture": "#0"},
				"south": {"uv": [1.75, 0.5, 2, 1], "texture": "#0"},
				"west": {"uv": [1.75, 0.5, 2, 1], "texture": "#0"},
				"up": {"uv": [1.75, 0.5, 2, 0.75], "texture": "#0"},
				"down": {"uv": [1.75, 0.75, 2, 1], "texture": "#0"}
			}
		},
		{
			"from": [7.75, 6.75, 7.875],
			"to": [8.25, 10, 8.225],
			"rotation": {"angle": 0, "axis": "y", "origin": [-2.5, 0, 7.875]},
			"faces": {
				"north": {"uv": [2.75, 0.5, 2.25, 3.75], "texture": "#0"},
				"east": {"uv": [2.5, 0.5, 2.75, 3.75], "texture": "#0"},
				"south": {"uv": [2.25, 0.5, 2.75, 3.75], "texture": "#0"},
				"west": {"uv": [2.25, 0.5, 2.5, 3.75], "texture": "#0"},
				"up": {"uv": [2.25, 0.5, 2.75, 0.75], "texture": "#0"},
				"down": {"uv": [2.25, 3.5, 2.75, 3.75], "texture": "#0"}
			}
		},
		{
			"from": [8.5, 9.5, 7.875],
			"to": [8.75, 10, 8.225],
			"rotation": {"angle": 0, "axis": "y", "origin": [-2.5, 0, 7.875]},
			"faces": {
				"north": {"uv": [3.25, 0.5, 3, 1], "texture": "#0"},
				"east": {"uv": [3, 0.5, 3.25, 1], "texture": "#0"},
				"south": {"uv": [3, 0.5, 3.25, 1], "texture": "#0"},
				"west": {"uv": [3, 0.5, 3.25, 1], "texture": "#0"},
				"up": {"uv": [3, 0.5, 3.25, 0.75], "texture": "#0"},
				"down": {"uv": [3, 0.75, 3.25, 1], "texture": "#0"}
			}
		},
		{
			"from": [5.75, 11.7, 8.01],
			"to": [6.75, 13.2, 8.04],
			"rotation": {"angle": 22.5, "axis": "z", "origin": [6.7, 11.5, 7.875]},
			"faces": {
				"north": {"uv": [6.75, 0.5, 5.75, 2], "texture": "#0"},
				"east": {"uv": [6.5, 0.5, 6.75, 2], "texture": "#0"},
				"south": {"uv": [5.75, 0.5, 6.75, 2], "texture": "#0"},
				"west": {"uv": [5.75, 0.5, 6, 2], "texture": "#0"},
				"up": {"uv": [5.75, 0.5, 6.75, 0.75], "texture": "#0"},
				"down": {"uv": [5.75, 1.75, 6.75, 2], "texture": "#0"}
			}
		},
		{
			"from": [9.25, 11.7, 8.01],
			"to": [10.25, 13.2, 8.04],
			"rotation": {"angle": -22.5, "axis": "z", "origin": [9.3, 11.5, 7.875]},
			"faces": {
				"north": {"uv": [9.25, 0.5, 8.25, 2], "texture": "#0"},
				"east": {"uv": [9, 0.5, 9.25, 2], "texture": "#0"},
				"south": {"uv": [8.25, 0.5, 9.25, 2], "texture": "#0"},
				"west": {"uv": [8.25, 0.5, 8.5, 2], "texture": "#0"},
				"up": {"uv": [8.25, 0.5, 9.25, 0.75], "texture": "#0"},
				"down": {"uv": [8.25, 1.75, 9.25, 2], "texture": "#0"}
			}
		},
		{
			"from": [6, 9.5, 7.875],
			"to": [6.5, 9.75, 8.225],
			"rotation": {"angle": 0, "axis": "y", "origin": [-2.5, 0, 7.875]},
			"faces": {
				"north": {"uv": [1, 0.75, 0.5, 1], "texture": "#0"},
				"east": {"uv": [0.75, 0.75, 1, 1], "texture": "#0"},
				"south": {"uv": [0.5, 0.75, 1, 1], "texture": "#0"},
				"west": {"uv": [0.5, 0.75, 0.75, 1], "texture": "#0"},
				"up": {"uv": [0.5, 0.75, 1, 1], "texture": "#0"},
				"down": {"uv": [0.5, 0.75, 1, 1], "texture": "#0"}
			}
		},
		{
			"from": [6.75, 9, 7.875],
			"to": [7, 9.75, 8.225],
			"rotation": {"angle": 0, "axis": "y", "origin": [-2.5, 0, 7.875]},
			"faces": {
				"north": {"uv": [1.5, 0.75, 1.25, 1.5], "texture": "#0"},
				"east": {"uv": [1.25, 0.75, 1.5, 1.5], "texture": "#0"},
				"south": {"uv": [1.25, 0.75, 1.5, 1.5], "texture": "#0"},
				"west": {"uv": [1.25, 0.75, 1.5, 1.5], "texture": "#0"},
				"up": {"uv": [1.25, 0.75, 1.5, 1], "texture": "#0"},
				"down": {"uv": [1.25, 1.25, 1.5, 1.5], "texture": "#0"}
			}
		},
		{
			"from": [7.5, 9.25, 7.875],
			"to": [7.75, 9.75, 8.225],
			"rotation": {"angle": 0, "axis": "y", "origin": [-2.5, 0, 7.875]},
			"faces": {
				"north": {"uv": [2.25, 0.75, 2, 1.25], "texture": "#0"},
				"east": {"uv": [2, 0.75, 2.25, 1.25], "texture": "#0"},
				"south": {"uv": [2, 0.75, 2.25, 1.25], "texture": "#0"},
				"west": {"uv": [2, 0.75, 2.25, 1.25], "texture": "#0"},
				"up": {"uv": [2, 0.75, 2.25, 1], "texture": "#0"},
				"down": {"uv": [2, 1, 2.25, 1.25], "texture": "#0"}
			}
		},
		{
			"from": [8.25, 9.25, 7.875],
			"to": [8.5, 9.75, 8.225],
			"rotation": {"angle": 0, "axis": "y", "origin": [-2.5, 0, 7.875]},
			"faces": {
				"north": {"uv": [3, 0.75, 2.75, 1.25], "texture": "#0"},
				"east": {"uv": [2.75, 0.75, 3, 1.25], "texture": "#0"},
				"south": {"uv": [2.75, 0.75, 3, 1.25], "texture": "#0"},
				"west": {"uv": [2.75, 0.75, 3, 1.25], "texture": "#0"},
				"up": {"uv": [2.75, 0.75, 3, 1], "texture": "#0"},
				"down": {"uv": [2.75, 1, 3, 1.25], "texture": "#0"}
			}
		},
		{
			"from": [9, 9, 7.875],
			"to": [9.25, 9.75, 8.225],
			"rotation": {"angle": 0, "axis": "y", "origin": [-2.5, 0, 7.875]},
			"faces": {
				"north": {"uv": [3.75, 0.75, 3.5, 1.5], "texture": "#0"},
				"east": {"uv": [3.5, 0.75, 3.75, 1.5], "texture": "#0"},
				"south": {"uv": [3.5, 0.75, 3.75, 1.5], "texture": "#0"},
				"west": {"uv": [3.5, 0.75, 3.75, 1.5], "texture": "#0"},
				"up": {"uv": [3.5, 0.75, 3.75, 1], "texture": "#0"},
				"down": {"uv": [3.5, 1.25, 3.75, 1.5], "texture": "#0"}
			}
		},
		{
			"from": [9.5, 9.5, 7.875],
			"to": [10, 9.75, 8.225],
			"rotation": {"angle": 0, "axis": "y", "origin": [-2.5, 0, 7.875]},
			"faces": {
				"north": {"uv": [4.5, 0.75, 4, 1], "texture": "#0"},
				"east": {"uv": [4.25, 0.75, 4.5, 1], "texture": "#0"},
				"south": {"uv": [4, 0.75, 4.5, 1], "texture": "#0"},
				"west": {"uv": [4, 0.75, 4.25, 1], "texture": "#0"},
				"up": {"uv": [4, 0.75, 4.5, 1], "texture": "#0"},
				"down": {"uv": [4, 0.75, 4.5, 1], "texture": "#0"}
			}
		},
		{
			"from": [6, 6.5, 7.875],
			"to": [6.25, 9.5, 8.225],
			"rotation": {"angle": 0, "axis": "y", "origin": [-2.5, 0, 7.875]},
			"faces": {
				"north": {"uv": [0.75, 1, 0.5, 4], "texture": "#0"},
				"east": {"uv": [0.5, 1, 0.75, 4], "texture": "#0"},
				"south": {"uv": [0.5, 1, 0.75, 4], "texture": "#0"},
				"west": {"uv": [0.5, 1, 0.75, 4], "texture": "#0"},
				"up": {"uv": [0.5, 1, 0.75, 1.25], "texture": "#0"},
				"down": {"uv": [0.5, 3.75, 0.75, 4], "texture": "#0"}
			}
		},
		{
			"from": [6.5, 9.25, 7.875],
			"to": [6.75, 9.5, 8.225],
			"rotation": {"angle": 0, "axis": "y", "origin": [-2.5, 0, 7.875]},
			"faces": {
				"north": {"uv": [1.25, 1, 1, 1.25], "texture": "#0"},
				"east": {"uv": [1, 1, 1.25, 1.25], "texture": "#0"},
				"south": {"uv": [1, 1, 1.25, 1.25], "texture": "#0"},
				"west": {"uv": [1, 1, 1.25, 1.25], "texture": "#0"},
				"up": {"uv": [1, 1, 1.25, 1.25], "texture": "#0"},
				"down": {"uv": [1, 1, 1.25, 1.25], "texture": "#0"}
			}
		},
		{
			"from": [9.25, 9.25, 7.875],
			"to": [9.5, 9.5, 8.225],
			"rotation": {"angle": 0, "axis": "y", "origin": [-2.5, 0, 7.875]},
			"faces": {
				"north": {"uv": [4, 1, 3.75, 1.25], "texture": "#0"},
				"east": {"uv": [3.75, 1, 4, 1.25], "texture": "#0"},
				"south": {"uv": [3.75, 1, 4, 1.25], "texture": "#0"},
				"west": {"uv": [3.75, 1, 4, 1.25], "texture": "#0"},
				"up": {"uv": [3.75, 1, 4, 1.25], "texture": "#0"},
				"down": {"uv": [3.75, 1, 4, 1.25], "texture": "#0"}
			}
		},
		{
			"from": [9.75, 6.5, 7.875],
			"to": [10, 9.5, 8.225],
			"rotation": {"angle": 0, "axis": "y", "origin": [-2.5, 0, 7.875]},
			"faces": {
				"north": {"uv": [4.5, 1, 4.25, 4], "texture": "#0"},
				"east": {"uv": [4.25, 1, 4.5, 4], "texture": "#0"},
				"south": {"uv": [4.25, 1, 4.5, 4], "texture": "#0"},
				"west": {"uv": [4.25, 1, 4.5, 4], "texture": "#0"},
				"up": {"uv": [4.25, 1, 4.5, 1.25], "texture": "#0"},
				"down": {"uv": [4.25, 3.75, 4.5, 4], "texture": "#0"}
			}
		},
		{
			"from": [7.25, 8.75, 7.875],
			"to": [7.5, 9.25, 8.225],
			"rotation": {"angle": 0, "axis": "y", "origin": [-2.5, 0, 7.875]},
			"faces": {
				"north": {"uv": [2, 1.25, 1.75, 1.75], "texture": "#0"},
				"east": {"uv": [1.75, 1.25, 2, 1.75], "texture": "#0"},
				"south": {"uv": [1.75, 1.25, 2, 1.75], "texture": "#0"},
				"west": {"uv": [1.75, 1.25, 2, 1.75], "texture": "#0"},
				"up": {"uv": [1.75, 1.25, 2, 1.5], "texture": "#0"},
				"down": {"uv": [1.75, 1.5, 2, 1.75], "texture": "#0"}
			}
		},
		{
			"from": [8.5, 8.75, 7.875],
			"to": [8.75, 9.25, 8.225],
			"rotation": {"angle": 0, "axis": "y", "origin": [-2.5, 0, 7.875]},
			"faces": {
				"north": {"uv": [3.25, 1.25, 3, 1.75], "texture": "#0"},
				"east": {"uv": [3, 1.25, 3.25, 1.75], "texture": "#0"},
				"south": {"uv": [3, 1.25, 3.25, 1.75], "texture": "#0"},
				"west": {"uv": [3, 1.25, 3.25, 1.75], "texture": "#0"},
				"up": {"uv": [3, 1.25, 3.25, 1.5], "texture": "#0"},
				"down": {"uv": [3, 1.5, 3.25, 1.75], "texture": "#0"}
			}
		},
		{
			"from": [5.5, 7.5, 7.875],
			"to": [6, 9, 8.225],
			"rotation": {"angle": 0, "axis": "y", "origin": [-2.5, 0, 7.875]},
			"faces": {
				"north": {"uv": [0.5, 1.5, 0, 3], "texture": "#0"},
				"east": {"uv": [0.25, 1.5, 0.5, 3], "texture": "#0"},
				"south": {"uv": [0, 1.5, 0.5, 3], "texture": "#0"},
				"west": {"uv": [0, 1.5, 0.25, 3], "texture": "#0"},
				"up": {"uv": [0, 1.5, 0.5, 1.75], "texture": "#0"},
				"down": {"uv": [0, 2.75, 0.5, 3], "texture": "#0"}
			}
		},
		{
			"from": [6.25, 8.75, 7.875],
			"to": [6.5, 9, 8.225],
			"rotation": {"angle": 0, "axis": "y", "origin": [-2.5, 0, 7.875]},
			"faces": {
				"north": {"uv": [1, 1.5, 0.75, 1.75], "texture": "#0"},
				"east": {"uv": [0.75, 1.5, 1, 1.75], "texture": "#0"},
				"south": {"uv": [0.75, 1.5, 1, 1.75], "texture": "#0"},
				"west": {"uv": [0.75, 1.5, 1, 1.75], "texture": "#0"},
				"up": {"uv": [0.75, 1.5, 1, 1.75], "texture": "#0"},
				"down": {"uv": [0.75, 1.5, 1, 1.75], "texture": "#0"}
			}
		},
		{
			"from": [7.5, 8.5, 7.875],
			"to": [7.75, 9, 8.225],
			"rotation": {"angle": 0, "axis": "y", "origin": [-2.5, 0, 7.875]},
			"faces": {
				"north": {"uv": [2.25, 1.5, 2, 2], "texture": "#0"},
				"east": {"uv": [2, 1.5, 2.25, 2], "texture": "#0"},
				"south": {"uv": [2, 1.5, 2.25, 2], "texture": "#0"},
				"west": {"uv": [2, 1.5, 2.25, 2], "texture": "#0"},
				"up": {"uv": [2, 1.5, 2.25, 1.75], "texture": "#0"},
				"down": {"uv": [2, 1.75, 2.25, 2], "texture": "#0"}
			}
		},
		{
			"from": [8.25, 8.5, 7.875],
			"to": [8.5, 9, 8.225],
			"rotation": {"angle": 0, "axis": "y", "origin": [-2.5, 0, 7.875]},
			"faces": {
				"north": {"uv": [3, 1.5, 2.75, 2], "texture": "#0"},
				"east": {"uv": [2.75, 1.5, 3, 2], "texture": "#0"},
				"south": {"uv": [2.75, 1.5, 3, 2], "texture": "#0"},
				"west": {"uv": [2.75, 1.5, 3, 2], "texture": "#0"},
				"up": {"uv": [2.75, 1.5, 3, 1.75], "texture": "#0"},
				"down": {"uv": [2.75, 1.75, 3, 2], "texture": "#0"}
			}
		},
		{
			"from": [9.5, 8.75, 7.875],
			"to": [9.75, 9, 8.225],
			"rotation": {"angle": 0, "axis": "y", "origin": [-2.5, 0, 7.875]},
			"faces": {
				"north": {"uv": [4.25, 1.5, 4, 1.75], "texture": "#0"},
				"east": {"uv": [4, 1.5, 4.25, 1.75], "texture": "#0"},
				"south": {"uv": [4, 1.5, 4.25, 1.75], "texture": "#0"},
				"west": {"uv": [4, 1.5, 4.25, 1.75], "texture": "#0"},
				"up": {"uv": [4, 1.5, 4.25, 1.75], "texture": "#0"},
				"down": {"uv": [4, 1.5, 4.25, 1.75], "texture": "#0"}
			}
		},
		{
			"from": [10, 7.5, 7.875],
			"to": [10.5, 9, 8.225],
			"rotation": {"angle": 0, "axis": "y", "origin": [-2.5, 0, 7.875]},
			"faces": {
				"north": {"uv": [5, 1.5, 4.5, 3], "texture": "#0"},
				"east": {"uv": [4.75, 1.5, 5, 3], "texture": "#0"},
				"south": {"uv": [4.5, 1.5, 5, 3], "texture": "#0"},
				"west": {"uv": [4.5, 1.5, 4.75, 3], "texture": "#0"},
				"up": {"uv": [4.5, 1.5, 5, 1.75], "texture": "#0"},
				"down": {"uv": [4.5, 2.75, 5, 3], "texture": "#0"}
			}
		},
		{
			"from": [6.25, 7.5, 7.875],
			"to": [6.5, 8.25, 8.225],
			"rotation": {"angle": 0, "axis": "y", "origin": [-2.5, 0, 7.875]},
			"faces": {
				"north": {"uv": [1, 2.25, 0.75, 3], "texture": "#0"},
				"east": {"uv": [0.75, 2.25, 1, 3], "texture": "#0"},
				"south": {"uv": [0.75, 2.25, 1, 3], "texture": "#0"},
				"west": {"uv": [0.75, 2.25, 1, 3], "texture": "#0"},
				"up": {"uv": [0.75, 2.25, 1, 2.5], "texture": "#0"},
				"down": {"uv": [0.75, 2.75, 1, 3], "texture": "#0"}
			}
		},
		{
			"from": [6.75, 7.75, 7.875],
			"to": [7, 8.25, 8.225],
			"rotation": {"angle": 0, "axis": "y", "origin": [-2.5, 0, 7.875]},
			"faces": {
				"north": {"uv": [1.5, 2.25, 1.25, 2.75], "texture": "#0"},
				"east": {"uv": [1.25, 2.25, 1.5, 2.75], "texture": "#0"},
				"south": {"uv": [1.25, 2.25, 1.5, 2.75], "texture": "#0"},
				"west": {"uv": [1.25, 2.25, 1.5, 2.75], "texture": "#0"},
				"up": {"uv": [1.25, 2.25, 1.5, 2.5], "texture": "#0"},
				"down": {"uv": [1.25, 2.5, 1.5, 2.75], "texture": "#0"}
			}
		},
		{
			"from": [9, 7.75, 7.875],
			"to": [9.25, 8.25, 8.225],
			"rotation": {"angle": 0, "axis": "y", "origin": [-2.5, 0, 7.875]},
			"faces": {
				"north": {"uv": [3.75, 2.25, 3.5, 2.75], "texture": "#0"},
				"east": {"uv": [3.5, 2.25, 3.75, 2.75], "texture": "#0"},
				"south": {"uv": [3.5, 2.25, 3.75, 2.75], "texture": "#0"},
				"west": {"uv": [3.5, 2.25, 3.75, 2.75], "texture": "#0"},
				"up": {"uv": [3.5, 2.25, 3.75, 2.5], "texture": "#0"},
				"down": {"uv": [3.5, 2.5, 3.75, 2.75], "texture": "#0"}
			}
		},
		{
			"from": [9.5, 7.5, 7.875],
			"to": [9.75, 8.25, 8.225],
			"rotation": {"angle": 0, "axis": "y", "origin": [-2.5, 0, 7.875]},
			"faces": {
				"north": {"uv": [4.25, 2.25, 4, 3], "texture": "#0"},
				"east": {"uv": [4, 2.25, 4.25, 3], "texture": "#0"},
				"south": {"uv": [4, 2.25, 4.25, 3], "texture": "#0"},
				"west": {"uv": [4, 2.25, 4.25, 3], "texture": "#0"},
				"up": {"uv": [4, 2.25, 4.25, 2.5], "texture": "#0"},
				"down": {"uv": [4, 2.75, 4.25, 3], "texture": "#0"}
			}
		},
		{
			"from": [5.5, 10.25, 7.83],
			"to": [7, 11.75, 8.23],
			"rotation": {"angle": 22.5, "axis": "z", "origin": [6.7, 11.5, 7.875]},
			"faces": {
				"north": {"uv": [7, 2.25, 5.5, 3.75], "texture": "#0"},
				"east": {"uv": [6.75, 2.25, 7, 3.75], "texture": "#0"},
				"south": {"uv": [5.5, 2.25, 7, 3.75], "texture": "#0"},
				"west": {"uv": [5.5, 2.25, 5.75, 3.75], "texture": "#0"},
				"up": {"uv": [5.5, 2.25, 7, 2.5], "texture": "#0"},
				"down": {"uv": [5.5, 3.5, 7, 3.75], "texture": "#0"}
			}
		},
		{
			"from": [9, 10.25, 7.83],
			"to": [10.5, 11.75, 8.23],
			"rotation": {"angle": -22.5, "axis": "z", "origin": [9.3, 11.5, 7.875]},
			"faces": {
				"north": {"uv": [9.5, 2.25, 8, 3.75], "texture": "#0"},
				"east": {"uv": [9.25, 2.25, 9.5, 3.75], "texture": "#0"},
				"south": {"uv": [8, 2.25, 9.5, 3.75], "texture": "#0"},
				"west": {"uv": [8, 2.25, 8.25, 3.75], "texture": "#0"},
				"up": {"uv": [8, 2.25, 9.5, 2.5], "texture": "#0"},
				"down": {"uv": [8, 3.5, 9.5, 3.75], "texture": "#0"}
			}
		},
		{
			"from": [7, 7, 7.875],
			"to": [7.25, 8, 8.225],
			"rotation": {"angle": 0, "axis": "y", "origin": [-2.5, 0, 7.875]},
			"faces": {
				"north": {"uv": [1.75, 2.5, 1.5, 3.5], "texture": "#0"},
				"east": {"uv": [1.5, 2.5, 1.75, 3.5], "texture": "#0"},
				"south": {"uv": [1.5, 2.5, 1.75, 3.5], "texture": "#0"},
				"west": {"uv": [1.5, 2.5, 1.75, 3.5], "texture": "#0"},
				"up": {"uv": [1.5, 2.5, 1.75, 2.75], "texture": "#0"},
				"down": {"uv": [1.5, 3.25, 1.75, 3.5], "texture": "#0"}
			}
		},
		{
			"from": [8.75, 7, 7.875],
			"to": [9, 8, 8.225],
			"rotation": {"angle": 0, "axis": "y", "origin": [-2.5, 0, 7.875]},
			"faces": {
				"north": {"uv": [3.5, 2.5, 3.25, 3.5], "texture": "#0"},
				"east": {"uv": [3.25, 2.5, 3.5, 3.5], "texture": "#0"},
				"south": {"uv": [3.25, 2.5, 3.5, 3.5], "texture": "#0"},
				"west": {"uv": [3.25, 2.5, 3.5, 3.5], "texture": "#0"},
				"up": {"uv": [3.25, 2.5, 3.5, 2.75], "texture": "#0"},
				"down": {"uv": [3.25, 3.25, 3.5, 3.5], "texture": "#0"}
			}
		},
		{
			"from": [7.25, 7.25, 7.875],
			"to": [7.5, 7.75, 8.225],
			"rotation": {"angle": 0, "axis": "y", "origin": [-2.5, 0, 7.875]},
			"faces": {
				"north": {"uv": [2, 2.75, 1.75, 3.25], "texture": "#0"},
				"east": {"uv": [1.75, 2.75, 2, 3.25], "texture": "#0"},
				"south": {"uv": [1.75, 2.75, 2, 3.25], "texture": "#0"},
				"west": {"uv": [1.75, 2.75, 2, 3.25], "texture": "#0"},
				"up": {"uv": [1.75, 2.75, 2, 3], "texture": "#0"},
				"down": {"uv": [1.75, 3, 2, 3.25], "texture": "#0"}
			}
		},
		{
			"from": [8.5, 7.25, 7.875],
			"to": [8.75, 7.75, 8.225],
			"rotation": {"angle": 0, "axis": "y", "origin": [-2.5, 0, 7.875]},
			"faces": {
				"north": {"uv": [3.25, 2.75, 3, 3.25], "texture": "#0"},
				"east": {"uv": [3, 2.75, 3.25, 3.25], "texture": "#0"},
				"south": {"uv": [3, 2.75, 3.25, 3.25], "texture": "#0"},
				"west": {"uv": [3, 2.75, 3.25, 3.25], "texture": "#0"},
				"up": {"uv": [3, 2.75, 3.25, 3], "texture": "#0"},
				"down": {"uv": [3, 3, 3.25, 3.25], "texture": "#0"}
			}
		},
		{
			"from": [9.25, 7.25, 7.875],
			"to": [9.5, 7.75, 8.225],
			"rotation": {"angle": 0, "axis": "y", "origin": [-2.5, 0, 7.875]},
			"faces": {
				"north": {"uv": [4, 2.75, 3.75, 3.25], "texture": "#0"},
				"east": {"uv": [3.75, 2.75, 4, 3.25], "texture": "#0"},
				"south": {"uv": [3.75, 2.75, 4, 3.25], "texture": "#0"},
				"west": {"uv": [3.75, 2.75, 4, 3.25], "texture": "#0"},
				"up": {"uv": [3.75, 2.75, 4, 3], "texture": "#0"},
				"down": {"uv": [3.75, 3, 4, 3.25], "texture": "#0"}
			}
		},
		{
			"from": [6.75, 7.25, 7.875],
			"to": [7, 7.5, 8.225],
			"rotation": {"angle": 0, "axis": "y", "origin": [-2.5, 0, 7.875]},
			"faces": {
				"north": {"uv": [1.5, 3, 1.25, 3.25], "texture": "#0"},
				"east": {"uv": [1.25, 3, 1.5, 3.25], "texture": "#0"},
				"south": {"uv": [1.25, 3, 1.5, 3.25], "texture": "#0"},
				"west": {"uv": [1.25, 3, 1.5, 3.25], "texture": "#0"},
				"up": {"uv": [1.25, 3, 1.5, 3.25], "texture": "#0"},
				"down": {"uv": [1.25, 3, 1.5, 3.25], "texture": "#0"}
			}
		},
		{
			"from": [7.5, 6.75, 7.875],
			"to": [7.75, 7.5, 8.225],
			"rotation": {"angle": 0, "axis": "y", "origin": [-2.5, 0, 7.875]},
			"faces": {
				"north": {"uv": [2.25, 3, 2, 3.75], "texture": "#0"},
				"east": {"uv": [2, 3, 2.25, 3.75], "texture": "#0"},
				"south": {"uv": [2, 3, 2.25, 3.75], "texture": "#0"},
				"west": {"uv": [2, 3, 2.25, 3.75], "texture": "#0"},
				"up": {"uv": [2, 3, 2.25, 3.25], "texture": "#0"},
				"down": {"uv": [2, 3.5, 2.25, 3.75], "texture": "#0"}
			}
		},
		{
			"from": [8.25, 6.75, 7.875],
			"to": [8.5, 7.5, 8.225],
			"rotation": {"angle": 0, "axis": "y", "origin": [-2.5, 0, 7.875]},
			"faces": {
				"north": {"uv": [3, 3, 2.75, 3.75], "texture": "#0"},
				"east": {"uv": [2.75, 3, 3, 3.75], "texture": "#0"},
				"south": {"uv": [2.75, 3, 3, 3.75], "texture": "#0"},
				"west": {"uv": [2.75, 3, 3, 3.75], "texture": "#0"},
				"up": {"uv": [2.75, 3, 3, 3.25], "texture": "#0"},
				"down": {"uv": [2.75, 3.5, 3, 3.75], "texture": "#0"}
			}
		},
		{
			"from": [9, 7.25, 7.875],
			"to": [9.25, 7.5, 8.225],
			"rotation": {"angle": 0, "axis": "y", "origin": [-2.5, 0, 7.875]},
			"faces": {
				"north": {"uv": [3.75, 3, 3.5, 3.25], "texture": "#0"},
				"east": {"uv": [3.5, 3, 3.75, 3.25], "texture": "#0"},
				"south": {"uv": [3.5, 3, 3.75, 3.25], "texture": "#0"},
				"west": {"uv": [3.5, 3, 3.75, 3.25], "texture": "#0"},
				"up": {"uv": [3.5, 3, 3.75, 3.25], "texture": "#0"},
				"down": {"uv": [3.5, 3, 3.75, 3.25], "texture": "#0"}
			}
		},
		{
			"from": [6.25, 6.5, 7.875],
			"to": [6.5, 7.25, 8.225],
			"rotation": {"angle": 0, "axis": "y", "origin": [-2.5, 0, 7.875]},
			"faces": {
				"north": {"uv": [1, 3.25, 0.75, 4], "texture": "#0"},
				"east": {"uv": [0.75, 3.25, 1, 4], "texture": "#0"},
				"south": {"uv": [0.75, 3.25, 1, 4], "texture": "#0"},
				"west": {"uv": [0.75, 3.25, 1, 4], "texture": "#0"},
				"up": {"uv": [0.75, 3.25, 1, 3.5], "texture": "#0"},
				"down": {"uv": [0.75, 3.75, 1, 4], "texture": "#0"}
			}
		},
		{
			"from": [9.5, 6.5, 7.875],
			"to": [9.75, 7.25, 8.225],
			"rotation": {"angle": 0, "axis": "y", "origin": [-2.5, 0, 7.875]},
			"faces": {
				"north": {"uv": [4.25, 3.25, 4, 4], "texture": "#0"},
				"east": {"uv": [4, 3.25, 4.25, 4], "texture": "#0"},
				"south": {"uv": [4, 3.25, 4.25, 4], "texture": "#0"},
				"west": {"uv": [4, 3.25, 4.25, 4], "texture": "#0"},
				"up": {"uv": [4, 3.25, 4.25, 3.5], "texture": "#0"},
				"down": {"uv": [4, 3.75, 4.25, 4], "texture": "#0"}
			}
		},
		{
			"from": [6.5, 6, 7.875],
			"to": [6.75, 7, 8.225],
			"rotation": {"angle": 0, "axis": "y", "origin": [-2.5, 0, 7.875]},
			"faces": {
				"north": {"uv": [1.25, 3.5, 1, 4.5], "texture": "#0"},
				"east": {"uv": [1, 3.5, 1.25, 4.5], "texture": "#0"},
				"south": {"uv": [1, 3.5, 1.25, 4.5], "texture": "#0"},
				"west": {"uv": [1, 3.5, 1.25, 4.5], "texture": "#0"},
				"up": {"uv": [1, 3.5, 1.25, 3.75], "texture": "#0"},
				"down": {"uv": [1, 4.25, 1.25, 4.5], "texture": "#0"}
			}
		},
		{
			"from": [9.25, 6, 7.875],
			"to": [9.5, 7, 8.225],
			"rotation": {"angle": 0, "axis": "y", "origin": [-2.5, 0, 7.875]},
			"faces": {
				"north": {"uv": [4, 3.5, 3.75, 4.5], "texture": "#0"},
				"east": {"uv": [3.75, 3.5, 4, 4.5], "texture": "#0"},
				"south": {"uv": [3.75, 3.5, 4, 4.5], "texture": "#0"},
				"west": {"uv": [3.75, 3.5, 4, 4.5], "texture": "#0"},
				"up": {"uv": [3.75, 3.5, 4, 3.75], "texture": "#0"},
				"down": {"uv": [3.75, 4.25, 4, 4.5], "texture": "#0"}
			}
		},
		{
			"from": [7, 6, 7.875],
			"to": [7.25, 6.75, 8.225],
			"rotation": {"angle": 0, "axis": "y", "origin": [-2.5, 0, 7.875]},
			"faces": {
				"north": {"uv": [1.75, 3.75, 1.5, 4.5], "texture": "#0"},
				"east": {"uv": [1.5, 3.75, 1.75, 4.5], "texture": "#0"},
				"south": {"uv": [1.5, 3.75, 1.75, 4.5], "texture": "#0"},
				"west": {"uv": [1.5, 3.75, 1.75, 4.5], "texture": "#0"},
				"up": {"uv": [1.5, 3.75, 1.75, 4], "texture": "#0"},
				"down": {"uv": [1.5, 4.25, 1.75, 4.5], "texture": "#0"}
			}
		},
		{
			"from": [8.75, 6, 7.875],
			"to": [9, 6.75, 8.225],
			"rotation": {"angle": 0, "axis": "y", "origin": [-2.5, 0, 7.875]},
			"faces": {
				"north": {"uv": [3.5, 3.75, 3.25, 4.5], "texture": "#0"},
				"east": {"uv": [3.25, 3.75, 3.5, 4.5], "texture": "#0"},
				"south": {"uv": [3.25, 3.75, 3.5, 4.5], "texture": "#0"},
				"west": {"uv": [3.25, 3.75, 3.5, 4.5], "texture": "#0"},
				"up": {"uv": [3.25, 3.75, 3.5, 4], "texture": "#0"},
				"down": {"uv": [3.25, 4.25, 3.5, 4.5], "texture": "#0"}
			}
		},
		{
			"from": [6.75, 6, 7.875],
			"to": [7, 6.5, 8.225],
			"rotation": {"angle": 0, "axis": "y", "origin": [-2.5, 0, 7.875]},
			"faces": {
				"north": {"uv": [1.5, 4, 1.25, 4.5], "texture": "#0"},
				"east": {"uv": [1.25, 4, 1.5, 4.5], "texture": "#0"},
				"south": {"uv": [1.25, 4, 1.5, 4.5], "texture": "#0"},
				"west": {"uv": [1.25, 4, 1.5, 4.5], "texture": "#0"},
				"up": {"uv": [1.25, 4, 1.5, 4.25], "texture": "#0"},
				"down": {"uv": [1.25, 4.25, 1.5, 4.5], "texture": "#0"}
			}
		},
		{
			"from": [7.5, 6, 7.875],
			"to": [8.5, 6.5, 8.225],
			"rotation": {"angle": 0, "axis": "y", "origin": [-2.5, 0, 7.875]},
			"faces": {
				"north": {"uv": [3, 4, 2, 4.5], "texture": "#0"},
				"east": {"uv": [2.75, 4, 3, 4.5], "texture": "#0"},
				"south": {"uv": [2, 4, 3, 4.5], "texture": "#0"},
				"west": {"uv": [2, 4, 2.25, 4.5], "texture": "#0"},
				"up": {"uv": [2, 4, 3, 4.25], "texture": "#0"},
				"down": {"uv": [2, 4.25, 3, 4.5], "texture": "#0"}
			}
		},
		{
			"from": [9, 6, 7.875],
			"to": [9.25, 6.5, 8.225],
			"rotation": {"angle": 0, "axis": "y", "origin": [-2.5, 0, 7.875]},
			"faces": {
				"north": {"uv": [3.75, 4, 3.5, 4.5], "texture": "#0"},
				"east": {"uv": [3.5, 4, 3.75, 4.5], "texture": "#0"},
				"south": {"uv": [3.5, 4, 3.75, 4.5], "texture": "#0"},
				"west": {"uv": [3.5, 4, 3.75, 4.5], "texture": "#0"},
				"up": {"uv": [3.5, 4, 3.75, 4.25], "texture": "#0"},
				"down": {"uv": [3.5, 4.25, 3.75, 4.5], "texture": "#0"}
			}
		},
		{
			"from": [7.25, 6, 7.875],
			"to": [7.5, 6.25, 8.225],
			"rotation": {"angle": 0, "axis": "y", "origin": [-2.5, 0, 7.875]},
			"faces": {
				"north": {"uv": [2, 4.25, 1.75, 4.5], "texture": "#0"},
				"east": {"uv": [1.75, 4.25, 2, 4.5], "texture": "#0"},
				"south": {"uv": [1.75, 4.25, 2, 4.5], "texture": "#0"},
				"west": {"uv": [1.75, 4.25, 2, 4.5], "texture": "#0"},
				"up": {"uv": [1.75, 4.25, 2, 4.5], "texture": "#0"},
				"down": {"uv": [1.75, 4.25, 2, 4.5], "texture": "#0"}
			}
		},
		{
			"from": [8.5, 6, 7.875],
			"to": [8.75, 6.25, 8.225],
			"rotation": {"angle": 0, "axis": "y", "origin": [-2.5, 0, 7.875]},
			"faces": {
				"north": {"uv": [3.25, 4.25, 3, 4.5], "texture": "#0"},
				"east": {"uv": [3, 4.25, 3.25, 4.5], "texture": "#0"},
				"south": {"uv": [3, 4.25, 3.25, 4.5], "texture": "#0"},
				"west": {"uv": [3, 4.25, 3.25, 4.5], "texture": "#0"},
				"up": {"uv": [3, 4.25, 3.25, 4.5], "texture": "#0"},
				"down": {"uv": [3, 4.25, 3.25, 4.5], "texture": "#0"}
			}
		},
		{
			"from": [7, 10.25, 7.825],
			"to": [7.25, 10.5, 8.225],
			"rotation": {"angle": 0, "axis": "y", "origin": [-2.5, 0, 7.875]},
			"faces": {
				"north": {"uv": [1.75, 5.5, 1.5, 5.75], "texture": "#0"},
				"east": {"uv": [1.5, 5.5, 1.75, 5.75], "texture": "#0"},
				"south": {"uv": [1.5, 5.5, 1.75, 5.75], "texture": "#0"},
				"west": {"uv": [1.5, 5.5, 1.75, 5.75], "texture": "#0"},
				"up": {"uv": [1.5, 5.5, 1.75, 5.75], "texture": "#0"},
				"down": {"uv": [1.5, 5.5, 1.75, 5.75], "texture": "#0"}
			}
		},
		{
			"from": [8.75, 10.25, 7.825],
			"to": [9, 10.5, 8.225],
			"rotation": {"angle": 0, "axis": "y", "origin": [-2.5, 0, 7.875]},
			"faces": {
				"north": {"uv": [3.5, 5.5, 3.25, 5.75], "texture": "#0"},
				"east": {"uv": [3.25, 5.5, 3.5, 5.75], "texture": "#0"},
				"south": {"uv": [3.25, 5.5, 3.5, 5.75], "texture": "#0"},
				"west": {"uv": [3.25, 5.5, 3.5, 5.75], "texture": "#0"},
				"up": {"uv": [3.25, 5.5, 3.5, 5.75], "texture": "#0"},
				"down": {"uv": [3.25, 5.5, 3.5, 5.75], "texture": "#0"}
			}
		},
		{
			"from": [7.25, 10, 7.825],
			"to": [7.5, 10.25, 8.225],
			"rotation": {"angle": 0, "axis": "y", "origin": [-2.5, 0, 7.875]},
			"faces": {
				"north": {"uv": [2, 5.75, 1.75, 6], "texture": "#0"},
				"east": {"uv": [1.75, 5.75, 2, 6], "texture": "#0"},
				"south": {"uv": [1.75, 5.75, 2, 6], "texture": "#0"},
				"west": {"uv": [1.75, 5.75, 2, 6], "texture": "#0"},
				"up": {"uv": [1.75, 5.75, 2, 6], "texture": "#0"},
				"down": {"uv": [1.75, 5.75, 2, 6], "texture": "#0"}
			}
		},
		{
			"from": [8.5, 10, 7.825],
			"to": [8.75, 10.25, 8.225],
			"rotation": {"angle": 0, "axis": "y", "origin": [-2.5, 0, 7.875]},
			"faces": {
				"north": {"uv": [3.25, 5.75, 3, 6], "texture": "#0"},
				"east": {"uv": [3, 5.75, 3.25, 6], "texture": "#0"},
				"south": {"uv": [3, 5.75, 3.25, 6], "texture": "#0"},
				"west": {"uv": [3, 5.75, 3.25, 6], "texture": "#0"},
				"up": {"uv": [3, 5.75, 3.25, 6], "texture": "#0"},
				"down": {"uv": [3, 5.75, 3.25, 6], "texture": "#0"}
			}
		},
		{
			"from": [7.5, 9.75, 7.825],
			"to": [7.75, 10, 8.225],
			"rotation": {"angle": 0, "axis": "y", "origin": [-2.5, 0, 7.875]},
			"faces": {
				"north": {"uv": [2.25, 6, 2, 6.25], "texture": "#0"},
				"east": {"uv": [2, 6, 2.25, 6.25], "texture": "#0"},
				"south": {"uv": [2, 6, 2.25, 6.25], "texture": "#0"},
				"west": {"uv": [2, 6, 2.25, 6.25], "texture": "#0"},
				"up": {"uv": [2, 6, 2.25, 6.25], "texture": "#0"},
				"down": {"uv": [2, 6, 2.25, 6.25], "texture": "#0"}
			}
		},
		{
			"from": [8.25, 9.75, 7.825],
			"to": [8.5, 10, 8.225],
			"rotation": {"angle": 0, "axis": "y", "origin": [-2.5, 0, 7.875]},
			"faces": {
				"north": {"uv": [3, 6, 2.75, 6.25], "texture": "#0"},
				"east": {"uv": [2.75, 6, 3, 6.25], "texture": "#0"},
				"south": {"uv": [2.75, 6, 3, 6.25], "texture": "#0"},
				"west": {"uv": [2.75, 6, 3, 6.25], "texture": "#0"},
				"up": {"uv": [2.75, 6, 3, 6.25], "texture": "#0"},
				"down": {"uv": [2.75, 6, 3, 6.25], "texture": "#0"}
			}
		},
		{
			"from": [6.5, 9.5, 7.825],
			"to": [6.75, 9.75, 8.225],
			"rotation": {"angle": 0, "axis": "y", "origin": [-2.5, 0, 7.875]},
			"faces": {
				"north": {"uv": [1.25, 6.25, 1, 6.5], "texture": "#0"},
				"east": {"uv": [1, 6.25, 1.25, 6.5], "texture": "#0"},
				"south": {"uv": [1, 6.25, 1.25, 6.5], "texture": "#0"},
				"west": {"uv": [1, 6.25, 1.25, 6.5], "texture": "#0"},
				"up": {"uv": [1, 6.25, 1.25, 6.5], "texture": "#0"},
				"down": {"uv": [1, 6.25, 1.25, 6.5], "texture": "#0"}
			}
		},
		{
			"from": [9.25, 9.5, 7.825],
			"to": [9.5, 9.75, 8.225],
			"rotation": {"angle": 0, "axis": "y", "origin": [-2.5, 0, 7.875]},
			"faces": {
				"north": {"uv": [4, 6.25, 3.75, 6.5], "texture": "#0"},
				"east": {"uv": [3.75, 6.25, 4, 6.5], "texture": "#0"},
				"south": {"uv": [3.75, 6.25, 4, 6.5], "texture": "#0"},
				"west": {"uv": [3.75, 6.25, 4, 6.5], "texture": "#0"},
				"up": {"uv": [3.75, 6.25, 4, 6.5], "texture": "#0"},
				"down": {"uv": [3.75, 6.25, 4, 6.5], "texture": "#0"}
			}
		},
		{
			"from": [10, 8, 8.2],
			"to": [10.05, 8.5, 12.4],
			"rotation": {"angle": 0, "axis": "y", "origin": [8.125, 8.2, 8.15]},
			"faces": {
				"north": {"uv": [7.25, 6.25, 7.75, 6.5], "rotation": 270, "texture": "#0"},
				"east": {"uv": [7.75, 6.25, 7.25, 9.25], "rotation": 90, "texture": "#0"},
				"south": {"uv": [7.25, 9, 7.75, 9.25], "rotation": 270, "texture": "#0"},
				"west": {"uv": [7.25, 6.25, 7.75, 9.25], "rotation": 270, "texture": "#0"},
				"up": {"uv": [7.5, 6.25, 7.75, 9.25], "texture": "#0"},
				"down": {"uv": [7.25, 6.25, 7.5, 9.25], "rotation": 180, "texture": "#0"}
			}
		},
		{
			"from": [6.25, 9, 7.825],
			"to": [6.5, 9.5, 8.225],
			"rotation": {"angle": 0, "axis": "y", "origin": [-2.5, 0, 7.875]},
			"faces": {
				"north": {"uv": [1, 6.5, 0.75, 7], "texture": "#0"},
				"east": {"uv": [0.75, 6.5, 1, 7], "texture": "#0"},
				"south": {"uv": [0.75, 6.5, 1, 7], "texture": "#0"},
				"west": {"uv": [0.75, 6.5, 1, 7], "texture": "#0"},
				"up": {"uv": [0.75, 6.5, 1, 6.75], "texture": "#0"},
				"down": {"uv": [0.75, 6.75, 1, 7], "texture": "#0"}
			}
		},
		{
			"from": [7.25, 9.25, 7.825],
			"to": [7.5, 9.5, 8.225],
			"rotation": {"angle": 0, "axis": "y", "origin": [-2.5, 0, 7.875]},
			"faces": {
				"north": {"uv": [2, 6.5, 1.75, 6.75], "texture": "#0"},
				"east": {"uv": [1.75, 6.5, 2, 6.75], "texture": "#0"},
				"south": {"uv": [1.75, 6.5, 2, 6.75], "texture": "#0"},
				"west": {"uv": [1.75, 6.5, 2, 6.75], "texture": "#0"},
				"up": {"uv": [1.75, 6.5, 2, 6.75], "texture": "#0"},
				"down": {"uv": [1.75, 6.5, 2, 6.75], "texture": "#0"}
			}
		},
		{
			"from": [8.5, 9.25, 7.825],
			"to": [8.75, 9.5, 8.225],
			"rotation": {"angle": 0, "axis": "y", "origin": [-2.5, 0, 7.875]},
			"faces": {
				"north": {"uv": [3.25, 6.5, 3, 6.75], "texture": "#0"},
				"east": {"uv": [3, 6.5, 3.25, 6.75], "texture": "#0"},
				"south": {"uv": [3, 6.5, 3.25, 6.75], "texture": "#0"},
				"west": {"uv": [3, 6.5, 3.25, 6.75], "texture": "#0"},
				"up": {"uv": [3, 6.5, 3.25, 6.75], "texture": "#0"},
				"down": {"uv": [3, 6.5, 3.25, 6.75], "texture": "#0"}
			}
		},
		{
			"from": [9.5, 9, 7.825],
			"to": [9.75, 9.5, 8.225],
			"rotation": {"angle": 0, "axis": "y", "origin": [-2.5, 0, 7.875]},
			"faces": {
				"north": {"uv": [4.25, 6.5, 4, 7], "texture": "#0"},
				"east": {"uv": [4, 6.5, 4.25, 7], "texture": "#0"},
				"south": {"uv": [4, 6.5, 4.25, 7], "texture": "#0"},
				"west": {"uv": [4, 6.5, 4.25, 7], "texture": "#0"},
				"up": {"uv": [4, 6.5, 4.25, 6.75], "texture": "#0"},
				"down": {"uv": [4, 6.75, 4.25, 7], "texture": "#0"}
			}
		},
		{
			"from": [6.5, 7.75, 7.825],
			"to": [6.75, 9.25, 8.225],
			"rotation": {"angle": 0, "axis": "y", "origin": [-2.5, 0, 7.875]},
			"faces": {
				"north": {"uv": [1.25, 6.75, 1, 8.25], "texture": "#0"},
				"east": {"uv": [1, 6.75, 1.25, 8.25], "texture": "#0"},
				"south": {"uv": [1, 6.75, 1.25, 8.25], "texture": "#0"},
				"west": {"uv": [1, 6.75, 1.25, 8.25], "texture": "#0"},
				"up": {"uv": [1, 6.75, 1.25, 7], "texture": "#0"},
				"down": {"uv": [1, 8, 1.25, 8.25], "texture": "#0"}
			}
		},
		{
			"from": [7.5, 9, 7.825],
			"to": [7.75, 9.25, 8.225],
			"rotation": {"angle": 0, "axis": "y", "origin": [-2.5, 0, 7.875]},
			"faces": {
				"north": {"uv": [2.25, 6.75, 2, 7], "texture": "#0"},
				"east": {"uv": [2, 6.75, 2.25, 7], "texture": "#0"},
				"south": {"uv": [2, 6.75, 2.25, 7], "texture": "#0"},
				"west": {"uv": [2, 6.75, 2.25, 7], "texture": "#0"},
				"up": {"uv": [2, 6.75, 2.25, 7], "texture": "#0"},
				"down": {"uv": [2, 6.75, 2.25, 7], "texture": "#0"}
			}
		},
		{
			"from": [8.25, 9, 7.825],
			"to": [8.5, 9.25, 8.225],
			"rotation": {"angle": 0, "axis": "y", "origin": [-2.5, 0, 7.875]},
			"faces": {
				"north": {"uv": [3, 6.75, 2.75, 7], "texture": "#0"},
				"east": {"uv": [2.75, 6.75, 3, 7], "texture": "#0"},
				"south": {"uv": [2.75, 6.75, 3, 7], "texture": "#0"},
				"west": {"uv": [2.75, 6.75, 3, 7], "texture": "#0"},
				"up": {"uv": [2.75, 6.75, 3, 7], "texture": "#0"},
				"down": {"uv": [2.75, 6.75, 3, 7], "texture": "#0"}
			}
		},
		{
			"from": [9.25, 7.75, 7.825],
			"to": [9.5, 9.25, 8.225],
			"rotation": {"angle": 0, "axis": "y", "origin": [-2.5, 0, 7.875]},
			"faces": {
				"north": {"uv": [4, 6.75, 3.75, 8.25], "texture": "#0"},
				"east": {"uv": [3.75, 6.75, 4, 8.25], "texture": "#0"},
				"south": {"uv": [3.75, 6.75, 4, 8.25], "texture": "#0"},
				"west": {"uv": [3.75, 6.75, 4, 8.25], "texture": "#0"},
				"up": {"uv": [3.75, 6.75, 4, 7], "texture": "#0"},
				"down": {"uv": [3.75, 8, 4, 8.25], "texture": "#0"}
			}
		},
		{
			"from": [6.75, 8.25, 7.825],
			"to": [7, 9, 8.225],
			"rotation": {"angle": 0, "axis": "y", "origin": [-2.5, 0, 7.875]},
			"faces": {
				"north": {"uv": [1.5, 7, 1.25, 7.75], "texture": "#0"},
				"east": {"uv": [1.25, 7, 1.5, 7.75], "texture": "#0"},
				"south": {"uv": [1.25, 7, 1.5, 7.75], "texture": "#0"},
				"west": {"uv": [1.25, 7, 1.5, 7.75], "texture": "#0"},
				"up": {"uv": [1.25, 7, 1.5, 7.25], "texture": "#0"},
				"down": {"uv": [1.25, 7.5, 1.5, 7.75], "texture": "#0"}
			}
		},
		{
			"from": [9, 8.25, 7.825],
			"to": [9.25, 9, 8.225],
			"rotation": {"angle": 0, "axis": "y", "origin": [-2.5, 0, 7.875]},
			"faces": {
				"north": {"uv": [3.75, 7, 3.5, 7.75], "texture": "#0"},
				"east": {"uv": [3.5, 7, 3.75, 7.75], "texture": "#0"},
				"south": {"uv": [3.5, 7, 3.75, 7.75], "texture": "#0"},
				"west": {"uv": [3.5, 7, 3.75, 7.75], "texture": "#0"},
				"up": {"uv": [3.5, 7, 3.75, 7.25], "texture": "#0"},
				"down": {"uv": [3.5, 7.5, 3.75, 7.75], "texture": "#0"}
			}
		},
		{
			"from": [6.25, 8.25, 7.825],
			"to": [6.5, 8.75, 8.225],
			"rotation": {"angle": 0, "axis": "y", "origin": [-2.5, 0, 7.875]},
			"faces": {
				"north": {"uv": [1, 7.25, 0.75, 7.75], "texture": "#0"},
				"east": {"uv": [0.75, 7.25, 1, 7.75], "texture": "#0"},
				"south": {"uv": [0.75, 7.25, 1, 7.75], "texture": "#0"},
				"west": {"uv": [0.75, 7.25, 1, 7.75], "texture": "#0"},
				"up": {"uv": [0.75, 7.25, 1, 7.5], "texture": "#0"},
				"down": {"uv": [0.75, 7.5, 1, 7.75], "texture": "#0"}
			}
		},
		{
			"from": [7, 8, 7.825],
			"to": [7.5, 8.75, 8.225],
			"rotation": {"angle": 0, "axis": "y", "origin": [-2.5, 0, 7.875]},
			"faces": {
				"north": {"uv": [2, 7.25, 1.5, 8], "texture": "#0"},
				"east": {"uv": [1.75, 7.25, 2, 8], "texture": "#0"},
				"south": {"uv": [1.5, 7.25, 2, 8], "texture": "#0"},
				"west": {"uv": [1.5, 7.25, 1.75, 8], "texture": "#0"},
				"up": {"uv": [1.5, 7.25, 2, 7.5], "texture": "#0"},
				"down": {"uv": [1.5, 7.75, 2, 8], "texture": "#0"}
			}
		},
		{
			"from": [8.5, 8, 7.825],
			"to": [9, 8.75, 8.225],
			"rotation": {"angle": 0, "axis": "y", "origin": [-2.5, 0, 7.875]},
			"faces": {
				"north": {"uv": [3.5, 7.25, 3, 8], "texture": "#0"},
				"east": {"uv": [3.25, 7.25, 3.5, 8], "texture": "#0"},
				"south": {"uv": [3, 7.25, 3.5, 8], "texture": "#0"},
				"west": {"uv": [3, 7.25, 3.25, 8], "texture": "#0"},
				"up": {"uv": [3, 7.25, 3.5, 7.5], "texture": "#0"},
				"down": {"uv": [3, 7.75, 3.5, 8], "texture": "#0"}
			}
		},
		{
			"from": [9.5, 8.25, 7.825],
			"to": [9.75, 8.75, 8.225],
			"rotation": {"angle": 0, "axis": "y", "origin": [-2.5, 0, 7.875]},
			"faces": {
				"north": {"uv": [4.25, 7.25, 4, 7.75], "texture": "#0"},
				"east": {"uv": [4, 7.25, 4.25, 7.75], "texture": "#0"},
				"south": {"uv": [4, 7.25, 4.25, 7.75], "texture": "#0"},
				"west": {"uv": [4, 7.25, 4.25, 7.75], "texture": "#0"},
				"up": {"uv": [4, 7.25, 4.25, 7.5], "texture": "#0"},
				"down": {"uv": [4, 7.5, 4.25, 7.75], "texture": "#0"}
			}
		},
		{
			"from": [7.5, 7.5, 7.825],
			"to": [7.75, 8.5, 8.225],
			"rotation": {"angle": 0, "axis": "y", "origin": [-2.5, 0, 7.875]},
			"faces": {
				"north": {"uv": [2.25, 7.5, 2, 8.5], "texture": "#0"},
				"east": {"uv": [2, 7.5, 2.25, 8.5], "texture": "#0"},
				"south": {"uv": [2, 7.5, 2.25, 8.5], "texture": "#0"},
				"west": {"uv": [2, 7.5, 2.25, 8.5], "texture": "#0"},
				"up": {"uv": [2, 7.5, 2.25, 7.75], "texture": "#0"},
				"down": {"uv": [2, 8.25, 2.25, 8.5], "texture": "#0"}
			}
		},
		{
			"from": [8.25, 7.5, 7.825],
			"to": [8.5, 8.5, 8.225],
			"rotation": {"angle": 0, "axis": "y", "origin": [-2.5, 0, 7.875]},
			"faces": {
				"north": {"uv": [3, 7.5, 2.75, 8.5], "texture": "#0"},
				"east": {"uv": [2.75, 7.5, 3, 8.5], "texture": "#0"},
				"south": {"uv": [2.75, 7.5, 3, 8.5], "texture": "#0"},
				"west": {"uv": [2.75, 7.5, 3, 8.5], "texture": "#0"},
				"up": {"uv": [2.75, 7.5, 3, 7.75], "texture": "#0"},
				"down": {"uv": [2.75, 8.25, 3, 8.5], "texture": "#0"}
			}
		},
		{
			"from": [7.25, 7.75, 7.825],
			"to": [7.5, 8, 8.225],
			"rotation": {"angle": 0, "axis": "y", "origin": [-2.5, 0, 7.875]},
			"faces": {
				"north": {"uv": [2, 8, 1.75, 8.25], "texture": "#0"},
				"east": {"uv": [1.75, 8, 2, 8.25], "texture": "#0"},
				"south": {"uv": [1.75, 8, 2, 8.25], "texture": "#0"},
				"west": {"uv": [1.75, 8, 2, 8.25], "texture": "#0"},
				"up": {"uv": [1.75, 8, 2, 8.25], "texture": "#0"},
				"down": {"uv": [1.75, 8, 2, 8.25], "texture": "#0"}
			}
		},
		{
			"from": [8.5, 7.75, 7.825],
			"to": [8.75, 8, 8.225],
			"rotation": {"angle": 0, "axis": "y", "origin": [-2.5, 0, 7.875]},
			"faces": {
				"north": {"uv": [3.25, 8, 3, 8.25], "texture": "#0"},
				"east": {"uv": [3, 8, 3.25, 8.25], "texture": "#0"},
				"south": {"uv": [3, 8, 3.25, 8.25], "texture": "#0"},
				"west": {"uv": [3, 8, 3.25, 8.25], "texture": "#0"},
				"up": {"uv": [3, 8, 3.25, 8.25], "texture": "#0"},
				"down": {"uv": [3, 8, 3.25, 8.25], "texture": "#0"}
			}
		},
		{
			"from": [6.75, 7.5, 7.825],
			"to": [7, 7.75, 8.225],
			"rotation": {"angle": 0, "axis": "y", "origin": [-2.5, 0, 7.875]},
			"faces": {
				"north": {"uv": [1.5, 8.25, 1.25, 8.5], "texture": "#0"},
				"east": {"uv": [1.25, 8.25, 1.5, 8.5], "texture": "#0"},
				"south": {"uv": [1.25, 8.25, 1.5, 8.5], "texture": "#0"},
				"west": {"uv": [1.25, 8.25, 1.5, 8.5], "texture": "#0"},
				"up": {"uv": [1.25, 8.25, 1.5, 8.5], "texture": "#0"},
				"down": {"uv": [1.25, 8.25, 1.5, 8.5], "texture": "#0"}
			}
		},
		{
			"from": [9, 7.5, 7.825],
			"to": [9.25, 7.75, 8.225],
			"rotation": {"angle": 0, "axis": "y", "origin": [-2.5, 0, 7.875]},
			"faces": {
				"north": {"uv": [3.75, 8.25, 3.5, 8.5], "texture": "#0"},
				"east": {"uv": [3.5, 8.25, 3.75, 8.5], "texture": "#0"},
				"south": {"uv": [3.5, 8.25, 3.75, 8.5], "texture": "#0"},
				"west": {"uv": [3.5, 8.25, 3.75, 8.5], "texture": "#0"},
				"up": {"uv": [3.5, 8.25, 3.75, 8.5], "texture": "#0"},
				"down": {"uv": [3.5, 8.25, 3.75, 8.5], "texture": "#0"}
			}
		},
		{
			"from": [6.25, 7.25, 7.825],
			"to": [6.5, 7.5, 8.225],
			"rotation": {"angle": 0, "axis": "y", "origin": [-2.5, 0, 7.875]},
			"faces": {
				"north": {"uv": [1, 8.5, 0.75, 8.75], "texture": "#0"},
				"east": {"uv": [0.75, 8.5, 1, 8.75], "texture": "#0"},
				"south": {"uv": [0.75, 8.5, 1, 8.75], "texture": "#0"},
				"west": {"uv": [0.75, 8.5, 1, 8.75], "texture": "#0"},
				"up": {"uv": [0.75, 8.5, 1, 8.75], "texture": "#0"},
				"down": {"uv": [0.75, 8.5, 1, 8.75], "texture": "#0"}
			}
		},
		{
			"from": [9.5, 7.25, 7.825],
			"to": [9.75, 7.5, 8.225],
			"rotation": {"angle": 0, "axis": "y", "origin": [-2.5, 0, 7.875]},
			"faces": {
				"north": {"uv": [4.25, 8.5, 4, 8.75], "texture": "#0"},
				"east": {"uv": [4, 8.5, 4.25, 8.75], "texture": "#0"},
				"south": {"uv": [4, 8.5, 4.25, 8.75], "texture": "#0"},
				"west": {"uv": [4, 8.5, 4.25, 8.75], "texture": "#0"},
				"up": {"uv": [4, 8.5, 4.25, 8.75], "texture": "#0"},
				"down": {"uv": [4, 8.5, 4.25, 8.75], "texture": "#0"}
			}
		},
		{
			"from": [6.5, 7, 7.825],
			"to": [7, 7.25, 8.225],
			"rotation": {"angle": 0, "axis": "y", "origin": [-2.5, 0, 7.875]},
			"faces": {
				"north": {"uv": [1.5, 8.75, 1, 9], "texture": "#0"},
				"east": {"uv": [1.25, 8.75, 1.5, 9], "texture": "#0"},
				"south": {"uv": [1, 8.75, 1.5, 9], "texture": "#0"},
				"west": {"uv": [1, 8.75, 1.25, 9], "texture": "#0"},
				"up": {"uv": [1, 8.75, 1.5, 9], "texture": "#0"},
				"down": {"uv": [1, 8.75, 1.5, 9], "texture": "#0"}
			}
		},
		{
			"from": [7.25, 6.25, 7.825],
			"to": [7.5, 7.25, 8.225],
			"rotation": {"angle": 0, "axis": "y", "origin": [-2.5, 0, 7.875]},
			"faces": {
				"north": {"uv": [2, 8.75, 1.75, 9.75], "texture": "#0"},
				"east": {"uv": [1.75, 8.75, 2, 9.75], "texture": "#0"},
				"south": {"uv": [1.75, 8.75, 2, 9.75], "texture": "#0"},
				"west": {"uv": [1.75, 8.75, 2, 9.75], "texture": "#0"},
				"up": {"uv": [1.75, 8.75, 2, 9], "texture": "#0"},
				"down": {"uv": [1.75, 9.5, 2, 9.75], "texture": "#0"}
			}
		},
		{
			"from": [8.5, 6.25, 7.825],
			"to": [8.75, 7.25, 8.225],
			"rotation": {"angle": 0, "axis": "y", "origin": [-2.5, 0, 7.875]},
			"faces": {
				"north": {"uv": [3.25, 8.75, 3, 9.75], "texture": "#0"},
				"east": {"uv": [3, 8.75, 3.25, 9.75], "texture": "#0"},
				"south": {"uv": [3, 8.75, 3.25, 9.75], "texture": "#0"},
				"west": {"uv": [3, 8.75, 3.25, 9.75], "texture": "#0"},
				"up": {"uv": [3, 8.75, 3.25, 9], "texture": "#0"},
				"down": {"uv": [3, 9.5, 3.25, 9.75], "texture": "#0"}
			}
		},
		{
			"from": [9, 7, 7.825],
			"to": [9.5, 7.25, 8.225],
			"rotation": {"angle": 0, "axis": "y", "origin": [-2.5, 0, 7.875]},
			"faces": {
				"north": {"uv": [4, 8.75, 3.5, 9], "texture": "#0"},
				"east": {"uv": [3.75, 8.75, 4, 9], "texture": "#0"},
				"south": {"uv": [3.5, 8.75, 4, 9], "texture": "#0"},
				"west": {"uv": [3.5, 8.75, 3.75, 9], "texture": "#0"},
				"up": {"uv": [3.5, 8.75, 4, 9], "texture": "#0"},
				"down": {"uv": [3.5, 8.75, 4, 9], "texture": "#0"}
			}
		},
		{
			"from": [6.75, 6.75, 7.825],
			"to": [7.25, 7, 8.225],
			"rotation": {"angle": 0, "axis": "y", "origin": [-2.5, 0, 7.875]},
			"faces": {
				"north": {"uv": [1.75, 9, 1.25, 9.25], "texture": "#0"},
				"east": {"uv": [1.5, 9, 1.75, 9.25], "texture": "#0"},
				"south": {"uv": [1.25, 9, 1.75, 9.25], "texture": "#0"},
				"west": {"uv": [1.25, 9, 1.5, 9.25], "texture": "#0"},
				"up": {"uv": [1.25, 9, 1.75, 9.25], "texture": "#0"},
				"down": {"uv": [1.25, 9, 1.75, 9.25], "texture": "#0"}
			}
		},
		{
			"from": [8.75, 6.75, 7.825],
			"to": [9.25, 7, 8.225],
			"rotation": {"angle": 0, "axis": "y", "origin": [-2.5, 0, 7.875]},
			"faces": {
				"north": {"uv": [3.75, 9, 3.25, 9.25], "texture": "#0"},
				"east": {"uv": [3.5, 9, 3.75, 9.25], "texture": "#0"},
				"south": {"uv": [3.25, 9, 3.75, 9.25], "texture": "#0"},
				"west": {"uv": [3.25, 9, 3.5, 9.25], "texture": "#0"},
				"up": {"uv": [3.25, 9, 3.75, 9.25], "texture": "#0"},
				"down": {"uv": [3.25, 9, 3.75, 9.25], "texture": "#0"}
			}
		},
		{
			"from": [6.75, 6.5, 7.825],
			"to": [7, 6.75, 8.225],
			"rotation": {"angle": 0, "axis": "y", "origin": [-2.5, 0, 7.875]},
			"faces": {
				"north": {"uv": [1.5, 9.25, 1.25, 9.5], "texture": "#0"},
				"east": {"uv": [1.25, 9.25, 1.5, 9.5], "texture": "#0"},
				"south": {"uv": [1.25, 9.25, 1.5, 9.5], "texture": "#0"},
				"west": {"uv": [1.25, 9.25, 1.5, 9.5], "texture": "#0"},
				"up": {"uv": [1.25, 9.25, 1.5, 9.5], "texture": "#0"},
				"down": {"uv": [1.25, 9.25, 1.5, 9.5], "texture": "#0"}
			}
		},
		{
			"from": [7.5, 6.5, 7.825],
			"to": [8.5, 6.75, 8.225],
			"rotation": {"angle": 0, "axis": "y", "origin": [-2.5, 0, 7.875]},
			"faces": {
				"north": {"uv": [3, 9.25, 2, 9.5], "texture": "#0"},
				"east": {"uv": [2.75, 9.25, 3, 9.5], "texture": "#0"},
				"south": {"uv": [2, 9.25, 3, 9.5], "texture": "#0"},
				"west": {"uv": [2, 9.25, 2.25, 9.5], "texture": "#0"},
				"up": {"uv": [2, 9.25, 3, 9.5], "texture": "#0"},
				"down": {"uv": [2, 9.25, 3, 9.5], "texture": "#0"}
			}
		},
		{
			"from": [9, 6.5, 7.825],
			"to": [9.25, 6.75, 8.225],
			"rotation": {"angle": 0, "axis": "y", "origin": [-2.5, 0, 7.875]},
			"faces": {
				"north": {"uv": [3.75, 9.25, 3.5, 9.5], "texture": "#0"},
				"east": {"uv": [3.5, 9.25, 3.75, 9.5], "texture": "#0"},
				"south": {"uv": [3.5, 9.25, 3.75, 9.5], "texture": "#0"},
				"west": {"uv": [3.5, 9.25, 3.75, 9.5], "texture": "#0"},
				"up": {"uv": [3.5, 9.25, 3.75, 9.5], "texture": "#0"},
				"down": {"uv": [3.5, 9.25, 3.75, 9.5], "texture": "#0"}
			}
		},
		{
			"from": [5.95, 8, 8.2],
			"to": [6, 8.5, 12.4],
			"rotation": {"angle": 0, "axis": "y", "origin": [8.125, 8.2, 8.15]},
			"faces": {
				"north": {"uv": [7.25, 6.25, 7.75, 6.5], "rotation": 270, "texture": "#0"},
				"east": {"uv": [7.75, 6.25, 7.25, 9.25], "rotation": 90, "texture": "#0"},
				"south": {"uv": [7.25, 9, 7.75, 9.25], "rotation": 270, "texture": "#0"},
				"west": {"uv": [7.25, 6.25, 7.75, 9.25], "rotation": 270, "texture": "#0"},
				"up": {"uv": [7.5, 6.25, 7.75, 9.25], "texture": "#0"},
				"down": {"uv": [7.25, 6.25, 7.5, 9.25], "rotation": 180, "texture": "#0"}
			}
		},
		{
			"from": [5.95, 8, 12.355],
			"to": [10.05, 8.5, 12.405],
			"rotation": {"angle": 0, "axis": "y", "origin": [8.125, 8.2, 12.15]},
			"faces": {
				"north": {"uv": [7.75, 6.25, 7.25, 9.25], "rotation": 90, "texture": "#0"},
				"east": {"uv": [7.25, 9, 7.75, 9.25], "rotation": 270, "texture": "#0"},
				"south": {"uv": [7.25, 6.25, 7.75, 9.25], "rotation": 270, "texture": "#0"},
				"west": {"uv": [7.25, 6.25, 7.75, 6.5], "rotation": 270, "texture": "#0"},
				"up": {"uv": [7.5, 6.25, 7.75, 9.25], "rotation": 270, "texture": "#0"},
				"down": {"uv": [7.25, 6.25, 7.5, 9.25], "rotation": 270, "texture": "#0"}
			}
		},
		{
			"from": [6.5, 7.25, 7.875],
			"to": [6.75, 7.75, 8.225],
			"rotation": {"angle": 0, "axis": "y", "origin": [-2.5, 0, 7.875]},
			"faces": {
				"north": {"uv": [4, 2.75, 3.75, 3.25], "texture": "#0"},
				"east": {"uv": [3.75, 2.75, 4, 3.25], "texture": "#0"},
				"south": {"uv": [3.75, 2.75, 4, 3.25], "texture": "#0"},
				"west": {"uv": [3.75, 2.75, 4, 3.25], "texture": "#0"},
				"up": {"uv": [3.75, 2.75, 4, 3], "texture": "#0"},
				"down": {"uv": [3.75, 3, 4, 3.25], "texture": "#0"}
			}
		}
	],
	"display": {
		"thirdperson_righthand": {
			"rotation": [90, 90, 0],
			"translation": [-2.5, -2, 2],
			"scale": [1.2, 1.2, 1.2]
		},
		"thirdperson_lefthand": {
			"rotation": [90, 90, 0],
			"translation": [-2.5, -2, 2],
			"scale": [1.2, 1.2, 1.2]
		},
		"firstperson_righthand": {
			"rotation": [0, 90, 0],
			"translation": [0.5, 1.75, 0],
			"scale": [1.2, 1.2, 1.2]
		},
		"firstperson_lefthand": {
			"rotation": [0, 90, 0],
			"translation": [0.5, 1.75, 0],
			"scale": [1.2, 1.2, 1.2]
		},
		"ground": {
			"translation": [0, 1.5, 0],
			"scale": [2.00195, 2.00195, 2.00195]
		},
		"gui": {
			"translation": [0, -2.75, 0],
			"scale": [2, 2, 1]
		},
		"head": {
			"translation": [0, -1.25, -8.25],
			"scale": [3.44531, 3.44531, 3.44531]
		},
		"fixed": {
			"translation": [0, -1.5, 0],
			"scale": [4.17578, 4.17578, 4.17578]
		}
	},
	"groups": [
		{
			"name": "group",
			"origin": [8, 8, 8],
			"color": 0,
			"children": [
				0,
				1,
				2,
				3,
				4,
				5,
				6,
				7,
				8,
				9,
				10,
				11,
				12,
				13,
				14,
				15,
				16,
				17,
				18,
				19,
				20,
				21,
				22,
				23,
				24,
				25,
				26,
				27,
				28,
				29,
				30,
				31,
				32,
				33,
				34,
				35,
				36,
				37,
				38,
				39,
				40,
				41,
				42,
				43,
				44,
				45,
				46,
				47,
				48,
				49,
				50,
				51,
				52,
				53,
				54,
				55,
				56,
				57,
				58,
				59,
				60,
				61,
				62,
				63,
				64,
				65,
				66,
				67,
				68,
				69,
				70,
				71,
				72,
				73,
				74,
				75,
				76,
				77,
				78,
				79,
				80,
				81,
				82,
				83,
				84,
				85,
				86,
				87,
				88,
				89,
				90,
				91,
				92,
				93,
				94,
				95,
				96,
				97
			]
		}
	]
}