{
	"credit": "Made with Blockbench",
	"texture_size": [64, 64],
	"textures": {
		"2": "./texture"
	},
	"elements": [
		{
			"from": [2.072, -1.68, 5.992],
			"to": [6.552, 5.236, 8.232],
			"rotation": {"angle": 0, "axis": "y", "origin": [0, 0, 2.8]},
			"faces": {
				"north": {"uv": [0, 0, 1.125, 1.71875], "texture": "#2"},
				"east": {"uv": [1.25, 3, 1.8125, 4.71875], "texture": "#2"},
				"south": {"uv": [1.25, 0, 2.375, 1.71875], "texture": "#2"},
				"west": {"uv": [3.75, 0, 4.3125, 1.71875], "texture": "#2"},
				"up": {"uv": [4.875, 2.3125, 3.75, 1.75], "texture": "#2"},
				"down": {"uv": [3.125, 3.75, 2, 4.3125], "texture": "#2"}
			}
		},
		{
			"from": [1.072, 6.32, 6.892],
			"to": [2.072, 7.736, 8.532],
			"rotation": {"angle": 0, "axis": "y", "origin": [0, 0, 2.8]},
			"faces": {
				"north": {"uv": [3.75, 9.75, 4, 10.09375], "texture": "#2"},
				"east": {"uv": [2, 3, 2.40625, 3.34375], "texture": "#2"},
				"south": {"uv": [9.75, 3.75, 10, 4.09375], "texture": "#2"},
				"west": {"uv": [0.75, 4.25, 1.15625, 4.59375], "texture": "#2"},
				"up": {"uv": [6.25, 3.65625, 6, 3.25], "texture": "#2"},
				"down": {"uv": [6.5, 4.25, 6.25, 4.65625], "texture": "#2"}
			}
		},
		{
			"from": [1.172, 3.72, 10.392],
			"to": [2.072, 5.236, 13.632],
			"rotation": {"angle": -22.5, "axis": "x", "origin": [0, 0, 2.8]},
			"faces": {
				"north": {"uv": [5, 9.75, 5.21875, 10.125], "texture": "#2"},
				"east": {"uv": [8, 7.75, 8.8125, 8.125], "texture": "#2"},
				"south": {"uv": [9.75, 5.25, 9.96875, 5.625], "texture": "#2"},
				"west": {"uv": [8.25, 0, 9.0625, 0.375], "texture": "#2"},
				"up": {"uv": [1.71875, 5.5625, 1.5, 4.75], "texture": "#2"},
				"down": {"uv": [1.96875, 4.75, 1.75, 5.5625], "texture": "#2"}
			}
		},
		{
			"from": [1.972, 3.72, 13.192],
			"to": [3.072, 5.236, 13.632],
			"rotation": {"angle": -22.5, "axis": "x", "origin": [0, 0, 2.8]},
			"faces": {
				"north": {"uv": [6, 9.5, 6.28125, 9.875], "texture": "#2"},
				"east": {"uv": [9.25, 9.75, 9.375, 10.125], "texture": "#2"},
				"south": {"uv": [9.5, 6.25, 9.78125, 6.625], "texture": "#2"},
				"west": {"uv": [9.75, 9.25, 9.875, 9.625], "texture": "#2"},
				"up": {"uv": [2.28125, 3.625, 2, 3.5], "texture": "#2"},
				"down": {"uv": [6.28125, 1, 6, 1.125], "texture": "#2"}
			}
		},
		{
			"from": [6.628, 6.32, 6.892],
			"to": [7.628, 7.736, 8.532],
			"rotation": {"angle": 0, "axis": "y", "origin": [8.7, 0, 2.8]},
			"faces": {
				"north": {"uv": [4, 9.75, 4.25, 10.09375], "texture": "#2"},
				"east": {"uv": [4.5, 1.25, 4.90625, 1.59375], "texture": "#2"},
				"south": {"uv": [4.25, 9.75, 4.5, 10.09375], "texture": "#2"},
				"west": {"uv": [2.75, 4.5, 3.15625, 4.84375], "texture": "#2"},
				"up": {"uv": [7.25, 8.65625, 7, 8.25], "texture": "#2"},
				"down": {"uv": [9.5, 3.25, 9.25, 3.65625], "texture": "#2"}
			}
		},
		{
			"from": [6.628, 3.72, 10.392],
			"to": [7.528, 5.236, 13.632],
			"rotation": {"angle": -22.5, "axis": "x", "origin": [8.7, 0, 2.8]},
			"faces": {
				"north": {"uv": [9.75, 5.75, 9.96875, 6.125], "texture": "#2"},
				"east": {"uv": [8.25, 0.5, 9.0625, 0.875], "texture": "#2"},
				"south": {"uv": [9.75, 7.25, 9.96875, 7.625], "texture": "#2"},
				"west": {"uv": [8.25, 2, 9.0625, 2.375], "texture": "#2"},
				"up": {"uv": [9.71875, 4.0625, 9.5, 3.25], "texture": "#2"},
				"down": {"uv": [9.71875, 4.25, 9.5, 5.0625], "texture": "#2"}
			}
		},
		{
			"from": [5.628, 3.72, 13.192],
			"to": [6.728, 5.236, 13.632],
			"rotation": {"angle": -22.5, "axis": "x", "origin": [8.7, 0, 2.8]},
			"faces": {
				"north": {"uv": [6.5, 9.5, 6.78125, 9.875], "texture": "#2"},
				"east": {"uv": [9.5, 9.75, 9.625, 10.125], "texture": "#2"},
				"south": {"uv": [9.5, 6.75, 9.78125, 7.125], "texture": "#2"},
				"west": {"uv": [9.75, 9.75, 9.875, 10.125], "texture": "#2"},
				"up": {"uv": [5.53125, 7.625, 5.25, 7.5], "texture": "#2"},
				"down": {"uv": [9.03125, 1.75, 8.75, 1.875], "texture": "#2"}
			}
		},
		{
			"from": [1.172, 3.82, 11.992],
			"to": [2.072, 5.336, 15.232],
			"rotation": {"angle": -45, "axis": "x", "origin": [0, 0.1, 4.4]},
			"faces": {
				"north": {"uv": [9.75, 7.75, 9.96875, 8.125], "texture": "#2"},
				"east": {"uv": [2.25, 8.25, 3.0625, 8.625], "texture": "#2"},
				"south": {"uv": [9.75, 8.25, 9.96875, 8.625], "texture": "#2"},
				"west": {"uv": [8.25, 2.5, 9.0625, 2.875], "texture": "#2"},
				"up": {"uv": [5.46875, 10.3125, 5.25, 9.5], "texture": "#2"},
				"down": {"uv": [9.71875, 5.25, 9.5, 6.0625], "texture": "#2"}
			}
		},
		{
			"from": [1.972, 3.82, 14.792],
			"to": [3.072, 5.336, 15.232],
			"rotation": {"angle": -45, "axis": "x", "origin": [0, 0.1, 4.4]},
			"faces": {
				"north": {"uv": [7, 9.5, 7.28125, 9.875], "texture": "#2"},
				"east": {"uv": [0, 10, 0.125, 10.375], "texture": "#2"},
				"south": {"uv": [7.5, 9.5, 7.78125, 9.875], "texture": "#2"},
				"west": {"uv": [10, 0, 10.125, 0.375], "texture": "#2"},
				"up": {"uv": [9.78125, 1.625, 9.5, 1.5], "texture": "#2"},
				"down": {"uv": [10.28125, 0.5, 10, 0.625], "texture": "#2"}
			}
		},
		{
			"from": [6.628, 6.42, 8.492],
			"to": [7.628, 7.836, 10.132],
			"rotation": {"angle": -22.5, "axis": "x", "origin": [8.7, 0.1, 4.4]},
			"faces": {
				"north": {"uv": [9.75, 4.25, 10, 4.59375], "texture": "#2"},
				"east": {"uv": [2.25, 5.75, 2.65625, 6.09375], "texture": "#2"},
				"south": {"uv": [4.5, 9.75, 4.75, 10.09375], "texture": "#2"},
				"west": {"uv": [5.25, 7, 5.65625, 7.34375], "texture": "#2"},
				"up": {"uv": [1, 10.15625, 0.75, 9.75], "texture": "#2"},
				"down": {"uv": [1.25, 9.75, 1, 10.15625], "texture": "#2"}
			}
		},
		{
			"from": [6.628, 3.82, 11.992],
			"to": [7.528, 5.336, 15.232],
			"rotation": {"angle": -45, "axis": "x", "origin": [8.7, 0.1, 4.4]},
			"faces": {
				"north": {"uv": [9.75, 8.75, 9.96875, 9.125], "texture": "#2"},
				"east": {"uv": [6, 8.25, 6.8125, 8.625], "texture": "#2"},
				"south": {"uv": [9, 9.75, 9.21875, 10.125], "texture": "#2"},
				"west": {"uv": [8, 8.25, 8.8125, 8.625], "texture": "#2"},
				"up": {"uv": [5.71875, 10.3125, 5.5, 9.5], "texture": "#2"},
				"down": {"uv": [5.96875, 9.5, 5.75, 10.3125], "texture": "#2"}
			}
		},
		{
			"from": [5.628, 3.82, 14.792],
			"to": [6.728, 5.336, 15.232],
			"rotation": {"angle": -45, "axis": "x", "origin": [8.7, 0.1, 4.4]},
			"faces": {
				"north": {"uv": [8, 9.5, 8.28125, 9.875], "texture": "#2"},
				"east": {"uv": [0.25, 10, 0.375, 10.375], "texture": "#2"},
				"south": {"uv": [8.5, 9.5, 8.78125, 9.875], "texture": "#2"},
				"west": {"uv": [0.5, 10, 0.625, 10.375], "texture": "#2"},
				"up": {"uv": [10.28125, 1.625, 10, 1.5], "texture": "#2"},
				"down": {"uv": [10.28125, 1.75, 10, 1.875], "texture": "#2"}
			}
		},
		{
			"from": [1.072, 6.42, 8.492],
			"to": [2.072, 7.836, 10.132],
			"rotation": {"angle": -22.5, "axis": "x", "origin": [0, 0.1, 4.4]},
			"faces": {
				"north": {"uv": [4.75, 9.75, 5, 10.09375], "texture": "#2"},
				"east": {"uv": [6, 7.75, 6.40625, 8.09375], "texture": "#2"},
				"south": {"uv": [9.75, 4.75, 10, 5.09375], "texture": "#2"},
				"west": {"uv": [3.25, 8.25, 3.65625, 8.59375], "texture": "#2"},
				"up": {"uv": [1.5, 10.15625, 1.25, 9.75], "texture": "#2"},
				"down": {"uv": [10, 3.25, 9.75, 3.65625], "texture": "#2"}
			}
		},
		{
			"from": [2.072, 2.92, 6.392],
			"to": [6.552, 7.236, 10.832],
			"rotation": {"angle": -22.5, "axis": "x", "origin": [0, 0, 2.8]},
			"faces": {
				"north": {"uv": [2.5, 0, 3.625, 1.09375], "texture": "#2"},
				"east": {"uv": [2.5, 1.25, 3.625, 2.34375], "texture": "#2"},
				"south": {"uv": [2.5, 2.5, 3.625, 3.59375], "texture": "#2"},
				"west": {"uv": [0, 3, 1.125, 4.09375], "texture": "#2"},
				"up": {"uv": [1.125, 2.875, 0, 1.75], "texture": "#2"},
				"down": {"uv": [2.375, 1.75, 1.25, 2.875], "texture": "#2"}
			}
		},
		{
			"from": [7.972, -1.48, 5.992],
			"to": [10.152, 2.036, 8.232],
			"rotation": {"angle": 22.5, "axis": "z", "origin": [-0.1, 0, 2.8]},
			"faces": {
				"north": {"uv": [7.5, 0, 8.03125, 0.875], "texture": "#2"},
				"east": {"uv": [7.25, 6, 7.8125, 6.875], "texture": "#2"},
				"south": {"uv": [7.5, 2, 8.03125, 2.875], "texture": "#2"},
				"west": {"uv": [6.5, 7.25, 7.0625, 8.125], "texture": "#2"},
				"up": {"uv": [0.53125, 9.0625, 0, 8.5], "texture": "#2"},
				"down": {"uv": [9.03125, 3, 8.5, 3.5625], "texture": "#2"}
			}
		},
		{
			"from": [7.872, -0.58, 4.892],
			"to": [10.052, 3.336, 7.132],
			"rotation": {"angle": 22.5, "axis": "x", "origin": [-0.1, 0, 2.8]},
			"faces": {
				"north": {"uv": [6.5, 6.25, 7.03125, 7.21875], "texture": "#2"},
				"east": {"uv": [0, 5.5, 0.5625, 6.46875], "texture": "#2"},
				"south": {"uv": [6.75, 0, 7.28125, 0.96875], "texture": "#2"},
				"west": {"uv": [5.5, 3.75, 6.0625, 4.71875], "texture": "#2"},
				"up": {"uv": [9.28125, 1.5625, 8.75, 1], "texture": "#2"},
				"down": {"uv": [2.03125, 8.75, 1.5, 9.3125], "texture": "#2"}
			}
		},
		{
			"from": [-1.252, -0.58, 4.892],
			"to": [0.928, 3.336, 7.132],
			"rotation": {"angle": 22.5, "axis": "x", "origin": [8.9, 0, 2.8]},
			"faces": {
				"north": {"uv": [1.5, 6.75, 2.03125, 7.71875], "texture": "#2"},
				"east": {"uv": [5.75, 1.25, 6.3125, 2.21875], "texture": "#2"},
				"south": {"uv": [6.75, 2, 7.28125, 2.96875], "texture": "#2"},
				"west": {"uv": [1.5, 5.75, 2.0625, 6.71875], "texture": "#2"},
				"up": {"uv": [2.78125, 9.3125, 2.25, 8.75], "texture": "#2"},
				"down": {"uv": [3.53125, 8.75, 3, 9.3125], "texture": "#2"}
			}
		},
		{
			"from": [-1.352, -1.48, 5.992],
			"to": [0.828, 2.036, 8.232],
			"rotation": {"angle": -22.5, "axis": "z", "origin": [8.9, 0, 2.8]},
			"faces": {
				"north": {"uv": [1.5, 7.75, 2.03125, 8.625], "texture": "#2"},
				"east": {"uv": [7.25, 7, 7.8125, 7.875], "texture": "#2"},
				"south": {"uv": [7.75, 3, 8.28125, 3.875], "texture": "#2"},
				"west": {"uv": [0, 7.5, 0.5625, 8.375], "texture": "#2"},
				"up": {"uv": [9.28125, 4.3125, 8.75, 3.75], "texture": "#2"},
				"down": {"uv": [9.28125, 4.5, 8.75, 5.0625], "texture": "#2"}
			}
		},
		{
			"from": [-6.252, -6.68, 8.392],
			"to": [-4.072, -2.764, 10.632],
			"rotation": {"angle": -22.5, "axis": "z", "origin": [3.9, -5.2, 5.2]},
			"faces": {
				"north": {"uv": [5.75, 6.75, 6.28125, 7.71875], "texture": "#2"},
				"east": {"uv": [5.75, 4.75, 6.3125, 5.71875], "texture": "#2"},
				"south": {"uv": [0.75, 7, 1.28125, 7.96875], "texture": "#2"},
				"west": {"uv": [5.75, 5.75, 6.3125, 6.71875], "texture": "#2"},
				"up": {"uv": [5.78125, 9.3125, 5.25, 8.75], "texture": "#2"},
				"down": {"uv": [9.28125, 5.25, 8.75, 5.8125], "texture": "#2"}
			}
		},
		{
			"from": [-6.252, -7.58, 8.392],
			"to": [-5.572, -6.664, 9.032],
			"rotation": {"angle": -22.5, "axis": "z", "origin": [3.9, -5.2, 5.2]},
			"faces": {
				"north": {"uv": [5.5, 4.75, 5.65625, 4.96875], "texture": "#2"},
				"east": {"uv": [5.75, 2.25, 5.90625, 2.46875], "texture": "#2"},
				"south": {"uv": [6.5, 2, 6.65625, 2.21875], "texture": "#2"},
				"west": {"uv": [6.75, 3, 6.90625, 3.21875], "texture": "#2"},
				"up": {"uv": [3.15625, 10.40625, 3, 10.25], "texture": "#2"},
				"down": {"uv": [10.40625, 3, 10.25, 3.15625], "texture": "#2"}
			}
		},
		{
			"from": [-4.752, -7.28, 8.392],
			"to": [-4.072, -6.664, 9.032],
			"rotation": {"angle": -22.5, "axis": "z", "origin": [3.9, -5.2, 5.2]},
			"faces": {
				"north": {"uv": [3.25, 10.25, 3.40625, 10.40625], "texture": "#2"},
				"east": {"uv": [10.25, 3.25, 10.40625, 3.40625], "texture": "#2"},
				"south": {"uv": [3.5, 10.25, 3.65625, 10.40625], "texture": "#2"},
				"west": {"uv": [10.25, 3.5, 10.40625, 3.65625], "texture": "#2"},
				"up": {"uv": [3.90625, 10.40625, 3.75, 10.25], "texture": "#2"},
				"down": {"uv": [10.40625, 3.75, 10.25, 3.90625], "texture": "#2"}
			}
		},
		{
			"from": [-4.552, -7.88, 8.592],
			"to": [-4.272, -7.264, 8.832],
			"rotation": {"angle": -22.5, "axis": "z", "origin": [3.9, -5.2, 5.2]},
			"faces": {
				"north": {"uv": [2, 10.5, 2.0625, 10.65625], "texture": "#2"},
				"east": {"uv": [10.5, 2, 10.5625, 2.15625], "texture": "#2"},
				"south": {"uv": [2.25, 10.5, 2.3125, 10.65625], "texture": "#2"},
				"west": {"uv": [10.5, 2.25, 10.5625, 2.40625], "texture": "#2"},
				"up": {"uv": [10.8125, 3.3125, 10.75, 3.25], "texture": "#2"},
				"down": {"uv": [3.5625, 10.75, 3.5, 10.8125], "texture": "#2"}
			}
		},
		{
			"from": [-6.052, -8.18, 8.592],
			"to": [-5.772, -7.564, 8.832],
			"rotation": {"angle": -22.5, "axis": "z", "origin": [3.9, -5.2, 5.2]},
			"faces": {
				"north": {"uv": [2.5, 10.5, 2.5625, 10.65625], "texture": "#2"},
				"east": {"uv": [10.5, 2.5, 10.5625, 2.65625], "texture": "#2"},
				"south": {"uv": [2.75, 10.5, 2.8125, 10.65625], "texture": "#2"},
				"west": {"uv": [10.5, 2.75, 10.5625, 2.90625], "texture": "#2"},
				"up": {"uv": [10.8125, 3.5625, 10.75, 3.5], "texture": "#2"},
				"down": {"uv": [3.8125, 10.75, 3.75, 10.8125], "texture": "#2"}
			}
		},
		{
			"from": [-6.052, -8.18, 9.392],
			"to": [-5.772, -7.564, 9.632],
			"rotation": {"angle": -22.5, "axis": "z", "origin": [3.9, -5.2, 5.2]},
			"faces": {
				"north": {"uv": [3, 10.5, 3.0625, 10.65625], "texture": "#2"},
				"east": {"uv": [10.5, 3, 10.5625, 3.15625], "texture": "#2"},
				"south": {"uv": [3.25, 10.5, 3.3125, 10.65625], "texture": "#2"},
				"west": {"uv": [10.5, 3.25, 10.5625, 3.40625], "texture": "#2"},
				"up": {"uv": [10.8125, 3.8125, 10.75, 3.75], "texture": "#2"},
				"down": {"uv": [4.0625, 10.75, 4, 10.8125], "texture": "#2"}
			}
		},
		{
			"from": [-6.052, -8.18, 10.192],
			"to": [-5.772, -7.564, 10.432],
			"rotation": {"angle": -22.5, "axis": "z", "origin": [3.9, -5.2, 5.2]},
			"faces": {
				"north": {"uv": [3.5, 10.5, 3.5625, 10.65625], "texture": "#2"},
				"east": {"uv": [10.5, 3.5, 10.5625, 3.65625], "texture": "#2"},
				"south": {"uv": [3.75, 10.5, 3.8125, 10.65625], "texture": "#2"},
				"west": {"uv": [10.5, 3.75, 10.5625, 3.90625], "texture": "#2"},
				"up": {"uv": [10.8125, 4.0625, 10.75, 4], "texture": "#2"},
				"down": {"uv": [4.3125, 10.75, 4.25, 10.8125], "texture": "#2"}
			}
		},
		{
			"from": [-6.252, -7.58, 9.992],
			"to": [-5.572, -6.664, 10.632],
			"rotation": {"angle": -22.5, "axis": "z", "origin": [3.9, -5.2, 5.2]},
			"faces": {
				"north": {"uv": [7, 4, 7.15625, 4.21875], "texture": "#2"},
				"east": {"uv": [8.5, 3.75, 8.65625, 3.96875], "texture": "#2"},
				"south": {"uv": [8.75, 7.5, 8.90625, 7.71875], "texture": "#2"},
				"west": {"uv": [9.25, 0.75, 9.40625, 0.96875], "texture": "#2"},
				"up": {"uv": [4.15625, 10.40625, 4, 10.25], "texture": "#2"},
				"down": {"uv": [10.40625, 4, 10.25, 4.15625], "texture": "#2"}
			}
		},
		{
			"from": [-6.252, -7.58, 9.192],
			"to": [-5.572, -6.664, 9.832],
			"rotation": {"angle": -22.5, "axis": "z", "origin": [3.9, -5.2, 5.2]},
			"faces": {
				"north": {"uv": [9.5, 7.25, 9.65625, 7.46875], "texture": "#2"},
				"east": {"uv": [10, 2, 10.15625, 2.21875], "texture": "#2"},
				"south": {"uv": [10, 2.25, 10.15625, 2.46875], "texture": "#2"},
				"west": {"uv": [10, 2.5, 10.15625, 2.71875], "texture": "#2"},
				"up": {"uv": [4.40625, 10.40625, 4.25, 10.25], "texture": "#2"},
				"down": {"uv": [10.40625, 4.25, 10.25, 4.40625], "texture": "#2"}
			}
		},
		{
			"from": [0.448, -3.08, 3.292],
			"to": [0.728, -2.464, 3.532],
			"rotation": {"angle": 22.5, "axis": "x", "origin": [3.9, -5.2, 5.2]},
			"faces": {
				"north": {"uv": [4, 10.5, 4.0625, 10.65625], "texture": "#2"},
				"east": {"uv": [10.5, 4, 10.5625, 4.15625], "texture": "#2"},
				"south": {"uv": [4.25, 10.5, 4.3125, 10.65625], "texture": "#2"},
				"west": {"uv": [10.5, 4.25, 10.5625, 4.40625], "texture": "#2"},
				"up": {"uv": [10.8125, 4.3125, 10.75, 4.25], "texture": "#2"},
				"down": {"uv": [4.5625, 10.75, 4.5, 10.8125], "texture": "#2"}
			}
		},
		{
			"from": [0.248, -2.48, 3.092],
			"to": [0.928, -1.864, 3.732],
			"rotation": {"angle": 22.5, "axis": "x", "origin": [3.9, -5.2, 5.2]},
			"faces": {
				"north": {"uv": [4.5, 10.25, 4.65625, 10.40625], "texture": "#2"},
				"east": {"uv": [10.25, 4.5, 10.40625, 4.65625], "texture": "#2"},
				"south": {"uv": [4.75, 10.25, 4.90625, 10.40625], "texture": "#2"},
				"west": {"uv": [10.25, 4.75, 10.40625, 4.90625], "texture": "#2"},
				"up": {"uv": [5.15625, 10.40625, 5, 10.25], "texture": "#2"},
				"down": {"uv": [10.40625, 5, 10.25, 5.15625], "texture": "#2"}
			}
		},
		{
			"from": [-1.252, -2.78, 3.092],
			"to": [-0.572, -1.864, 3.732],
			"rotation": {"angle": 22.5, "axis": "x", "origin": [3.9, -5.2, 5.2]},
			"faces": {
				"north": {"uv": [10, 2.75, 10.15625, 2.96875], "texture": "#2"},
				"east": {"uv": [10, 3, 10.15625, 3.21875], "texture": "#2"},
				"south": {"uv": [10, 3.25, 10.15625, 3.46875], "texture": "#2"},
				"west": {"uv": [10, 3.5, 10.15625, 3.71875], "texture": "#2"},
				"up": {"uv": [10.40625, 5.40625, 10.25, 5.25], "texture": "#2"},
				"down": {"uv": [10.40625, 5.5, 10.25, 5.65625], "texture": "#2"}
			}
		},
		{
			"from": [-1.052, -3.38, 3.292],
			"to": [-0.772, -2.764, 3.532],
			"rotation": {"angle": 22.5, "axis": "x", "origin": [3.9, -5.2, 5.2]},
			"faces": {
				"north": {"uv": [4.5, 10.5, 4.5625, 10.65625], "texture": "#2"},
				"east": {"uv": [10.5, 4.5, 10.5625, 4.65625], "texture": "#2"},
				"south": {"uv": [4.75, 10.5, 4.8125, 10.65625], "texture": "#2"},
				"west": {"uv": [10.5, 4.75, 10.5625, 4.90625], "texture": "#2"},
				"up": {"uv": [10.8125, 4.5625, 10.75, 4.5], "texture": "#2"},
				"down": {"uv": [4.8125, 10.75, 4.75, 10.8125], "texture": "#2"}
			}
		},
		{
			"from": [-1.252, -2.78, 3.892],
			"to": [-0.572, -1.864, 4.532],
			"rotation": {"angle": 22.5, "axis": "x", "origin": [3.9, -5.2, 5.2]},
			"faces": {
				"north": {"uv": [10, 3.75, 10.15625, 3.96875], "texture": "#2"},
				"east": {"uv": [10, 4, 10.15625, 4.21875], "texture": "#2"},
				"south": {"uv": [10, 4.25, 10.15625, 4.46875], "texture": "#2"},
				"west": {"uv": [10, 4.5, 10.15625, 4.71875], "texture": "#2"},
				"up": {"uv": [10.40625, 5.90625, 10.25, 5.75], "texture": "#2"},
				"down": {"uv": [6.15625, 10.25, 6, 10.40625], "texture": "#2"}
			}
		},
		{
			"from": [-1.052, -3.38, 4.092],
			"to": [-0.772, -2.764, 4.332],
			"rotation": {"angle": 22.5, "axis": "x", "origin": [3.9, -5.2, 5.2]},
			"faces": {
				"north": {"uv": [5, 10.5, 5.0625, 10.65625], "texture": "#2"},
				"east": {"uv": [10.5, 5, 10.5625, 5.15625], "texture": "#2"},
				"south": {"uv": [5.25, 10.5, 5.3125, 10.65625], "texture": "#2"},
				"west": {"uv": [10.5, 5.25, 10.5625, 5.40625], "texture": "#2"},
				"up": {"uv": [10.8125, 4.8125, 10.75, 4.75], "texture": "#2"},
				"down": {"uv": [5.0625, 10.75, 5, 10.8125], "texture": "#2"}
			}
		},
		{
			"from": [-1.252, -2.78, 4.692],
			"to": [-0.572, -1.864, 5.332],
			"rotation": {"angle": 22.5, "axis": "x", "origin": [3.9, -5.2, 5.2]},
			"faces": {
				"north": {"uv": [10, 4.75, 10.15625, 4.96875], "texture": "#2"},
				"east": {"uv": [10, 5, 10.15625, 5.21875], "texture": "#2"},
				"south": {"uv": [10, 5.25, 10.15625, 5.46875], "texture": "#2"},
				"west": {"uv": [10, 5.5, 10.15625, 5.71875], "texture": "#2"},
				"up": {"uv": [10.40625, 6.15625, 10.25, 6], "texture": "#2"},
				"down": {"uv": [6.40625, 10.25, 6.25, 10.40625], "texture": "#2"}
			}
		},
		{
			"from": [-1.052, -3.38, 4.892],
			"to": [-0.772, -2.764, 5.132],
			"rotation": {"angle": 22.5, "axis": "x", "origin": [3.9, -5.2, 5.2]},
			"faces": {
				"north": {"uv": [5.5, 10.5, 5.5625, 10.65625], "texture": "#2"},
				"east": {"uv": [10.5, 5.5, 10.5625, 5.65625], "texture": "#2"},
				"south": {"uv": [5.75, 10.5, 5.8125, 10.65625], "texture": "#2"},
				"west": {"uv": [10.5, 5.75, 10.5625, 5.90625], "texture": "#2"},
				"up": {"uv": [10.8125, 5.0625, 10.75, 5], "texture": "#2"},
				"down": {"uv": [5.3125, 10.75, 5.25, 10.8125], "texture": "#2"}
			}
		},
		{
			"from": [9.372, -2.78, 4.692],
			"to": [10.052, -1.864, 5.332],
			"rotation": {"angle": 22.5, "axis": "x", "origin": [12.1, -5.2, 5.2]},
			"faces": {
				"north": {"uv": [10, 5.75, 10.15625, 5.96875], "texture": "#2"},
				"east": {"uv": [6, 10, 6.15625, 10.21875], "texture": "#2"},
				"south": {"uv": [10, 6, 10.15625, 6.21875], "texture": "#2"},
				"west": {"uv": [6.25, 10, 6.40625, 10.21875], "texture": "#2"},
				"up": {"uv": [10.40625, 6.40625, 10.25, 6.25], "texture": "#2"},
				"down": {"uv": [6.65625, 10.25, 6.5, 10.40625], "texture": "#2"}
			}
		},
		{
			"from": [9.572, -3.38, 4.892],
			"to": [9.852, -2.764, 5.132],
			"rotation": {"angle": 22.5, "axis": "x", "origin": [12.1, -5.2, 5.2]},
			"faces": {
				"north": {"uv": [6, 10.5, 6.0625, 10.65625], "texture": "#2"},
				"east": {"uv": [10.5, 6, 10.5625, 6.15625], "texture": "#2"},
				"south": {"uv": [6.25, 10.5, 6.3125, 10.65625], "texture": "#2"},
				"west": {"uv": [10.5, 6.25, 10.5625, 6.40625], "texture": "#2"},
				"up": {"uv": [10.8125, 5.3125, 10.75, 5.25], "texture": "#2"},
				"down": {"uv": [5.5625, 10.75, 5.5, 10.8125], "texture": "#2"}
			}
		},
		{
			"from": [9.372, -2.78, 3.892],
			"to": [10.052, -1.864, 4.532],
			"rotation": {"angle": 22.5, "axis": "x", "origin": [12.1, -5.2, 5.2]},
			"faces": {
				"north": {"uv": [10, 6.25, 10.15625, 6.46875], "texture": "#2"},
				"east": {"uv": [6.5, 10, 6.65625, 10.21875], "texture": "#2"},
				"south": {"uv": [10, 6.5, 10.15625, 6.71875], "texture": "#2"},
				"west": {"uv": [6.75, 10, 6.90625, 10.21875], "texture": "#2"},
				"up": {"uv": [10.40625, 6.65625, 10.25, 6.5], "texture": "#2"},
				"down": {"uv": [6.90625, 10.25, 6.75, 10.40625], "texture": "#2"}
			}
		},
		{
			"from": [9.572, -3.38, 4.092],
			"to": [9.852, -2.764, 4.332],
			"rotation": {"angle": 22.5, "axis": "x", "origin": [12.1, -5.2, 5.2]},
			"faces": {
				"north": {"uv": [6.5, 10.5, 6.5625, 10.65625], "texture": "#2"},
				"east": {"uv": [10.5, 6.5, 10.5625, 6.65625], "texture": "#2"},
				"south": {"uv": [6.75, 10.5, 6.8125, 10.65625], "texture": "#2"},
				"west": {"uv": [10.5, 6.75, 10.5625, 6.90625], "texture": "#2"},
				"up": {"uv": [10.8125, 5.5625, 10.75, 5.5], "texture": "#2"},
				"down": {"uv": [5.8125, 10.75, 5.75, 10.8125], "texture": "#2"}
			}
		},
		{
			"from": [9.572, -3.38, 3.292],
			"to": [9.852, -2.764, 3.532],
			"rotation": {"angle": 22.5, "axis": "x", "origin": [12.1, -5.2, 5.2]},
			"faces": {
				"north": {"uv": [7, 10.5, 7.0625, 10.65625], "texture": "#2"},
				"east": {"uv": [10.5, 7, 10.5625, 7.15625], "texture": "#2"},
				"south": {"uv": [7.25, 10.5, 7.3125, 10.65625], "texture": "#2"},
				"west": {"uv": [10.5, 7.25, 10.5625, 7.40625], "texture": "#2"},
				"up": {"uv": [10.8125, 5.8125, 10.75, 5.75], "texture": "#2"},
				"down": {"uv": [6.0625, 10.75, 6, 10.8125], "texture": "#2"}
			}
		},
		{
			"from": [7.872, -2.48, 3.092],
			"to": [8.552, -1.864, 3.732],
			"rotation": {"angle": 22.5, "axis": "x", "origin": [12.1, -5.2, 5.2]},
			"faces": {
				"north": {"uv": [10.25, 6.75, 10.40625, 6.90625], "texture": "#2"},
				"east": {"uv": [7, 10.25, 7.15625, 10.40625], "texture": "#2"},
				"south": {"uv": [10.25, 7, 10.40625, 7.15625], "texture": "#2"},
				"west": {"uv": [7.25, 10.25, 7.40625, 10.40625], "texture": "#2"},
				"up": {"uv": [10.40625, 7.40625, 10.25, 7.25], "texture": "#2"},
				"down": {"uv": [7.65625, 10.25, 7.5, 10.40625], "texture": "#2"}
			}
		},
		{
			"from": [8.072, -3.08, 3.292],
			"to": [8.352, -2.464, 3.532],
			"rotation": {"angle": 22.5, "axis": "x", "origin": [12.1, -5.2, 5.2]},
			"faces": {
				"north": {"uv": [7.5, 10.5, 7.5625, 10.65625], "texture": "#2"},
				"east": {"uv": [10.5, 7.5, 10.5625, 7.65625], "texture": "#2"},
				"south": {"uv": [7.75, 10.5, 7.8125, 10.65625], "texture": "#2"},
				"west": {"uv": [10.5, 7.75, 10.5625, 7.90625], "texture": "#2"},
				"up": {"uv": [10.8125, 6.0625, 10.75, 6], "texture": "#2"},
				"down": {"uv": [6.3125, 10.75, 6.25, 10.8125], "texture": "#2"}
			}
		},
		{
			"from": [9.372, -2.78, 3.092],
			"to": [10.052, -1.864, 3.732],
			"rotation": {"angle": 22.5, "axis": "x", "origin": [12.1, -5.2, 5.2]},
			"faces": {
				"north": {"uv": [10, 6.75, 10.15625, 6.96875], "texture": "#2"},
				"east": {"uv": [7, 10, 7.15625, 10.21875], "texture": "#2"},
				"south": {"uv": [10, 7, 10.15625, 7.21875], "texture": "#2"},
				"west": {"uv": [7.25, 10, 7.40625, 10.21875], "texture": "#2"},
				"up": {"uv": [10.40625, 7.65625, 10.25, 7.5], "texture": "#2"},
				"down": {"uv": [7.90625, 10.25, 7.75, 10.40625], "texture": "#2"}
			}
		},
		{
			"from": [12.972, -4.18, 8.392],
			"to": [13.652, -3.664, 9.032],
			"rotation": {"angle": 22.5, "axis": "z", "origin": [12.1, -5.2, 5.2]},
			"faces": {
				"north": {"uv": [0.5, 10.5, 0.65625, 10.625], "texture": "#2"},
				"east": {"uv": [10.5, 0.5, 10.65625, 0.625], "texture": "#2"},
				"south": {"uv": [0.75, 10.5, 0.90625, 10.625], "texture": "#2"},
				"west": {"uv": [10.5, 0.75, 10.65625, 0.875], "texture": "#2"},
				"up": {"uv": [10.40625, 7.90625, 10.25, 7.75], "texture": "#2"},
				"down": {"uv": [8.15625, 10.25, 8, 10.40625], "texture": "#2"}
			}
		},
		{
			"from": [14.472, -4.58, 8.392],
			"to": [15.152, -3.664, 9.032],
			"rotation": {"angle": 22.5, "axis": "z", "origin": [12.1, -5.2, 5.2]},
			"faces": {
				"north": {"uv": [10, 7.25, 10.15625, 7.46875], "texture": "#2"},
				"east": {"uv": [7.5, 10, 7.65625, 10.21875], "texture": "#2"},
				"south": {"uv": [10, 7.5, 10.15625, 7.71875], "texture": "#2"},
				"west": {"uv": [7.75, 10, 7.90625, 10.21875], "texture": "#2"},
				"up": {"uv": [10.40625, 8.15625, 10.25, 8], "texture": "#2"},
				"down": {"uv": [8.40625, 10.25, 8.25, 10.40625], "texture": "#2"}
			}
		},
		{
			"from": [14.672, -5.18, 8.592],
			"to": [14.952, -4.564, 8.832],
			"rotation": {"angle": 22.5, "axis": "z", "origin": [12.1, -5.2, 5.2]},
			"faces": {
				"north": {"uv": [8, 10.5, 8.0625, 10.65625], "texture": "#2"},
				"east": {"uv": [10.5, 8, 10.5625, 8.15625], "texture": "#2"},
				"south": {"uv": [8.25, 10.5, 8.3125, 10.65625], "texture": "#2"},
				"west": {"uv": [10.5, 8.25, 10.5625, 8.40625], "texture": "#2"},
				"up": {"uv": [10.8125, 6.3125, 10.75, 6.25], "texture": "#2"},
				"down": {"uv": [6.5625, 10.75, 6.5, 10.8125], "texture": "#2"}
			}
		},
		{
			"from": [14.672, -5.18, 9.392],
			"to": [14.952, -4.564, 9.632],
			"rotation": {"angle": 22.5, "axis": "z", "origin": [12.1, -5.2, 5.2]},
			"faces": {
				"north": {"uv": [8.5, 10.5, 8.5625, 10.65625], "texture": "#2"},
				"east": {"uv": [10.5, 8.5, 10.5625, 8.65625], "texture": "#2"},
				"south": {"uv": [8.75, 10.5, 8.8125, 10.65625], "texture": "#2"},
				"west": {"uv": [10.5, 8.75, 10.5625, 8.90625], "texture": "#2"},
				"up": {"uv": [10.8125, 6.5625, 10.75, 6.5], "texture": "#2"},
				"down": {"uv": [6.8125, 10.75, 6.75, 10.8125], "texture": "#2"}
			}
		},
		{
			"from": [13.172, -4.78, 8.592],
			"to": [13.452, -4.164, 8.832],
			"rotation": {"angle": 22.5, "axis": "z", "origin": [12.1, -5.2, 5.2]},
			"faces": {
				"north": {"uv": [9, 10.5, 9.0625, 10.65625], "texture": "#2"},
				"east": {"uv": [10.5, 9, 10.5625, 9.15625], "texture": "#2"},
				"south": {"uv": [9.25, 10.5, 9.3125, 10.65625], "texture": "#2"},
				"west": {"uv": [10.5, 9.25, 10.5625, 9.40625], "texture": "#2"},
				"up": {"uv": [10.8125, 6.8125, 10.75, 6.75], "texture": "#2"},
				"down": {"uv": [7.0625, 10.75, 7, 10.8125], "texture": "#2"}
			}
		},
		{
			"from": [14.472, -4.58, 9.192],
			"to": [15.152, -3.664, 9.832],
			"rotation": {"angle": 22.5, "axis": "z", "origin": [12.1, -5.2, 5.2]},
			"faces": {
				"north": {"uv": [10, 7.75, 10.15625, 7.96875], "texture": "#2"},
				"east": {"uv": [8, 10, 8.15625, 10.21875], "texture": "#2"},
				"south": {"uv": [10, 8, 10.15625, 8.21875], "texture": "#2"},
				"west": {"uv": [8.25, 10, 8.40625, 10.21875], "texture": "#2"},
				"up": {"uv": [10.40625, 8.40625, 10.25, 8.25], "texture": "#2"},
				"down": {"uv": [8.65625, 10.25, 8.5, 10.40625], "texture": "#2"}
			}
		},
		{
			"from": [14.472, -4.58, 9.992],
			"to": [15.152, -3.664, 10.632],
			"rotation": {"angle": 22.5, "axis": "z", "origin": [12.1, -5.2, 5.2]},
			"faces": {
				"north": {"uv": [10, 8.25, 10.15625, 8.46875], "texture": "#2"},
				"east": {"uv": [8.5, 10, 8.65625, 10.21875], "texture": "#2"},
				"south": {"uv": [10, 8.5, 10.15625, 8.71875], "texture": "#2"},
				"west": {"uv": [8.75, 10, 8.90625, 10.21875], "texture": "#2"},
				"up": {"uv": [10.40625, 8.65625, 10.25, 8.5], "texture": "#2"},
				"down": {"uv": [8.90625, 10.25, 8.75, 10.40625], "texture": "#2"}
			}
		},
		{
			"from": [14.672, -5.18, 10.192],
			"to": [14.952, -4.564, 10.432],
			"rotation": {"angle": 22.5, "axis": "z", "origin": [12.1, -5.2, 5.2]},
			"faces": {
				"north": {"uv": [9.5, 10.5, 9.5625, 10.65625], "texture": "#2"},
				"east": {"uv": [10.5, 9.5, 10.5625, 9.65625], "texture": "#2"},
				"south": {"uv": [9.75, 10.5, 9.8125, 10.65625], "texture": "#2"},
				"west": {"uv": [10.5, 9.75, 10.5625, 9.90625], "texture": "#2"},
				"up": {"uv": [10.8125, 7.0625, 10.75, 7], "texture": "#2"},
				"down": {"uv": [7.3125, 10.75, 7.25, 10.8125], "texture": "#2"}
			}
		},
		{
			"from": [19.072, 12.164, 10.992],
			"to": [19.752, 13.08, 11.632],
			"rotation": {"angle": -22.5, "axis": "z", "origin": [12.1, 21.2, 5.2]},
			"faces": {
				"north": {"uv": [10, 8.75, 10.15625, 8.96875], "texture": "#2"},
				"east": {"uv": [10, 9, 10.15625, 9.21875], "texture": "#2"},
				"south": {"uv": [10, 9.25, 10.15625, 9.46875], "texture": "#2"},
				"west": {"uv": [10, 9.5, 10.15625, 9.71875], "texture": "#2"},
				"up": {"uv": [10.40625, 8.90625, 10.25, 8.75], "texture": "#2"},
				"down": {"uv": [9.15625, 10.25, 9, 10.40625], "texture": "#2"}
			}
		},
		{
			"from": [19.272, 13.064, 11.192],
			"to": [19.552, 13.68, 11.432],
			"rotation": {"angle": -22.5, "axis": "z", "origin": [12.1, 21.2, 5.2]},
			"faces": {
				"north": {"uv": [10, 10.5, 10.0625, 10.65625], "texture": "#2"},
				"east": {"uv": [10.5, 10, 10.5625, 10.15625], "texture": "#2"},
				"south": {"uv": [10.25, 10.5, 10.3125, 10.65625], "texture": "#2"},
				"west": {"uv": [10.5, 10.25, 10.5625, 10.40625], "texture": "#2"},
				"up": {"uv": [10.8125, 7.3125, 10.75, 7.25], "texture": "#2"},
				"down": {"uv": [7.5625, 10.75, 7.5, 10.8125], "texture": "#2"}
			}
		},
		{
			"from": [19.272, 13.064, 11.992],
			"to": [19.552, 13.68, 12.232],
			"rotation": {"angle": -22.5, "axis": "z", "origin": [12.1, 21.2, 5.2]},
			"faces": {
				"north": {"uv": [10.5, 10.5, 10.5625, 10.65625], "texture": "#2"},
				"east": {"uv": [0, 10.75, 0.0625, 10.90625], "texture": "#2"},
				"south": {"uv": [10.75, 0, 10.8125, 0.15625], "texture": "#2"},
				"west": {"uv": [0.25, 10.75, 0.3125, 10.90625], "texture": "#2"},
				"up": {"uv": [10.8125, 7.5625, 10.75, 7.5], "texture": "#2"},
				"down": {"uv": [7.8125, 10.75, 7.75, 10.8125], "texture": "#2"}
			}
		},
		{
			"from": [17.772, 12.664, 11.192],
			"to": [18.052, 13.28, 11.432],
			"rotation": {"angle": -22.5, "axis": "z", "origin": [12.1, 21.2, 5.2]},
			"faces": {
				"north": {"uv": [10.75, 0.25, 10.8125, 0.40625], "texture": "#2"},
				"east": {"uv": [0.5, 10.75, 0.5625, 10.90625], "texture": "#2"},
				"south": {"uv": [10.75, 0.5, 10.8125, 0.65625], "texture": "#2"},
				"west": {"uv": [0.75, 10.75, 0.8125, 10.90625], "texture": "#2"},
				"up": {"uv": [10.8125, 7.8125, 10.75, 7.75], "texture": "#2"},
				"down": {"uv": [8.0625, 10.75, 8, 10.8125], "texture": "#2"}
			}
		},
		{
			"from": [19.072, 12.164, 11.792],
			"to": [19.752, 13.08, 12.432],
			"rotation": {"angle": -22.5, "axis": "z", "origin": [12.1, 21.2, 5.2]},
			"faces": {
				"north": {"uv": [10, 9.75, 10.15625, 9.96875], "texture": "#2"},
				"east": {"uv": [10, 10, 10.15625, 10.21875], "texture": "#2"},
				"south": {"uv": [10.25, 0, 10.40625, 0.21875], "texture": "#2"},
				"west": {"uv": [10.25, 0.25, 10.40625, 0.46875], "texture": "#2"},
				"up": {"uv": [10.40625, 9.15625, 10.25, 9], "texture": "#2"},
				"down": {"uv": [9.40625, 10.25, 9.25, 10.40625], "texture": "#2"}
			}
		},
		{
			"from": [19.072, 12.164, 12.592],
			"to": [19.752, 13.08, 13.232],
			"rotation": {"angle": -22.5, "axis": "z", "origin": [12.1, 21.2, 5.2]},
			"faces": {
				"north": {"uv": [0.75, 10.25, 0.90625, 10.46875], "texture": "#2"},
				"east": {"uv": [10.25, 0.75, 10.40625, 0.96875], "texture": "#2"},
				"south": {"uv": [1, 10.25, 1.15625, 10.46875], "texture": "#2"},
				"west": {"uv": [10.25, 1, 10.40625, 1.21875], "texture": "#2"},
				"up": {"uv": [10.40625, 9.40625, 10.25, 9.25], "texture": "#2"},
				"down": {"uv": [9.65625, 10.25, 9.5, 10.40625], "texture": "#2"}
			}
		},
		{
			"from": [19.272, 13.064, 12.792],
			"to": [19.552, 13.68, 13.032],
			"rotation": {"angle": -22.5, "axis": "z", "origin": [12.1, 21.2, 5.2]},
			"faces": {
				"north": {"uv": [10.75, 0.75, 10.8125, 0.90625], "texture": "#2"},
				"east": {"uv": [1, 10.75, 1.0625, 10.90625], "texture": "#2"},
				"south": {"uv": [10.75, 1, 10.8125, 1.15625], "texture": "#2"},
				"west": {"uv": [1.25, 10.75, 1.3125, 10.90625], "texture": "#2"},
				"up": {"uv": [10.8125, 8.0625, 10.75, 8], "texture": "#2"},
				"down": {"uv": [8.3125, 10.75, 8.25, 10.8125], "texture": "#2"}
			}
		},
		{
			"from": [17.572, 12.164, 10.992],
			"to": [18.252, 12.68, 11.632],
			"rotation": {"angle": -22.5, "axis": "z", "origin": [12.1, 21.2, 5.2]},
			"faces": {
				"north": {"uv": [1, 10.5, 1.15625, 10.625], "texture": "#2"},
				"east": {"uv": [10.5, 1, 10.65625, 1.125], "texture": "#2"},
				"south": {"uv": [1.25, 10.5, 1.40625, 10.625], "texture": "#2"},
				"west": {"uv": [10.5, 1.25, 10.65625, 1.375], "texture": "#2"},
				"up": {"uv": [10.40625, 9.65625, 10.25, 9.5], "texture": "#2"},
				"down": {"uv": [9.90625, 10.25, 9.75, 10.40625], "texture": "#2"}
			}
		},
		{
			"from": [-10.352, 15.864, 12.792],
			"to": [-10.072, 16.48, 13.032],
			"rotation": {"angle": 22.5, "axis": "z", "origin": [3.9, 21.2, 5.2]},
			"faces": {
				"north": {"uv": [10.75, 1.25, 10.8125, 1.40625], "texture": "#2"},
				"east": {"uv": [1.5, 10.75, 1.5625, 10.90625], "texture": "#2"},
				"south": {"uv": [10.75, 1.5, 10.8125, 1.65625], "texture": "#2"},
				"west": {"uv": [1.75, 10.75, 1.8125, 10.90625], "texture": "#2"},
				"up": {"uv": [10.8125, 8.3125, 10.75, 8.25], "texture": "#2"},
				"down": {"uv": [8.5625, 10.75, 8.5, 10.8125], "texture": "#2"}
			}
		},
		{
			"from": [-10.552, 14.964, 12.592],
			"to": [-9.872, 15.88, 13.232],
			"rotation": {"angle": 22.5, "axis": "z", "origin": [3.9, 21.2, 5.2]},
			"faces": {
				"north": {"uv": [1.25, 10.25, 1.40625, 10.46875], "texture": "#2"},
				"east": {"uv": [10.25, 1.25, 10.40625, 1.46875], "texture": "#2"},
				"south": {"uv": [1.5, 10.25, 1.65625, 10.46875], "texture": "#2"},
				"west": {"uv": [1.75, 10.25, 1.90625, 10.46875], "texture": "#2"},
				"up": {"uv": [10.40625, 9.90625, 10.25, 9.75], "texture": "#2"},
				"down": {"uv": [10.15625, 10.25, 10, 10.40625], "texture": "#2"}
			}
		},
		{
			"from": [-10.552, 14.964, 11.792],
			"to": [-9.872, 15.88, 12.432],
			"rotation": {"angle": 22.5, "axis": "z", "origin": [3.9, 21.2, 5.2]},
			"faces": {
				"north": {"uv": [2, 10.25, 2.15625, 10.46875], "texture": "#2"},
				"east": {"uv": [10.25, 2, 10.40625, 2.21875], "texture": "#2"},
				"south": {"uv": [2.25, 10.25, 2.40625, 10.46875], "texture": "#2"},
				"west": {"uv": [10.25, 2.25, 10.40625, 2.46875], "texture": "#2"},
				"up": {"uv": [10.40625, 10.15625, 10.25, 10], "texture": "#2"},
				"down": {"uv": [10.40625, 10.25, 10.25, 10.40625], "texture": "#2"}
			}
		},
		{
			"from": [-8.852, 15.364, 11.192],
			"to": [-8.572, 15.98, 11.432],
			"rotation": {"angle": 22.5, "axis": "z", "origin": [3.9, 21.2, 5.2]},
			"faces": {
				"north": {"uv": [10.75, 1.75, 10.8125, 1.90625], "texture": "#2"},
				"east": {"uv": [2, 10.75, 2.0625, 10.90625], "texture": "#2"},
				"south": {"uv": [10.75, 2, 10.8125, 2.15625], "texture": "#2"},
				"west": {"uv": [2.25, 10.75, 2.3125, 10.90625], "texture": "#2"},
				"up": {"uv": [10.8125, 8.5625, 10.75, 8.5], "texture": "#2"},
				"down": {"uv": [8.8125, 10.75, 8.75, 10.8125], "texture": "#2"}
			}
		},
		{
			"from": [-10.352, 15.864, 11.992],
			"to": [-10.072, 16.48, 12.232],
			"rotation": {"angle": 22.5, "axis": "z", "origin": [3.9, 21.2, 5.2]},
			"faces": {
				"north": {"uv": [10.75, 2.25, 10.8125, 2.40625], "texture": "#2"},
				"east": {"uv": [2.5, 10.75, 2.5625, 10.90625], "texture": "#2"},
				"south": {"uv": [10.75, 2.5, 10.8125, 2.65625], "texture": "#2"},
				"west": {"uv": [2.75, 10.75, 2.8125, 10.90625], "texture": "#2"},
				"up": {"uv": [10.8125, 8.8125, 10.75, 8.75], "texture": "#2"},
				"down": {"uv": [9.0625, 10.75, 9, 10.8125], "texture": "#2"}
			}
		},
		{
			"from": [-10.352, 15.864, 11.192],
			"to": [-10.072, 16.48, 11.432],
			"rotation": {"angle": 22.5, "axis": "z", "origin": [3.9, 21.2, 5.2]},
			"faces": {
				"north": {"uv": [10.75, 2.75, 10.8125, 2.90625], "texture": "#2"},
				"east": {"uv": [3, 10.75, 3.0625, 10.90625], "texture": "#2"},
				"south": {"uv": [10.75, 3, 10.8125, 3.15625], "texture": "#2"},
				"west": {"uv": [3.25, 10.75, 3.3125, 10.90625], "texture": "#2"},
				"up": {"uv": [10.8125, 9.0625, 10.75, 9], "texture": "#2"},
				"down": {"uv": [9.3125, 10.75, 9.25, 10.8125], "texture": "#2"}
			}
		},
		{
			"from": [-10.552, 14.964, 10.992],
			"to": [-9.872, 15.88, 11.632],
			"rotation": {"angle": 22.5, "axis": "z", "origin": [3.9, 21.2, 5.2]},
			"faces": {
				"north": {"uv": [2.5, 10.25, 2.65625, 10.46875], "texture": "#2"},
				"east": {"uv": [10.25, 2.5, 10.40625, 2.71875], "texture": "#2"},
				"south": {"uv": [2.75, 10.25, 2.90625, 10.46875], "texture": "#2"},
				"west": {"uv": [10.25, 2.75, 10.40625, 2.96875], "texture": "#2"},
				"up": {"uv": [0.15625, 10.65625, 0, 10.5], "texture": "#2"},
				"down": {"uv": [10.65625, 0, 10.5, 0.15625], "texture": "#2"}
			}
		},
		{
			"from": [-9.052, 14.964, 10.992],
			"to": [-8.372, 15.48, 11.632],
			"rotation": {"angle": 22.5, "axis": "z", "origin": [3.9, 21.2, 5.2]},
			"faces": {
				"north": {"uv": [1.5, 10.5, 1.65625, 10.625], "texture": "#2"},
				"east": {"uv": [10.5, 1.5, 10.65625, 1.625], "texture": "#2"},
				"south": {"uv": [1.75, 10.5, 1.90625, 10.625], "texture": "#2"},
				"west": {"uv": [10.5, 1.75, 10.65625, 1.875], "texture": "#2"},
				"up": {"uv": [0.40625, 10.65625, 0.25, 10.5], "texture": "#2"},
				"down": {"uv": [10.65625, 0.25, 10.5, 0.40625], "texture": "#2"}
			}
		},
		{
			"from": [-6.452, -6.88, 8.392],
			"to": [-4.272, -2.364, 10.632],
			"rotation": {"angle": -45, "axis": "z", "origin": [3.9, -5.2, 5.2]},
			"faces": {
				"north": {"uv": [4.75, 3.75, 5.28125, 4.875], "texture": "#2"},
				"east": {"uv": [3.75, 2.5, 4.3125, 3.625], "texture": "#2"},
				"south": {"uv": [5, 1.25, 5.53125, 2.375], "texture": "#2"},
				"west": {"uv": [3.25, 3.75, 3.8125, 4.875], "texture": "#2"},
				"up": {"uv": [6.53125, 9.3125, 6, 8.75], "texture": "#2"},
				"down": {"uv": [9.28125, 6, 8.75, 6.5625], "texture": "#2"}
			}
		},
		{
			"from": [12.572, -6.88, 8.392],
			"to": [14.752, -2.364, 10.632],
			"rotation": {"angle": 45, "axis": "z", "origin": [4.4, -5.2, 5.2]},
			"faces": {
				"north": {"uv": [2.75, 5, 3.28125, 6.125], "texture": "#2"},
				"east": {"uv": [4, 3.75, 4.5625, 4.875], "texture": "#2"},
				"south": {"uv": [3.5, 5, 4.03125, 6.125], "texture": "#2"},
				"west": {"uv": [0, 4.25, 0.5625, 5.375], "texture": "#2"},
				"up": {"uv": [7.28125, 9.3125, 6.75, 8.75], "texture": "#2"},
				"down": {"uv": [9.28125, 6.75, 8.75, 7.3125], "texture": "#2"}
			}
		},
		{
			"from": [12.372, -6.68, 8.392],
			"to": [14.552, -2.764, 10.632],
			"rotation": {"angle": 22.5, "axis": "z", "origin": [4.4, -5.2, 5.2]},
			"faces": {
				"north": {"uv": [7, 3, 7.53125, 3.96875], "texture": "#2"},
				"east": {"uv": [6, 0, 6.5625, 0.96875], "texture": "#2"},
				"south": {"uv": [3.75, 7, 4.28125, 7.96875], "texture": "#2"},
				"west": {"uv": [0.75, 6, 1.3125, 6.96875], "texture": "#2"},
				"up": {"uv": [8.03125, 9.3125, 7.5, 8.75], "texture": "#2"},
				"down": {"uv": [8.78125, 8.75, 8.25, 9.3125], "texture": "#2"}
			}
		},
		{
			"from": [13.772, 10.064, 10.992],
			"to": [15.952, 13.98, 13.232],
			"rotation": {"angle": -22.5, "axis": "z", "origin": [5.8, 12.5, 7.8]},
			"faces": {
				"north": {"uv": [4.5, 7, 5.03125, 7.96875], "texture": "#2"},
				"east": {"uv": [6, 2.25, 6.5625, 3.21875], "texture": "#2"},
				"south": {"uv": [7.25, 1, 7.78125, 1.96875], "texture": "#2"},
				"west": {"uv": [2.25, 6.25, 2.8125, 7.21875], "texture": "#2"},
				"up": {"uv": [1.28125, 9.5625, 0.75, 9], "texture": "#2"},
				"down": {"uv": [4.28125, 9, 3.75, 9.5625], "texture": "#2"}
			}
		},
		{
			"from": [13.972, 9.664, 10.992],
			"to": [16.152, 14.18, 13.232],
			"rotation": {"angle": -45, "axis": "z", "origin": [5.8, 12.5, 7.8]},
			"faces": {
				"north": {"uv": [4.25, 5, 4.78125, 6.125], "texture": "#2"},
				"east": {"uv": [4.5, 0, 5.0625, 1.125], "texture": "#2"},
				"south": {"uv": [5, 5, 5.53125, 6.125], "texture": "#2"},
				"west": {"uv": [2, 4.5, 2.5625, 5.625], "texture": "#2"},
				"up": {"uv": [5.03125, 9.5625, 4.5, 9], "texture": "#2"},
				"down": {"uv": [9.53125, 7.5, 9, 8.0625], "texture": "#2"}
			}
		},
		{
			"from": [-7.252, 10.064, 10.992],
			"to": [-5.072, 13.98, 13.232],
			"rotation": {"angle": 22.5, "axis": "z", "origin": [2.9, 12.5, 7.8]},
			"faces": {
				"north": {"uv": [2.25, 7.25, 2.78125, 8.21875], "texture": "#2"},
				"east": {"uv": [3, 6.25, 3.5625, 7.21875], "texture": "#2"},
				"south": {"uv": [3, 7.25, 3.53125, 8.21875], "texture": "#2"},
				"west": {"uv": [6.25, 3.25, 6.8125, 4.21875], "texture": "#2"},
				"up": {"uv": [9.53125, 8.8125, 9, 8.25], "texture": "#2"},
				"down": {"uv": [9.53125, 9, 9, 9.5625], "texture": "#2"}
			}
		},
		{
			"from": [-7.452, 9.664, 10.992],
			"to": [-5.272, 14.18, 13.232],
			"rotation": {"angle": 45, "axis": "z", "origin": [2.9, 12.5, 7.8]},
			"faces": {
				"north": {"uv": [5.25, 0, 5.78125, 1.125], "texture": "#2"},
				"east": {"uv": [4.5, 2.5, 5.0625, 3.625], "texture": "#2"},
				"south": {"uv": [5.25, 2.5, 5.78125, 3.625], "texture": "#2"},
				"west": {"uv": [0.75, 4.75, 1.3125, 5.875], "texture": "#2"},
				"up": {"uv": [0.53125, 9.8125, 0, 9.25], "texture": "#2"},
				"down": {"uv": [9.78125, 0, 9.25, 0.5625], "texture": "#2"}
			}
		},
		{
			"from": [2.072, -4.984, 1.3],
			"to": [4.312, -2.772, 5.12],
			"rotation": {"angle": -22.5, "axis": "x", "origin": [0, 0, 2.8]},
			"faces": {
				"north": {"uv": [8, 7, 8.5625, 7.5625], "texture": "#2"},
				"east": {"uv": [3.75, 6.25, 4.71875, 6.8125], "texture": "#2"},
				"south": {"uv": [7.25, 8, 7.8125, 8.5625], "texture": "#2"},
				"west": {"uv": [4.75, 6.25, 5.71875, 6.8125], "texture": "#2"},
				"up": {"uv": [0.5625, 7.46875, 0, 6.5], "texture": "#2"},
				"down": {"uv": [7.0625, 1, 6.5, 1.96875], "texture": "#2"}
			}
		},
		{
			"from": [4.312, -4.1, 6.392],
			"to": [6.552, -0.18, 8.504],
			"rotation": {"angle": 22.5, "axis": "x", "origin": [0, 0, 2.8]},
			"faces": {
				"north": {"uv": [6.5, 4.25, 7.0625, 5.21875], "texture": "#2"},
				"east": {"uv": [7.25, 4, 7.78125, 4.96875], "texture": "#2"},
				"south": {"uv": [6.5, 5.25, 7.0625, 6.21875], "texture": "#2"},
				"west": {"uv": [7.25, 5, 7.78125, 5.96875], "texture": "#2"},
				"up": {"uv": [9.8125, 2.28125, 9.25, 1.75], "texture": "#2"},
				"down": {"uv": [9.8125, 2.5, 9.25, 3.03125], "texture": "#2"}
			}
		},
		{
			"from": [2.072, -8.26, 0.76],
			"to": [4.312, -4.956, 2.872],
			"rotation": {"angle": -22.5, "axis": "x", "origin": [0, 0, 2.8]},
			"faces": {
				"north": {"uv": [5.25, 7.75, 5.8125, 8.5625], "texture": "#2"},
				"east": {"uv": [8, 4, 8.53125, 4.8125], "texture": "#2"},
				"south": {"uv": [0.75, 8, 1.3125, 8.8125], "texture": "#2"},
				"west": {"uv": [4.5, 8, 5.03125, 8.8125], "texture": "#2"},
				"up": {"uv": [10.0625, 1.28125, 9.5, 0.75], "texture": "#2"},
				"down": {"uv": [2.0625, 9.5, 1.5, 10.03125], "texture": "#2"}
			}
		},
		{
			"from": [4.312, -9.304, 4.492],
			"to": [6.552, -6, 6.604],
			"rotation": {"angle": 0, "axis": "y", "origin": [0, 0, 2.8]},
			"faces": {
				"north": {"uv": [8, 1, 8.5625, 1.8125], "texture": "#2"},
				"east": {"uv": [8, 5, 8.53125, 5.8125], "texture": "#2"},
				"south": {"uv": [3.75, 8, 4.3125, 8.8125], "texture": "#2"},
				"west": {"uv": [8, 6, 8.53125, 6.8125], "texture": "#2"},
				"up": {"uv": [2.8125, 10.03125, 2.25, 9.5], "texture": "#2"},
				"down": {"uv": [3.5625, 9.5, 3, 10.03125], "texture": "#2"}
			}
		}
	],
	"display": {
		"thirdperson_righthand": {
			"rotation": [14.25, 0, 0],
			"translation": [1.25, 6.25, 3.25],
			"scale": [0.37695, 0.37695, 0.37695]
		},
		"thirdperson_lefthand": {
			"rotation": [61.5, 0, 0],
			"translation": [2, 2.5, 19],
			"scale": [0.37695, 0.37695, 0.37695]
		},
		"firstperson_righthand": {
			"rotation": [14.25, 0, 0],
			"translation": [1.25, 6.25, 3.25],
			"scale": [0.37695, 0.37695, 0.37695]
		},
		"firstperson_lefthand": {
			"rotation": [14.25, 0, 0],
			"translation": [-2.25, 6.25, 3.25],
			"scale": [0.37695, 0.37695, 0.37695]
		},
		"ground": {
			"rotation": [14.25, 0, 0],
			"translation": [1.25, 3.5, 0.5],
			"scale": [0.37695, 0.37695, 0.37695]
		},
		"gui": {
			"rotation": [-180, -2.75, -180],
			"translation": [-3.25, 7.25, 0]
		},
		"head": {
			"rotation": [0, -1.5, 0],
			"translation": [11.75, 27.25, 20],
			"scale": [3.02344, 3.02344, 3.02344]
		},
		"fixed": {
			"rotation": [0, 1.5, 0],
			"translation": [4, 7.25, -0.5],
			"scale": [1, 1, 0]
		}
	},
	"groups": [
		{
			"name": "group",
			"origin": [0, 0, 0],
			"color": 0,
			"children": [
				0,
				{
					"name": "group",
					"origin": [8.7, 0, 2.8],
					"color": 0,
					"children": [1, 2, 3, 4, 5, 6, 7, 8, 9, 10, 11, 12]
				},
				{
					"name": "group",
					"origin": [0, 0, 2.8],
					"color": 0,
					"children": []
				},
				13,
				14,
				15,
				16,
				17,
				18,
				19,
				20,
				21,
				22,
				23,
				24,
				25,
				26,
				27,
				28,
				29,
				30,
				31,
				32,
				33,
				34,
				35,
				36,
				37,
				38,
				39,
				40,
				41,
				42,
				43,
				44,
				45,
				46,
				47,
				48,
				49,
				50,
				51,
				52,
				53,
				54,
				55,
				56,
				57,
				58,
				59,
				60,
				61,
				62,
				63,
				64,
				65,
				66,
				67,
				68,
				69,
				70,
				71,
				72,
				73,
				{
					"name": "group",
					"origin": [4.5, -4.6, 5.2],
					"color": 0,
					"children": []
				},
				74,
				75,
				76,
				77
			]
		}
	]
}